candidate_id,disease_slug,pdf_filename,pdf_page,category_machine_suggested,topic_anchor_hits,risk_flags,review_state,source_quote
P006-009,osteoartritis,006_Tata_Laksana_Osteoartritis_Pedoman_Nasional_Pelayanan_Klinis_PNPK.pdf,32,symptoms,0,TOPIC_ALIGNMENT_UNCONFIRMED;SYMPTOM_VS_TREATMENT_MIXTURE,NOT_CLINICALLY_VERIFIED,"terdapat ketidaksesuaian antara gejala klinis dan temuan radiografi, kecurigaan diagnosisKESEHATANbanding atau komplikasi, seperti fraktur insufisiensi subkondral, osteonekrosis, infeksi, atau tumor, evaluasi struktur jaringan lunak intraartikular tertentu bila diperlukan untuk perencanaan terapi"
P006-010,osteoartritis,006_Tata_Laksana_Osteoartritis_Pedoman_Nasional_Pelayanan_Klinis_PNPK.pdf,32,symptoms,0,TOPIC_ALIGNMENT_UNCONFIRMED;SYMPTOM_VS_TREATMENT_MIXTURE,NOT_CLINICALLY_VERIFIED,MRI MRI dapat dipertimbangkan secara selektif bila terdapat ketidaksesuaian gejala klinis dengan radiografi atau untuk mengetahui derajat luas dan kedalaman serta kerusakan kartilago yang bertujuan diagnosis dan terapi regenerative medicine
P016-007,pneumonia-pada-dewasa,016_PNPK_2023_Tata_Laksana_Pneumonia_Pada_Dewasa.pdf,24,symptoms,0,TOPIC_ALIGNMENT_UNCONFIRMED;SYMPTOM_VS_TREATMENT_MIXTURE,NOT_CLINICALLY_VERIFIED,"Anamnesis, pemeriksaan fisis, radiologi, darah rutin Tidak tampak Infiltrat/opasitas/konsolidasi / air bronchogram + gejala klinis infiltrate/opasitas/konsolidasi / yang menyokong diagnosis air bronchogram Ditatalaksana sebagai Dievaluasi Tentukan nilai skor CURB-65/PSI diagnosis lain lebih lanjut Rawat jalan Rawat inap Pemeriksaan Terapi empiris Mikrobiologi Membaik Memburuk R.Rawat Biasa R.Rawat Intensif Terapi empiris Terapi empiris Memba"
P036-012,hemofilia,036_PNPK_2021_Tata_Laksana_Hemofilia.pdf,64,symptoms,0,TOPIC_ALIGNMENT_UNCONFIRMED;SYMPTOM_VS_TREATMENT_MIXTURE,NOT_CLINICALLY_VERIFIED,Perdarahan jaringan lunak (hematoma) 1) Gejala yang timbul bergantung pada lokasi perdarahan. Pemberian faktor pembekuan tidak selalu diperlukan. Prinsip RICE dapat diterapkan dan terbukti bermanfaat; dan 2) Evaluasi derajat perdarahan dan kemungkinan adanya perdarahan yang bersifat mengancam nyawa atau perdarahan pada organ vital lain. Perdarahan pada kompa
P054-006,osteosarkoma,054_PNPK_2019_Tata_Laksana_Osteosarkoma.pdf,30,diagnosis,0,TOPIC_ALIGNMENT_UNCONFIRMED;METHODOLOGY_OR_ADMINISTRATIVE_MIXTURE,NOT_CLINICALLY_VERIFIED,") Fat free mass index (FFMI) <15 kg/m2 untuk perempuan atau FFMI <17 kg/m2 untuk lelaki Selain diagnosis malnutrisi, dapat ditegakkan diagnosis kakeksia apabila tersedia sarana dan prasarana yang memungkinkan"
P057-013,kanker-nasofaring,057_PNPK_2019_Tata_Laksana_Kanker_Nasofaring.pdf,25,symptoms,0,TOPIC_ALIGNMENT_UNCONFIRMED;SYMPTOM_VS_TREATMENT_MIXTURE,NOT_CLINICALLY_VERIFIED,"(Rekomendasi A) Obat-obatan simptomatik Keluhan yang biasa timbul saat sedang menjalani terapi radiasi terutama adalah akibat reaksi akut pada mukosa mulut, berupa nyeri untuk mengunyah dan menelan"
P070-008,kanker-serviks,070_PNPK_2018_Tata_Laksana_Kanker_Serviks.pdf,26,diagnosis,0,TOPIC_ALIGNMENT_UNCONFIRMED;METHODOLOGY_OR_ADMINISTRATIVE_MIXTURE,NOT_CLINICALLY_VERIFIED,"Selain diagnosis malnutrisi, dapat ditegakkan diagnosis kaheksia apabila tersedia sarana dan prasarana yang memungkinkan"
P072-014,kanker-prostat,072_PNPK_2018_Tata_Laksana_Kanker_Prostat.pdf,67,symptoms,0,TOPIC_ALIGNMENT_UNCONFIRMED;SYMPTOM_VS_TREATMENT_MIXTURE,NOT_CLINICALLY_VERIFIED,"Terapi ini bersifat holistik, mengontrol gejala yang timbul baik itu secara fisik, psikologis, sosial, spiritual dan melibatkan keluarga terdekat penderita. 1"
P073-010,kanker-kolorektal,073_PNPK_2018_Tata_Laksana_Kanker_Kolorektal.pdf,99,diagnosis,0,TOPIC_ALIGNMENT_UNCONFIRMED;METHODOLOGY_OR_ADMINISTRATIVE_MIXTURE,NOT_CLINICALLY_VERIFIED,"Selain diagnosis malnutrisi, dapat ditegakkan diagnosis kaheksia apabila tersedia sarana dan prasarana"
P076-013,epilepsi-pada-anak,076_PNPK_2017_Tata_Laksana_Epilepsi_Pada_Anak.pdf,49,symptoms,0,TOPIC_ALIGNMENT_UNCONFIRMED;SYMPTOM_VS_TREATMENT_MIXTURE,NOT_CLINICALLY_VERIFIED,"Definisi konvensional status epileptikus konvulsif adalah aktivitas epileptik yang berlangsung selama 30 menit dengan berbagai macam gejala klinis. Tata laksana dini sebelum perawatan RS mengurangi lama kejang dan pemakaian obat kejang (peringkat bukti 1, derajat rekomendasi A). 2. Kejang Lama atau Berulang Tata laksana kejang lama dan berulang sama saja. Diazepam rektal efektif untuk memberantas kejang lama/berulang, tetapi mempunyai hambat"
P077-008,infeksi-intraabdominal,077_PNPK_2017_Tata_Laksana_Infeksi_Intraabdominal.pdf,14,symptoms,0,TOPIC_ALIGNMENT_UNCONFIRMED;SYMPTOM_VS_TREATMENT_MIXTURE,NOT_CLINICALLY_VERIFIED,"Namun pada pasien lansia atau dalam terapi immunosupresif,tanda-tanda dan gejala sepsis tampak minimal. Derajat sepsis menentukan cakupan pemeriksaan laboratorium yang diperlukan. Sepsis tanpa disfungsi organ dan penyakit penyerta hanya memerlukan pemeriksaan laboratorium darah rutin. Pemeriksaan laboratorium darah rutin meliputi: 1. Jumlah Sel Jumlah sel darah putih dengan pemerik"
P001-005,sarkopenia,001_PNPK_2024_Tata_Laksana_Sarkopenia.pdf,6,definition,1,DEFINITION_SEMANTICS_UNCERTAIN,NOT_CLINICALLY_VERIFIED,"sarkopenia. Salah satu tujuan utama pembentukan panduan ini adalah untuk menampilkan dan menyusun secara ringkas data sarkopenia yang telah banyak dilakukan pada populasi lokal dan membuat rekomendasi-rekomendasi berbasiskan bukti, yang dapat diadopsi oleh para klinisi dan tenaga kesehatan lainnya dalam melakukan penem"
P002-001,karies-gigi,002_PNPK_2024_Tata_Laksana_Karies_Gigi.pdf,6,definition,2,DEFINITION_SEMANTICS_UNCERTAIN,NOT_CLINICALLY_VERIFIED,"ndonesia yang bebas dari masalah karies gigi. Pembuangan jaringan karies dan penambalan gigi (restorasi gigi) merupakan perawatan baku pada kasus karies gigi. Sesuai dengan perkembangan ilmu dan teknologi, telah terjadi perubahan paradigma pada identifikasi dan penatalaksanaan karies gigi. Sebelumnya, prinsip preparasi kavitas didesain untuk mendapatk"
P002-010,karies-gigi,002_PNPK_2024_Tata_Laksana_Karies_Gigi.pdf,29,symptoms,1,SYMPTOM_VS_TREATMENT_MIXTURE,NOT_CLINICALLY_VERIFIED,"Skrining Tata laksana karies dimulai sejak ditemukan gejala klinis awal karies, sehingga dapat dilakukan tata laksana sedini mungkin"
P004-001,akupunktur-medik,004_PNPK_2024_Tata_Laksana_Akupunktur_Medik.pdf,7,definition,2,DEFINITION_SEMANTICS_UNCERTAIN,NOT_CLINICALLY_VERIFIED,"akupunktur medik. Kata kunci digunakan dalam penelusuran adalah: acupuncture, medical Acupuncture, Electroacupuncture, Laser Acupuncture, Pharmacopuncture, Thread Embedding Acupuncture, Sonopuncture, Acupressure, Frozen shoulder, Low back pain, Tennis elbow, Trigger finger, Cervical syndrome, Osteoarthritis genu, Carpa"
P004-002,akupunktur-medik,004_PNPK_2024_Tata_Laksana_Akupunktur_Medik.pdf,14,definition,2,DEFINITION_SEMANTICS_UNCERTAIN,NOT_CLINICALLY_VERIFIED,"Dalam ilmu akupunktur, titik trigger disebut juga sebagai ashi point. C. Modalitas dan Prosedur Akupunktur Medik 1. Akupunktur Manual a. Definisi Manual akupunktur merupakan suatu metode terapi dengan tujuan melakukan perangsangan titik akupunktur menggunakanKEMENTERIAN jarum filiformis. b. Kontraindikasi 1) Kontraindikasi absolu"
P004-007,akupunktur-medik,004_PNPK_2024_Tata_Laksana_Akupunktur_Medik.pdf,129,symptoms,2,SYMPTOM_VS_TREATMENT_MIXTURE,NOT_CLINICALLY_VERIFIED,gejala klinis. Diagnosis Kerja : Hipertensi Diagnosis : Collagen vascular disease. Banding Diffuse alveolar hemorrhage. Pulmonary renal syndromes. Neurofibromatosis. Sleep apnea. Tatalaksana Akupunktur Medik Tujuan terapi : Menurunkan TD sistolik dan diastolik 5-10mmHg dalam KESEHATAN 1 hari - 1 minggu Metode : Akupunk
P004-008,akupunktur-medik,004_PNPK_2024_Tata_Laksana_Akupunktur_Medik.pdf,137,symptoms,2,SYMPTOM_VS_TREATMENT_MIXTURE,NOT_CLINICALLY_VERIFIED,"● karsinoma kolorektum, penyakit divertikel, polip dan Banding kolitis ulserosa, karena memiliki manifestasi klinis yang sama dengan gejala yang paling sering terjadi di kasus hemoroid yaitu pendarahan pada rektum Tatalaksana Akupunktur Medik Tujuan terapi : 1"
P004-013,akupunktur-medik,004_PNPK_2024_Tata_Laksana_Akupunktur_Medik.pdf,261,symptoms,2,SYMPTOM_VS_TREATMENT_MIXTURE,NOT_CLINICALLY_VERIFIED,Disesuaikan dengan keluhan yang dialami pasien untuk Penunjang membuktikan apakah terdapat kelainan organik yang dapat menjelaskan keluhan pasien Kriteria Diagnosis : Sesuai dengan PPDGJ III Diagnosis Kerja : Gangguan KESEHATANsomatoform Diagnosis : Penyakit lain yang menimbulkan gejala serupa dengan Banding yang dialami pasien Tatalaksana Akupunktur Medik Tujuan terapi : 1
P004-014,akupunktur-medik,004_PNPK_2024_Tata_Laksana_Akupunktur_Medik.pdf,275,symptoms,2,SYMPTOM_VS_TREATMENT_MIXTURE,NOT_CLINICALLY_VERIFIED,"Berdasarkan anamnesis, riwayat penyakit dan gejala klinis yang timbul Diagnosis Kerja : Chemotherapy Induced Peripheral Neuropathy Diagnosis : ● Diabetic neuropathy Banding ● Radiculopathy TatalaksanaKEMENTERIAN Akupunktur Medik Tujuan terapi : 1"
P005-001,pneumonia,005_Pedoman_Nasional_Pelayanan_Klinis_Penanganan_Pneumonia.pdf,5,definition,1,DEFINITION_SEMANTICS_UNCERTAIN,NOT_CLINICALLY_VERIFIED,"Berdasarkan kelompok umur, prevalensi pneumonia tertinggi pada kelompok usia 65-74 tahun sebesar 0,86%. Berdasarkan data statistik JKN 2014-2018, pneumonia merupakan salah satu dari sepuluh kasus rawat inap terbanyak"
P005-002,pneumonia,005_Pedoman_Nasional_Pelayanan_Klinis_Penanganan_Pneumonia.pdf,5,definition,1,DEFINITION_SEMANTICS_UNCERTAIN,NOT_CLINICALLY_VERIFIED,"Pada tahun 2018, kasus pneumonia berdasarkan diagnosis primer pada rawat inap dengan kode diagnosis primer ICD X J180 dan J189 adalah 271,496 admisi, dengan total biaya klaim pada kode INA-CBGs J-4-16-I yaitu pneumonia ringan & whooping cough ringan senilai sekitar Rp769.000.000.000 (tujuh ratus enam puluh sembilan miliar rupiah)"
P006-001,osteoartritis,006_Tata_Laksana_Osteoartritis_Pedoman_Nasional_Pelayanan_Klinis_PNPK.pdf,5,definition,1,DEFINITION_SEMANTICS_UNCERTAIN,NOT_CLINICALLY_VERIFIED,"Prevalensi osteoartritis meningkat karena populasi semakin menua dan disertai juga dengan peningkatan terkait faktor-faktor risiko osteoartritis, seperti obesitas. Dalam beberapa dekade, kasus osteoartritis terus meningkat sebanyak 14.8% pada populasi usia di atas KESEHATAN 30 tahun. Kasus osteoartritis sangat berhubungan dengan penuaan dan populasi negara-negara di Asia termasuk mengalami penuaan dengan cepat. Osteoartritis lutut adalah sua"
P006-003,osteoartritis,006_Tata_Laksana_Osteoartritis_Pedoman_Nasional_Pelayanan_Klinis_PNPK.pdf,11,symptoms,0,TOPIC_ALIGNMENT_UNCONFIRMED,NOT_CLINICALLY_VERIFIED,"Gejala klinis yang khas adalah rasa KESEHATAN sakit, terutama setelah aktivitas dan beban berat yang berkepanjangan, sedangkan kekakuan dialami setelah sendi tidak digerakkan secara aktif"
P006-004,osteoartritis,006_Tata_Laksana_Osteoartritis_Pedoman_Nasional_Pelayanan_Klinis_PNPK.pdf,22,diagnosis,0,TOPIC_ALIGNMENT_UNCONFIRMED,NOT_CLINICALLY_VERIFIED,Kriteria Diagnosis Kriteria diagnosis mengacu pada American College of Rheumatology (ACR) dan European League Against Rheumatism (EULAR) a
P006-006,osteoartritis,006_Tata_Laksana_Osteoartritis_Pedoman_Nasional_Pelayanan_Klinis_PNPK.pdf,23,diagnosis,0,TOPIC_ALIGNMENT_UNCONFIRMED,NOT_CLINICALLY_VERIFIED,Klasifikasi Diagnosis OA Panggul Klasifikasi Diagnosis OA Panggul Berdasarkan ACR (1991) Berdasarkan klinis dan laboratorium 1
P006-007,osteoartritis,006_Tata_Laksana_Osteoartritis_Pedoman_Nasional_Pelayanan_Klinis_PNPK.pdf,23,diagnosis,0,TOPIC_ALIGNMENT_UNCONFIRMED,NOT_CLINICALLY_VERIFIED,Klasifikasi Diagnosis OA Sendi Tangan Klasifikasi Diagnosis OA Sendi Klasifikasi Diagnosis OA Sendi Tangan Berdasarkan ACR (1990) Tangan Berdasarkan EULAR (2009)KEMENTERIAN
P006-011,osteoartritis,006_Tata_Laksana_Osteoartritis_Pedoman_Nasional_Pelayanan_Klinis_PNPK.pdf,46,investigation,0,TOPIC_ALIGNMENT_UNCONFIRMED,NOT_CLINICALLY_VERIFIED,"Dalam penegakan diagnosis memerlukan anamnesis, pemeriksaan fisik, pemeriksaan laboratorium dan pencitraan. Tata laksana septik artritis harus dilakukan secara multidisiplin. Kasus dengan penegakan diagnosis yang cepat"
P006-012,osteoartritis,006_Tata_Laksana_Osteoartritis_Pedoman_Nasional_Pelayanan_Klinis_PNPK.pdf,102,symptoms,1,SYMPTOM_VS_TREATMENT_MIXTURE,NOT_CLINICALLY_VERIFIED,"a) Pasien osteoartritis dengan gejala klinis yang berat (nyeri, kaku sendi, sendi sulit digerakkan, dan penurunan fungsi) sehingga mengganggu aktivitas sehari-hari dan memengaruhi kualitasKEMENTERIANhidup pasien b) Pasien osteoartritis dengan gejala yang menetap dan progresif terhadap terapi farmakologi"
P007-001,obesitas-dewasa,007_PEDOMAN_NASIONAL_PELAYANAN_KLINIS_TATA_LAKSANA_OBESITAS_DEWASA.pdf,6,definition,1,DEFINITION_SEMANTICS_UNCERTAIN,NOT_CLINICALLY_VERIFIED,"Walaupun besaran masalah obesitas sangat besar, kriteria penentuan obesitas cukup beragam. WHO mengklasifikasikan IMT untuk Asia Pasifik adalah ≥23 kg/m2 untuk BB lebih dan ≥25 kg/m2 untuk obesitas, serta lingkar pinggang (Waist Circumference) >90 cm laki laki, dan >80 cm perempuan. Berdasarkan World Obesity Atlas (2022), Indonesia menempati u"
P007-009,obesitas-dewasa,007_PEDOMAN_NASIONAL_PELAYANAN_KLINIS_TATA_LAKSANA_OBESITAS_DEWASA.pdf,26,symptoms,0,TOPIC_ALIGNMENT_UNCONFIRMED,NOT_CLINICALLY_VERIFIED,"gejala yang tidak berhubungan Treadmill · Pengujian kemampuan dengan CVD fungsional · Iradiasi, keterbatasan teknis karena ukuran tubuh SPECT Tersedia, presisi yang baik · Atenuasi sisa yang tidak dikoreksi KEMENTERIAN"
P007-011,obesitas-dewasa,007_PEDOMAN_NASIONAL_PELAYANAN_KLINIS_TATA_LAKSANA_OBESITAS_DEWASA.pdf,34,definition,2,DEFINITION_SEMANTICS_UNCERTAIN,NOT_CLINICALLY_VERIFIED,2) Pola aktivitas fisik dan latihan fisik yang dianjurkan untuk dewasa yang obesitas adalah dengan meningkatkan aktivitas fisik harian dan melakukan latihan fisik yang sesuai anjuran
P008-001,leukemia-limfoblastik-akut-pada-anak,008_PEDOMAN_NASIONAL_PELAYANAN_KLINIS_TATA_LAKSANA_LEUKEMIA_LIMFOBLASTIK_AKUT_PADA_ANAK.pdf,8,diagnosis,4,METHODOLOGY_OR_ADMINISTRATIVE_MIXTURE,NOT_CLINICALLY_VERIFIED,Apa saja pemeriksaan yang diperlukan untuk menegakkan diagnosis leukemia limfoblastik akut (LLA) pada anak secara akurat dan sesuai standar? 2
P008-008,leukemia-limfoblastik-akut-pada-anak,008_PEDOMAN_NASIONAL_PELAYANAN_KLINIS_TATA_LAKSANA_LEUKEMIA_LIMFOBLASTIK_AKUT_PADA_ANAK.pdf,35,symptoms,1,SYMPTOM_VS_TREATMENT_MIXTURE,NOT_CLINICALLY_VERIFIED,"3) Obat penunjang lain seperti antiemetik atau analgesik ringan dapat dipertimbangkan bila dibutuhkan dan tidak mengaburkan gejala utama. b. Tata laksana non farmakologis 1) Diet: Anjurkan asupan gizi seimbang dengan makanan matang, hindari makanan mentah (risiko infeksi), dan cukup cairan. 2) Aktivitas fisik: Batasi aktivitas berat; tetap berikan ruangKEMENTERIAN untuk aktivitas ringan sesuai toleransi anak. Edukasi keluarga mengenai tanda"
P009-001,skizofrenia,009_PEDOMAN_NASIONAL_PELAYANAN_KLINIS_TATA_LAKSANA_SKIZOFRENIA.pdf,8,diagnosis,1,METHODOLOGY_OR_ADMINISTRATIVE_MIXTURE,NOT_CLINICALLY_VERIFIED,Pertanyaan Klinis Utama Bagaimana diagnosis dan tata laksana terbaik skizofrenia berdasarkan bukti ilmiah? B
P009-010,skizofrenia,009_PEDOMAN_NASIONAL_PELAYANAN_KLINIS_TATA_LAKSANA_SKIZOFRENIA.pdf,20,symptoms,0,TOPIC_ALIGNMENT_UNCONFIRMED,NOT_CLINICALLY_VERIFIED,"gejala yang berkepanjangan dan peningkatan disabilitas. Periode ini disebut 'prodromal' secara retrospeksi, dan 'keadaan mental berisiko sangat tinggi' atau 'keadaan mental berisiko' secara prospektif. Tahap pra-psikotik atau prodromal ini berkaitan dengan bukti perubahan struktur otak, mungkin cerminan proses neurobio"
P009-012,skizofrenia,009_PEDOMAN_NASIONAL_PELAYANAN_KLINIS_TATA_LAKSANA_SKIZOFRENIA.pdf,31,investigation,0,TOPIC_ALIGNMENT_UNCONFIRMED,NOT_CLINICALLY_VERIFIED,"Pemeriksaan laboratorium, pencitraan, elektrokardiografi (EKG), atau studi klinis lainnya (jika diindikasikan) 8) Berkolaborasi dengan dokter yang merawat lainnya (termasuk penyediaan perawatan terpadu) untuk menghindari fragmentasi upaya dan memastikan bahwa KESEHATAN gangguan penggunaan Narkotika, Psikotropika, dan Zat Adiktif lain (NAPZA) dan masalah kesehatan fisik yang terjadi bersamaan, dan terkelola"
P011-002,tatalaksana-ulkus-kornea-bakteri,011_PEDOMAN_NASIONAL_PELAYANAN_KLINIS_TATALAKSANA_ULKUS_KORNEA_BAKTERI.pdf,8,definition,4,DEFINITION_SEMANTICS_UNCERTAIN,NOT_CLINICALLY_VERIFIED,tatalaksana yang telah diadaptasi. Berikut adalah daftar pertanyaan mengenai ulkus kornea bakteri: 1. Berapa angka kebutaan ulkus kornea? 2. Berapa angka insidens ulkus kornea yang disebabkan oleh bakteri? 3. Berapa persentase faktor risiko diabetes melitus pada penderita ulkus kornea bakteri? 4. Berapa persentase fakt
P012-005,infeksi-saluran-kemih,012_PEDOMAN_NASIONAL_PELAYANAN_KLINIS_TATA_LAKSANA_INFEKSI_SALURAN_KEMIH.pdf,10,symptoms,2,SYMPTOM_VS_TREATMENT_MIXTURE,NOT_CLINICALLY_VERIFIED,"Ada dan tidak adanya gejala klinis KESEHATAN c. Faktor Risiko yang mendasari Analisis faktor risiko berperan untuk mendefinisikan terapi tambahan yang diperlukan (misalnya operasi insisi drainase). Gejala klinis dikelompokkan berdasarkan level anatomis infeksi, adalah : a. Uretra: Uretritis (UR) b. Kandung kemih : Sistitis (CY) c. Ginjal"
P012-008,infeksi-saluran-kemih,012_PEDOMAN_NASIONAL_PELAYANAN_KLINIS_TATA_LAKSANA_INFEKSI_SALURAN_KEMIH.pdf,80,symptoms,3,SYMPTOM_VS_TREATMENT_MIXTURE,NOT_CLINICALLY_VERIFIED,"Tabel Rekomendasi 20 untuk Diagnostik dan Tata laksana ISK pada Anak Rekomendasi Tingkat kekuatan Mencatat riwayat kesehatan, menilai tanda dan gejala klinis serta Kuat melakukan pemeriksaan fisik untuk mendiagnosis anak yang diduga mengalami infeksi saluran kemih (ISK)"
P013-008,sirosis-hati-pada-dewasa,013_PEDOMAN_NASIONAL_PELAYANAN_KLINIS_TATA_LAKSANA_SIROSIS_HATI_PADA_DEWASA.pdf,48,symptoms,1,SYMPTOM_VS_TREATMENT_MIXTURE,NOT_CLINICALLY_VERIFIED,"Uji acak terkontrol memperlihatkan tolvaptan lebih efektif dibandingkan plasebo dalam mengatasi gejala klinis terkait asites. Kendatipun demikian, efektivitas tolvaptan menurun seiring dengan penghentian obat, sedangkan Food and Drug Administration (FDA) menetapkan pemberian tolvaptan tidak lebih dari 30 hari. FDA juga tidak merekomendasikan penggunaan vaptan padaKEMENTERIAN pasien dengan penyakit hati kronik kar"
P014-001,perdarahan-saluran-cerna,014_PNPK_2023_Tata_Laksana_Perdarahan_Saluran_Cerna.pdf,5,definition,3,DEFINITION_SEMANTICS_UNCERTAIN,NOT_CLINICALLY_VERIFIED,"PERDARAHAN SALURAN CERNA BAB I PENDAHULUAN A. Latar Belakang Perdarahan saluran cerna merupakan salah satu masalah emergensi di bidang gastroenterologi. Pendarahan saluran cerna adalah istilah yang digunakan untuk setiap pendarahan yang terjadi di dalam saluran cerna, dari mulut hingga ke anus, dan menujukkan gejala at"
P014-002,perdarahan-saluran-cerna,014_PNPK_2023_Tata_Laksana_Perdarahan_Saluran_Cerna.pdf,5,definition,3,DEFINITION_SEMANTICS_UNCERTAIN,NOT_CLINICALLY_VERIFIED,"Berdasarkan letaknya, perdarahan saluran cerna dapat berasal dari bagian atas dan bagian bawah. Ligamentum Treitz digunakan sebagai titik untuk membedakan keduanya. Perdarahan proksimal ligamen adalah perdarahan saluran cerna atas (PSCA) dan perdarahan distal adalah perdarahan saluran cerna bawah (PSCB). Perdarahan saluran cerna merupakan masalah medi"
P015-002,osteoporosis,015_PNPK_2023_Tata_Laksana_Osteoporosis.pdf,5,definition,1,DEFINITION_SEMANTICS_UNCERTAIN,NOT_CLINICALLY_VERIFIED,"Di Indonesia, Osteoporosis dikenal dengan sebutan keropos tulang. Osteoporosis saat ini merupakan salah satu masalah kesehatan yang besar di dunia, hal ini karena prevalensi yang semakin meningkat seiring dengan meningkatnya populasi penduduk lanjut usia. Di seluruh dunia, diperkirakan lebih dari 200 juta orang mengalami Osteoporosi"
P015-006,osteoporosis,015_PNPK_2023_Tata_Laksana_Osteoporosis.pdf,96,symptoms,1,SYMPTOM_VS_TREATMENT_MIXTURE,NOT_CLINICALLY_VERIFIED,") Tinggi dan berat badan b) Kekuatan otot c) Gambaran klinis fraktur: nyeri tekan vertebra, deformitas dan berkurangnya jarak iga bawah dengan pelvis 5) Pada pasien berusia kurang dari 40 tahun diperlukan evaluasi BMD pada 6 bulan pertama terapi steroid bila pasien memiliki risiko tinggi fraktur yaitu bila ada riwayat fraktur Osteoporosis sebelumnya atau pasien m"
P015-009,osteoporosis,015_PNPK_2023_Tata_Laksana_Osteoporosis.pdf,139,symptoms,0,TOPIC_ALIGNMENT_UNCONFIRMED,NOT_CLINICALLY_VERIFIED,"Osteogenesis Imperfecta memiliki gejala klinis yang sangat kompleks, sehingga tatalaksana rehabilitasi fisik OI memerlukan panduan yang sesuai"
P017-001,glaukoma,017_PNPK_2023_Tata_Laksana_Glaukoma.pdf,5,definition,1,DEFINITION_SEMANTICS_UNCERTAIN,NOT_CLINICALLY_VERIFIED,"Berbeda dengan katarak, kebutaan akibat glaukoma bersifat permanen. Hasil Survei Indera Penglihatan dan Pendengaran tahun 1993 – 1996 mendapatkan prevalensi glaukoma di Indonesia sebesar 0,2%. Menurut hasil Riskesdas 2007, prevalensi glaukoma adalah 0,46%. Insiden glaukoma sekunder diperkirakan sekitar 0.44% dari populasi atau sekitar 18% dari jumlah penderi"
P017-002,glaukoma,017_PNPK_2023_Tata_Laksana_Glaukoma.pdf,5,definition,1,DEFINITION_SEMANTICS_UNCERTAIN,NOT_CLINICALLY_VERIFIED,"Hasil Survei Indera Penglihatan dan Pendengaran tahun 1993 – 1996 mendapatkan prevalensi glaukoma di Indonesia sebesar 0,2%. Menurut hasil Riskesdas 2007, prevalensi glaukoma adalah 0,46%. Insiden glaukoma sekunder diperkirakan sekitar 0.44% dari populasi atau sekitar 18% dari jumlah penderita GPSTa"
P017-004,glaukoma,017_PNPK_2023_Tata_Laksana_Glaukoma.pdf,11,diagnosis,0,TOPIC_ALIGNMENT_UNCONFIRMED,NOT_CLINICALLY_VERIFIED,"Penegakan Diagnosis Berdasarkan APGS guidelines, diagnosis sudut tertutup dibagi menjadi: a"
P017-005,glaukoma,017_PNPK_2023_Tata_Laksana_Glaukoma.pdf,11,diagnosis,0,TOPIC_ALIGNMENT_UNCONFIRMED,NOT_CLINICALLY_VERIFIED,"Diagnosis Sudut Tertutup Primer Akut Diagnosis sudut tertutup akut didasarkan pada tanda dan gejala, sedangkan konfirmasi dari diagnosis dan diagnosis banding ditegakkan berdasarkan beberapa pemeriksaan lanjutan. 1) Tanda dan Gejala Sudut tertutup primer akut memiliki keluhan yang cukup khas"
P017-006,glaukoma,017_PNPK_2023_Tata_Laksana_Glaukoma.pdf,21,symptoms,0,TOPIC_ALIGNMENT_UNCONFIRMED,NOT_CLINICALLY_VERIFIED,"1) Gejala Klinis a) Gejala akut: Rasa sakit mendadak di sekitar mata, dapat disertai mual sampai muntah muntah, sakit kepala, mata merah, dan penglihatan kabur. b) Gejala kronis: Tanpa gejala atau kadang-kadang disertai sakit ringansekitar mata, mata tidak merah/ kadang kadang merah dan sakit kepala 2) Pemeriksaan Rutin a"
P017-011,glaukoma,017_PNPK_2023_Tata_Laksana_Glaukoma.pdf,102,symptoms,1,SYMPTOM_VS_TREATMENT_MIXTURE,NOT_CLINICALLY_VERIFIED,"Glaukoma merupakan gejala yang penting pada ICE sindrom. Graft jangka panjang tergantung pada penanganan TIO, yang dapat menyulitkan keberhasilannya. Terapi dengan obat-obatan tidak adekuat untuk menangani TIO. Diperlukan intervensi pembedahan. Pilihannya termasuk trabekulektomi dengan agen antifibrotik, glaucoma drainage implant device"
P018-003,angina-pectoris-stabil,018_PNPK_2023_Tata_Laksana_Angina_Pectoris_Stabil.pdf,9,definition,2,DEFINITION_SEMANTICS_UNCERTAIN,NOT_CLINICALLY_VERIFIED,"Klasifikasi Keluhan utama APS adalah nyeri dada stabil, karakteristik nyeri dada pada APS dibagi atas angina tipikal, angina atipikal dan nyeri dada non-angina. Angina tipikal didefinisikan sebagai nyeri dada yang memenuhi ketiga karakteristik berikut: a. Rasa tidak nyaman pada substernal dada dengan kualitas dan durasi tertentu. b. Diprovokasi oleh aktivitas fisik dan stres emosional. c. Hilang setelah beberapa menit"
P018-009,angina-pectoris-stabil,018_PNPK_2023_Tata_Laksana_Angina_Pectoris_Stabil.pdf,30,symptoms,1,SYMPTOM_VS_TREATMENT_MIXTURE,NOT_CLINICALLY_VERIFIED,"Angiografi koroner invasif direkomendasikan I B sebagai pemeriksaan alternatif untuk mendiagnosis PJK pada pasien dengan kecenderungan klinis yang tinggi, gejala yang berat yang refrakter terhadap terapi medis, atau angina tipikal pada latihan ringan dan hasil evaluasi klinis yang mengindikasikan risiko kejadian kardiovaskular yang tinggi"
P018-011,angina-pectoris-stabil,018_PNPK_2023_Tata_Laksana_Angina_Pectoris_Stabil.pdf,45,symptoms,1,SYMPTOM_VS_TREATMENT_MIXTURE,NOT_CLINICALLY_VERIFIED,"Rujukan untuk psikoterapi, pemberian obat-obatan dan penanganan kolaboratif diperlukan untuk gejala yang signifikan dari depresi maupun ansietas. Pendekatan ini dapat menurunkan gejala dan meningkatkan kualitas hidup. j. External Counterpulsation (ECP) Terapi ECP merupakan sebuah teknik non-invasif dengan tujuan mengurangi gejala angina, yang dinilai objektif dari keadaan iskemik miokardiun, dan peningkatan pa"
P020-004,penyakit-ginjal-kronik,020_PNPK_2023_Tata_Laksana_Penyakit_Ginjal_Kronik.pdf,8,diagnosis,3,METHODOLOGY_OR_ADMINISTRATIVE_MIXTURE,NOT_CLINICALLY_VERIFIED,Tersedianya sarana dan prasarana pemeriksaan diagnostik penyakit ginjal kronik dan sarana penunjang laboratorium dan radiologi yang disesuaikan dengan fasilitas strata pelayanan kesehatan. b
P020-009,penyakit-ginjal-kronik,020_PNPK_2023_Tata_Laksana_Penyakit_Ginjal_Kronik.pdf,36,symptoms,2,SYMPTOM_VS_TREATMENT_MIXTURE,NOT_CLINICALLY_VERIFIED,"Tata Laksana Komplikasi Penyakit Ginjal Tahap Akhir Pada pasien PGTA (eGFR <15mL/menit/1,73m2), tanda dan gejala yang berhubungan dengan uremia mulai terjadi, seperti malnutrisi, anoreksia, mual, muntah, kelelahan, disfungsi seksual, disfungsi trombosit, perikarditis, dan neuropati. a"
P020-010,penyakit-ginjal-kronik,020_PNPK_2023_Tata_Laksana_Penyakit_Ginjal_Kronik.pdf,52,diagnosis,0,TOPIC_ALIGNMENT_UNCONFIRMED,NOT_CLINICALLY_VERIFIED,Diagnosis anemia pada anak PGK berdasarkan kadar hemoglobin dan usia sesuai rekomendasi KDIGO tercantum dalam tabel 14 berikut
P020-011,penyakit-ginjal-kronik,020_PNPK_2023_Tata_Laksana_Penyakit_Ginjal_Kronik.pdf,52,diagnosis,0,TOPIC_ALIGNMENT_UNCONFIRMED,NOT_CLINICALLY_VERIFIED,"Diagnosis Anemia PGK Pada Anak Berdasarkan Kadar Hemoglobin dan Usia Usia Hemoglobin (g/dL) 6 bulan – 5 tahun <11,0 5 – 12 tahun <11,5 12 – 15 tahun <12,0"
P020-012,penyakit-ginjal-kronik,020_PNPK_2023_Tata_Laksana_Penyakit_Ginjal_Kronik.pdf,163,diagnosis,0,TOPIC_ALIGNMENT_UNCONFIRMED,NOT_CLINICALLY_VERIFIED,"c) Gejala terkait sistem saraf pusat (nyeri kepala, mual dan muntah, kejang) Kriteria diagnosis nyeri kepala terkait dialisis yaitu apabila terpenuhi minimal 2 dari kondisi klinis berikut: 1) biasanya terjadi selama dialisis, atau 2) membaik dalam 72 jam setelah dialisis, atau 3) membaik setelah transplantasi dan dialisis dihentikan"
P020-014,penyakit-ginjal-kronik,020_PNPK_2023_Tata_Laksana_Penyakit_Ginjal_Kronik.pdf,213,diagnosis,0,TOPIC_ALIGNMENT_UNCONFIRMED,NOT_CLINICALLY_VERIFIED,Diagnosis EPS ditegakkan atas dasar adanya kombinasi antara obstruksi usus dan gambaran encapsulation akibat dari fibrosis peritoneal
P021-002,kanker-paru,021_PNPK_2023_Tata_Laksana_Kanker_Paru.pdf,9,definition,2,DEFINITION_SEMANTICS_UNCERTAIN,NOT_CLINICALLY_VERIFIED,"Dalam pengertian klinis, yang dimaksud dengan kanker paru primer adalah tumor ganas yang berasal dari epitel bronkus (karsinoma bronkus/bronchogenic carcinoma). 2"
P022-002,pulpa-periradikuler,022_PNPK_2023_Tata_Laksana_Pulpa_Periradikuler.pdf,6,symptoms,0,TOPIC_ALIGNMENT_UNCONFIRMED,NOT_CLINICALLY_VERIFIED,"Diagnosis endodontik lengkap harus dibuat berdasarkan tanda dan gejala melalui anamnesis dan pemeriksaan subjektif, pemeriksaan klinis (objektif) secara komprehensif, dan pemeriksaan radiografis sebagai penunjang secara detail"
P022-004,pulpa-periradikuler,022_PNPK_2023_Tata_Laksana_Pulpa_Periradikuler.pdf,12,symptoms,0,TOPIC_ALIGNMENT_UNCONFIRMED,NOT_CLINICALLY_VERIFIED,"tanda dan gejala melalui anamnesis dan pemeriksaan subjektif, pemeriksaan klinis (objektif) secara komprehensif, dan pemeriksaan radiografis sebagai penunjang secara detail"
P023-002,retinopati-diabetika,023_PNPK_2023_Tata_Laksana_Retinopati_Diabetika.pdf,9,diagnosis,2,METHODOLOGY_OR_ADMINISTRATIVE_MIXTURE,NOT_CLINICALLY_VERIFIED,"Pertanyaan Klinis Utama Bagaimana diagnosis dan tata laksana terbaik RD berdasarkan bukti ilmiah? B. Telaah Kritis Penelusuran kepustakaan dilakukan melalui penelusuran database Pubmed dan Google Scholar, untuk artikel yang diterbitkan berkaitan dengan diagnosis dan tata laksana retinopati diabetika. Kata kunci digunakan dalam penelusuran adalah: retin"
P023-004,retinopati-diabetika,023_PNPK_2023_Tata_Laksana_Retinopati_Diabetika.pdf,9,definition,2,DEFINITION_SEMANTICS_UNCERTAIN,NOT_CLINICALLY_VERIFIED,"retinopati diabetika. Kata kunci digunakan dalam penelusuran adalah: retinopati diabetika, laser photocoagulation, dan Anti VEGF. Berdasarkan artikel yang didapat, dipilih relevansinya. Batasan yang dipakai adalah artikel jurnal dengan teks berbahasa Inggris, publikasi kurang dari 20 tahun terakhir, dan tergolong level"
P024-001,stunting,024_PNPK_2022_Tata_Laksana_Stunting.pdf,5,definition,1,DEFINITION_SEMANTICS_UNCERTAIN,NOT_CLINICALLY_VERIFIED,"Dalam kerangka konsep WHO, stunting merupakan hasil interaksi berbagai faktor yaitu asupan gizi yang kurang dan/atau kebutuhan gizi yang meningkat"
P024-002,stunting,024_PNPK_2022_Tata_Laksana_Stunting.pdf,5,definition,1,DEFINITION_SEMANTICS_UNCERTAIN,NOT_CLINICALLY_VERIFIED,Faktor prediktor paling kuat untuk terjadinya stunting di usia 12 bulan pada penelitian tersebut adalah perlambatan pertumbuhan yang terjadi dalam tiga bulan pertama kehidupan
P025-001,karsinoma-sel-hati,025_PNPK_2022_Tata_Laksana_Karsinoma_Sel_Hati.pdf,5,definition,2,DEFINITION_SEMANTICS_UNCERTAIN,NOT_CLINICALLY_VERIFIED,KARSINOMA SEL HATI PADA DEWASA BAB I PENDAHULUAN A. Latar Belakang Karsinoma Sel Hati (KSH) saat ini menempati urutan keempat sebagai penyebab kematian tersering akibat kanker di seluruh dunia dan merupakan kanker keenam tersering di dunia. Insidensi KSH pada laki-laki di Asia Tenggara menempati urutan kedua tertinggi
P025-002,karsinoma-sel-hati,025_PNPK_2022_Tata_Laksana_Karsinoma_Sel_Hati.pdf,5,definition,2,DEFINITION_SEMANTICS_UNCERTAIN,NOT_CLINICALLY_VERIFIED,Latar Belakang Karsinoma Sel Hati (KSH) saat ini menempati urutan keempat sebagai penyebab kematian tersering akibat kanker di seluruh dunia dan merupakan kanker keenam tersering di dunia
P026-001,impaksi-gigi,026_PNPK_2022_Tata_Laksana_Impaksi_Gigi.pdf,5,definition,2,DEFINITION_SEMANTICS_UNCERTAIN,NOT_CLINICALLY_VERIFIED,"Gigi yang paling sering mengalami impaksi adalah molar ketiga mandibula dan rahang atas, diikuti kaninus rahang atas, dan gigi premolar mandibula"
P026-002,impaksi-gigi,026_PNPK_2022_Tata_Laksana_Impaksi_Gigi.pdf,5,definition,2,DEFINITION_SEMANTICS_UNCERTAIN,NOT_CLINICALLY_VERIFIED,"impaksi molar tiga mandibula. Berdasarkan klasifikasi George Winter, mesioangular adalah kasus yang terbanyak yaitu 54 gigi (43,5%). Berdasarkan klasifikasi Pell dan Gregory, kasus yang terbanyak adalah kelas 2 yaitu 100 gigi (80,6%) dan Posisi A 81 gigi (65,3%). Qutbi (2018) mempublikasikan data sosiodemografi serta p"
P027-001,cidera-otak-traumatik,027_PNPK_2022_Tata_Laksana_Cidera_Otak_Traumatik.pdf,5,definition,2,DEFINITION_SEMANTICS_UNCERTAIN,NOT_CLINICALLY_VERIFIED,"OTAK TRAUMATIK BAB I PENDAHULUAN A. Latar Belakang Trauma merupakan penyebab kematian utama pada kelompok usia muda (1 - 45 tahun), dimana Cedera Otak Traumatik (COT) merupakan penyebab utama, yaitu tercatat sekitar 50.000 kematian tiap tahunnya di Amerika Serikat. COT dapat terjadi pada semua kelompok usia yang dapat"
P027-002,cidera-otak-traumatik,027_PNPK_2022_Tata_Laksana_Cidera_Otak_Traumatik.pdf,13,symptoms,0,TOPIC_ALIGNMENT_UNCONFIRMED,NOT_CLINICALLY_VERIFIED,Gejala Klinis 1. Anamnesa Pada anamnesa dapat ditanyakan beberapa hal penting yaitu: a. Ada atau tidaknya benturan kepala secara langsung. b. Saat terjadinya: berapa jam atau hari sebelum dibawa ke rumah sakit. c. Sifat dan penyebab trauma kepala (ruda paksa) disebabkan karena: 1) Kecelakaan (lalu lintas) motor atau ke
P027-003,cidera-otak-traumatik,027_PNPK_2022_Tata_Laksana_Cidera_Otak_Traumatik.pdf,15,diagnosis,0,TOPIC_ALIGNMENT_UNCONFIRMED,NOT_CLINICALLY_VERIFIED,Kriteria Diagnosis Diagnosis ditegakkan berdasarkan adanya riwayat trauma (ruda paksa) pada kepala dengan tanda gejala lain yaitu: 1
P027-004,cidera-otak-traumatik,027_PNPK_2022_Tata_Laksana_Cidera_Otak_Traumatik.pdf,15,symptoms,0,TOPIC_ALIGNMENT_UNCONFIRMED,NOT_CLINICALLY_VERIFIED,"Gangguan Neurobehavior, serta gejala klinis lainnya. Pemeriksaan penunjang pertama yang penting (atas indikasi) dan cepat adalah pemeriksaan CT scan kepala, yang dapat ditemukan gambaran yang khas untuk setiap diagnosis, yaitu: 1. Perdarahan epidural/Hematoma epidural (EDH): terdapat gambaran lesi hiperdens pada epidural (dibawah tulang tengkorak d"
P027-007,cidera-otak-traumatik,027_PNPK_2022_Tata_Laksana_Cidera_Otak_Traumatik.pdf,34,symptoms,0,TOPIC_ALIGNMENT_UNCONFIRMED,NOT_CLINICALLY_VERIFIED,"EDH dapat berkembang dalam 6 jam pertama paska COT, secara klinis menimbulkan gejala yang dinamakan “lucid interval” yaitu pemulihan kesadaran sementara diikuti penurunan kesadaran kembali akibat meluasnya hematom, hal ini terjadi pada 10 - 75% kasus EDH, sering kali tidak terdeteksi dengan pemeriksaan CT scan oleh sebab itu diperlukan pemeriksaan CT scan ulang jika didapatkan penurunan kesadara"
P027-009,cidera-otak-traumatik,027_PNPK_2022_Tata_Laksana_Cidera_Otak_Traumatik.pdf,40,symptoms,0,TOPIC_ALIGNMENT_UNCONFIRMED,NOT_CLINICALLY_VERIFIED,2) SDH Kronis a) Terdapat gejala klinis penurunan kesadaran/defisit neurologis fokal/kejang. b) Ketebalan lesi > 1cm
P028-001,anestesiologi-dan-terapi-intensif,028_PNPK_2022_Tata_Laksana_Anestesiologi_dan_Terapi_Intensif.pdf,6,definition,3,DEFINITION_SEMANTICS_UNCERTAIN,NOT_CLINICALLY_VERIFIED,"Manajemen nyeri juga merupakan hal penting yang harus diperhatikan oleh dokter spesialis anestesiologi dan terapi intensif. Nyeri adalah masalah besar yang global. Literatur menunjukkan bahwa sebanyak 20% orang dewasa menderita nyeri dan 10% didiagnosis dengan nyeri kronis setiap tahun. Di seluruh dunia, beban yang disebabkan oleh nyeri kronis meningkat. Sebanyak 1,9 miliar orang didiagnosis menderita tens"
P028-006,anestesiologi-dan-terapi-intensif,028_PNPK_2022_Tata_Laksana_Anestesiologi_dan_Terapi_Intensif.pdf,92,diagnosis,0,TOPIC_ALIGNMENT_UNCONFIRMED,NOT_CLINICALLY_VERIFIED,"(Peringkat bukti IV, derajat rekomendasi C) Nyeri pascabedah Diagnosis nyeri pascabedah pada anak dapat ditegakkan menggunakan berbagai alat skor yang disesuaikan dengan usia pasien"
P028-007,anestesiologi-dan-terapi-intensif,028_PNPK_2022_Tata_Laksana_Anestesiologi_dan_Terapi_Intensif.pdf,93,diagnosis,0,TOPIC_ALIGNMENT_UNCONFIRMED,NOT_CLINICALLY_VERIFIED,"F-Face L-Legs A-Activity C-Cry C-Consolability c) Nyeri pada anak usia 3-8 tahun (Peringkat bukti IV, derajat rekomendasi C) Diagnosis nyeri pada anak usia 3-8 tahun dapat ditegakkan dengan skor yang bersifat self-reporting"
P028-008,anestesiologi-dan-terapi-intensif,028_PNPK_2022_Tata_Laksana_Anestesiologi_dan_Terapi_Intensif.pdf,93,diagnosis,0,TOPIC_ALIGNMENT_UNCONFIRMED,NOT_CLINICALLY_VERIFIED,"d) Nyeri pada anak usia >8 tahun (Peringkat bukti IV, derajat rekomendasi C) e) Diagnosis nyeri pada anak usia 3-8 tahun dapat ditegakkan dengan skor yang bersifat self-reporting"
P028-009,anestesiologi-dan-terapi-intensif,028_PNPK_2022_Tata_Laksana_Anestesiologi_dan_Terapi_Intensif.pdf,114,symptoms,0,TOPIC_ALIGNMENT_UNCONFIRMED,NOT_CLINICALLY_VERIFIED,"Manifestasi klinis apendisitis adalah nyeri abdomen kanan bawah. Diagnosisnya dapat ditegakkan melalui anamnesis, pemeriksaan fisis, dan pemeriksaan penunjang. (Peringkat bukti V, derajat rekomendasi D) Pada anamnesis, dapat ditemukan gejala nyeri abdomen, mual, muntah, anoreksia, serta demam subfebris. Pada pemeriksaa"
P028-010,anestesiologi-dan-terapi-intensif,028_PNPK_2022_Tata_Laksana_Anestesiologi_dan_Terapi_Intensif.pdf,177,symptoms,0,TOPIC_ALIGNMENT_UNCONFIRMED,NOT_CLINICALLY_VERIFIED,"c) Preeklamsia berat adalah kondisi pemberatan preeklamsia berupa beberapa gejala klinis yang meningkatkan morbiditas dan mortalitas pada preeklamsia. d) Eklampsia adalah kejang atau koma yang baru yang terjadi pada saat kehamilan, dan/atau sebelum, selama, dan pascapersalinan yang terjadi pada wanita"
P028-011,anestesiologi-dan-terapi-intensif,028_PNPK_2022_Tata_Laksana_Anestesiologi_dan_Terapi_Intensif.pdf,185,diagnosis,0,TOPIC_ALIGNMENT_UNCONFIRMED,NOT_CLINICALLY_VERIFIED,"(Peringkat bukti V, derajat rekomendasi D) 5) Kriteria Diagnosis: a) Anamnesis: Keluhan nyeri pada perut, mual, muntah dan nyeri kepala"
P028-012,anestesiologi-dan-terapi-intensif,028_PNPK_2022_Tata_Laksana_Anestesiologi_dan_Terapi_Intensif.pdf,205,diagnosis,0,TOPIC_ALIGNMENT_UNCONFIRMED,NOT_CLINICALLY_VERIFIED,"(Peringkat bukti V, derajat rekomendasi D) Kriteria diagnosis mengikuti kriteria Swansea (Tabel 4.14) Tabel 4.14 Swansea Criteria for Diagnosis of Acute Fatty Liver of Pregnancy Variabel Hasil Mual dan Muntah Positif Nyeri Abdomen Positif Polidipsi dan Poluria Positif Hepatic Encephalopaty Positif Bilirubin > 14 µmol/L Hipoglicemia < 4 mmol/L Asam Urat > 340 µm"
P028-013,anestesiologi-dan-terapi-intensif,028_PNPK_2022_Tata_Laksana_Anestesiologi_dan_Terapi_Intensif.pdf,208,symptoms,0,TOPIC_ALIGNMENT_UNCONFIRMED,NOT_CLINICALLY_VERIFIED,"2) Perdarahan tanpa rasa nyeri dengan usia gestasi di atas 22 minggu (menyertai gejala yang biasa dijumpai pada plasenta previa). (3) Riwayat antenatal care. (Peringkat bukti Ia, derajat rekomendasi A) b) Pemeriksaan fisik: (1) Anemia. (2) Kelainan letak/kepala tidak masuk pintu atas panggul. (3) Perut tidak tegang/His (-). (4) Denyut jantung janin biasanya baik. (5) Perdarahan pervaginam dari kan"
P028-015,anestesiologi-dan-terapi-intensif,028_PNPK_2022_Tata_Laksana_Anestesiologi_dan_Terapi_Intensif.pdf,266,symptoms,0,TOPIC_ALIGNMENT_UNCONFIRMED,NOT_CLINICALLY_VERIFIED,VSD kecil yang biasa disebut restriktif sering menimbulkan gejala yang minimal dan dapat menutup secara spontan pada 5 tahun pertama kehidupan
P028-016,anestesiologi-dan-terapi-intensif,028_PNPK_2022_Tata_Laksana_Anestesiologi_dan_Terapi_Intensif.pdf,299,definition,2,DEFINITION_SEMANTICS_UNCERTAIN,NOT_CLINICALLY_VERIFIED,"AB V TERAPI INTENSIF A. Manajemen Jalan Napas 1. Pemasangan Oropharyngeal Airway (OPA) pada pasien kritis a. Definisi OPA adalah alat bantu jalan napas yang digunakan untuk membuka dan menjaga jalan napas dengan cara menahan posisi lidah agar tidak jatuh ke arah posterior. Alat ini biasanya sekali pakai, berbentuk melengkun"
P029-001,tuli-sensorineural-kongenital,029_PNPK_2022_Tata_Laksana_Tuli_Sensorineural_Kongenital.pdf,5,definition,3,DEFINITION_SEMANTICS_UNCERTAIN,NOT_CLINICALLY_VERIFIED,"aka sebanyak 268.074 penduduk Indonesia menderita tuli kongenital. Angka kelahiran per tahun di Indonesia adalah 2,4%, dengan demikian diperoleh penambahan kasus tuli kongenital sebanyak 60.000 orang dalam kurun waktu 10 tahun terakhir. Tuli kongenital paling banyak berupa tuli sensorineural. Penelitian oleh Xoinis dkk di Amerika Serikat, pada tahun 1999 - 2003, didap"
P029-003,tuli-sensorineural-kongenital,029_PNPK_2022_Tata_Laksana_Tuli_Sensorineural_Kongenital.pdf,6,definition,3,DEFINITION_SEMANTICS_UNCERTAIN,NOT_CLINICALLY_VERIFIED,"Tuli sensorineural kongenital bilateral paling banyak disebabkan oleh penyebab genetik (mutasi gen connexin; GJB2, GJB6 merupakan penyebab tersering ketulian kongenital non-sindromik), sementara anomali struktur tulang temporal merupakan penyebab terbanyak tuli sensorineural kongenital unilateral"
P029-011,tuli-sensorineural-kongenital,029_PNPK_2022_Tata_Laksana_Tuli_Sensorineural_Kongenital.pdf,74,symptoms,0,TOPIC_ALIGNMENT_UNCONFIRMED,NOT_CLINICALLY_VERIFIED,"d) Tanda dan gejala meningitis (demam, kaku kuduk, nyeri kepala hebat)"
P030-005,rinosinusitis-kronik,030_PNPK_2022_Tata_Laksana_Rinosinusitis_Kronik.pdf,19,symptoms,0,TOPIC_ALIGNMENT_UNCONFIRMED,NOT_CLINICALLY_VERIFIED,"Fenotipe merupakan gambaran klinis yang ditentukan berdasarkan gejala, hasil pemeriksaan nasoendoskopi dan CT scan (computerized tomography scan) sinus paranasal"
P032-008,retinoblastoma,032_PNPK_2022_Tata_Laksana_Retinoblastoma.pdf,19,symptoms,0,TOPIC_ALIGNMENT_UNCONFIRMED,NOT_CLINICALLY_VERIFIED,"Bila ditemukan tanda dan gejala metastasis, baik secara klinis maupun pemeriksaan penunjang, seperti adanya metastasis sumsum tulang dan/atau cairan otak maka disarankan untuk dilakukan MRI whole spine"
P032-013,retinoblastoma,032_PNPK_2022_Tata_Laksana_Retinoblastoma.pdf,46,symptoms,0,TOPIC_ALIGNMENT_UNCONFIRMED,NOT_CLINICALLY_VERIFIED,"Hipertermia maligna Tanda dan gejala yang perlu diketahui dari terjadinya hipertermia maligna adalah takikardi yang tidak dapat dijelaskan, peningkatan ETCO2, rigiditas muskular, spasme maseter dan peningkatan suhu tubuh"
P036-001,hemofilia,036_PNPK_2021_Tata_Laksana_Hemofilia.pdf,6,definition,1,DEFINITION_SEMANTICS_UNCERTAIN,NOT_CLINICALLY_VERIFIED,"hemofilia yang baik. Pengobatan utama hemofilia adalah pemberian faktor pembekuan sebagai replacement therapy (terapi pengganti) secara intravena. Pilihan pertama untuk replacement therapy pada hemofilia A adalah konsentrat faktor VIII, baik konsentrat viral–inactivated plasma derived maupun rekombinan. Apabila konsent"
P036-002,hemofilia,036_PNPK_2021_Tata_Laksana_Hemofilia.pdf,6,definition,1,DEFINITION_SEMANTICS_UNCERTAIN,NOT_CLINICALLY_VERIFIED,Pengobatan utama hemofilia adalah pemberian faktor pembekuan sebagai replacement therapy (terapi pengganti) secara intravena
P036-003,hemofilia,036_PNPK_2021_Tata_Laksana_Hemofilia.pdf,9,diagnosis,1,METHODOLOGY_OR_ADMINISTRATIVE_MIXTURE,NOT_CLINICALLY_VERIFIED,Tujuan umum Meningkatkan diagnosis dan tata laksana hemofilia yang optimal di Indonesia. 2. Tujuan khusus a. Meningkatkan mutu pelayanan diagnosis dan tata laksana pasien hemofilia berdasarkan bukti klinis yang ada; b. Memberikan faktor pembekuan secara profilaksis dosis rendah sebagai terapi utama dalam tata laksana hemofilia khususnya bagi p
P036-004,hemofilia,036_PNPK_2021_Tata_Laksana_Hemofilia.pdf,10,diagnosis,1,METHODOLOGY_OR_ADMINISTRATIVE_MIXTURE,NOT_CLINICALLY_VERIFIED,"Bagaimana hemofilia di diagnosis ? a. Diagnosis klinis (anamnesis, pemeriksaan fisis) b. Diagnosis laboratorium (apa saja pemeriksaan penunjang sederhana yang dapat dikerjakan untuk evaluasi pasien dengan kelainan pembekuan darah, hingga pemeriksaan untuk diagnosis pasti hemofilia) 4. Apa saja morbiditas penyakit hemofilia ? a. Morbiditas ap"
P036-005,hemofilia,036_PNPK_2021_Tata_Laksana_Hemofilia.pdf,10,diagnosis,1,METHODOLOGY_OR_ADMINISTRATIVE_MIXTURE,NOT_CLINICALLY_VERIFIED,"Diagnosis klinis (anamnesis, pemeriksaan fisis) b. Diagnosis laboratorium (apa saja pemeriksaan penunjang sederhana yang dapat dikerjakan untuk evaluasi pasien dengan kelainan pembekuan darah, hingga pemeriksaan untuk diagnosis pasti hemofilia) 4. Apa saja morbiditas penyakit hemofilia ? a. Morbiditas apa yang paling s"
P036-011,hemofilia,036_PNPK_2021_Tata_Laksana_Hemofilia.pdf,59,symptoms,0,TOPIC_ALIGNMENT_UNCONFIRMED,NOT_CLINICALLY_VERIFIED,") Onset perdarahan biasanya dideskripsikan pasien sebagai sensasi tingling dan kencang pada sendi, yang mendahului gejala klinis lainnya (“aura”); 3) Gejala awal perdarahan sendi adalah peningkatan suhu di sekitar area dan rasa tidak nyaman saat digerakkan, terutama pada akhir batas gerak"
P036-013,hemofilia,036_PNPK_2021_Tata_Laksana_Hemofilia.pdf,69,symptoms,0,TOPIC_ALIGNMENT_UNCONFIRMED,NOT_CLINICALLY_VERIFIED,1) Gangguan Depresi Gejala klinis utama: a) Suasana perasaan depresi; b) Kehilangan minat dan kegembiraan; dan c) Berkurangnya energi yang menuju meningkatnya keadaan yang mudah lelah (rasa lelah yang nyata sesudah kerja sedikit saja) dan menurunnya aktivitas
P036-014,hemofilia,036_PNPK_2021_Tata_Laksana_Hemofilia.pdf,69,symptoms,0,TOPIC_ALIGNMENT_UNCONFIRMED,NOT_CLINICALLY_VERIFIED,Gejala klinis penyerta: a) Konsentrasi dan perhatian berkurang; b) Harga diri dan kepercayaan diri berkurang; c) Gagasan tentang rasa bersalah dan tidak berguna; d) Pandangan masa depan yang suram dan pesimistis; e) Gagasan atau perbuatan membahayakan diri atau bunuh diri; f) Tidur terganggu; dan
P037-001,gagal-jantung,037_PNPK_2021_Tata_Laksana_Gagal_Jantung.pdf,5,definition,2,DEFINITION_SEMANTICS_UNCERTAIN,NOT_CLINICALLY_VERIFIED,"GAGAL JANTUNG BAB I PENDAHULUAN A. Latar Belakang Gagal jantung merupakan masalah kesehatan yang progresif dengan angka mortalitas dan morbiditas yang tinggi di negara maju maupun negara berkembang termasuk Indonesia. Di Indonesia, usia pasien gagal jantung relatif lebih muda dibanding Eropa dan Amerika disertai dengan"
P038-001,fraktur-kraniomaksilofasial,038_PNPK_2021_Fraktur_Kraniomaksilofasial.pdf,5,definition,2,DEFINITION_SEMANTICS_UNCERTAIN,NOT_CLINICALLY_VERIFIED,"Trauma pada daerah fraktur kraniomaksilofasial dapat menyebabkan terputusnya kontinuitas tulang daerah tersebut, yang dikenal dengan istilah fraktur. Secara anatomi, fraktur pada daerah maksilofasial dapat diklasifikasikan menjadi fraktur dentoalveolar, fraktur mandibula, fraktur maksila, fraktur fasial, fraktur tulang orbita, fraktur nasoorbitoethmoid dan fraktur yang merupakan kombinasi dari fraktur tersebut di atas. Ulasan sistematika yan"
P040-003,skoliosis-idiopatik-remaja,040_PNPK_2021_Tata_Laksana_Skoliosis_Idiopatik_Remaja.pdf,12,definition,3,DEFINITION_SEMANTICS_UNCERTAIN,NOT_CLINICALLY_VERIFIED,"Epidemiologi Berdasarkan data SOSORT 2016, pada sekitar 20% kasus skoliosis terjadi sekunder dari proses patologis yang lain. Sekitar 80% sisanya adalah kasus skoliosis idiopatik. Prevalensi skoliosis idiopatik remaja dengan sudut Cobb diatas 10⁰ pada populasi umum di dunia adalah pada rentang antara 0,93-12 %, dengan nilai yang paling sering ditemukan adalah 2-4% pada beberapa pusta"
P042-001,tumor-otak,042_PNPK_2020_Tata_Laksana_Tumor_Otak.pdf,5,definition,2,DEFINITION_SEMANTICS_UNCERTAIN,NOT_CLINICALLY_VERIFIED,"Deskripsi histologi didasarkan pada kesamaan sel tumor dan gambaran sel otak yang normal. Sebagai contoh, Glioma yang selnya mirip dengan astrosit akan menjadi astrositoma namun jika selnya terlihat seperti oligodendrosit maka akan menjadi oligodendroglioma. Tumor otak dapat dibagi menjadi tumor otak primer dan sekunder. Tumor otak primer merupakan tumor otak yang be"
P042-002,tumor-otak,042_PNPK_2020_Tata_Laksana_Tumor_Otak.pdf,5,definition,2,DEFINITION_SEMANTICS_UNCERTAIN,NOT_CLINICALLY_VERIFIED,"Tumor otak dapat dibagi menjadi tumor otak primer dan sekunder. Tumor otak primer merupakan tumor otak yang berkembang dari sel otak itu sendiri, sedangkan tumor otak sekunder merupakan tumor otak yang berkembang sekunder atau metastasis dari tumor di bagian tubuh lain. Kebanyakan tumor yang metastasis ke otak merupaka"
P042-006,tumor-otak,042_PNPK_2020_Tata_Laksana_Tumor_Otak.pdf,23,symptoms,2,SYMPTOM_VS_TREATMENT_MIXTURE,NOT_CLINICALLY_VERIFIED,"Pada tumor tertentu, gejala klinis nyeri biasanya bersifat lokal atau radikular ke sekitarnya, yang disebut nyeri neuropatik, seperti pada nyeri di daerah retroorbita, sela, sinus kavernosus, atau klivus Pada kasus ini pilihan obat nyeri adalah analgesik yang tidak menimbulkan efek sedasi atau muntah karena dapat mirip dengan gejala tumor otak pada umumnya"
P043-001,katarak-pada-anak,043_PNPK_2020_Tata_Laksana_Katarak_Pada_Anak.pdf,5,definition,2,DEFINITION_SEMANTICS_UNCERTAIN,NOT_CLINICALLY_VERIFIED,"Katarak biasanya dapat ditemukan pada orang dewasa dan berhubungan dengan proses penuaan, namun katarak juga dapat ditemukan pada anak. Definisi anak berdasarkan UU No. 23 Tahun 2002 tentang Perlindungan Anak adalah seseorang yang belum berusia 18 (delapan belas) tahun, termasuk anak yang masih dalam kandungan. Katarak pada anak dapat bersifat kongenital atau didapat, dapat ditemukan unilateral atau bilateral, da"
P043-002,katarak-pada-anak,043_PNPK_2020_Tata_Laksana_Katarak_Pada_Anak.pdf,5,definition,2,DEFINITION_SEMANTICS_UNCERTAIN,NOT_CLINICALLY_VERIFIED,"katarak pada anak. Prevalensi kebutaan anak di dunia bervariasi. Sebuah studi menunjukkan bahwa prevalensi kebutaan anak di negara maju adalah sekitar 0.3 per 1000 anak, sedangkan di negara berkembang mencapai 1.5 per 1000 anak, sehingga diperkirakan terdapat kurang lebih 1.4 juta anak di dunia yang buta. Diperkirakan"
P043-005,katarak-pada-anak,043_PNPK_2020_Tata_Laksana_Katarak_Pada_Anak.pdf,12,symptoms,2,SYMPTOM_VS_TREATMENT_MIXTURE,NOT_CLINICALLY_VERIFIED,"Pemeriksaan laboratorium, termasuk serologi dilakukan sesuai dengan manifestasi klinis yang dijumpai. (Peringkat bukti IIIb, derajat rekomendasi C) C. Persiapan pre operasi katarak pada anak Tindakan operasi direkomendasikan dilakukan oleh Dokter Mata Subspesialis Mata Anak (Oftalmologi Pediatri) yang berkompeten dalam menangani katarak pada anak. Hal ini berdasarkan pertimbangan bahwa"
P043-008,katarak-pada-anak,043_PNPK_2020_Tata_Laksana_Katarak_Pada_Anak.pdf,27,symptoms,2,SYMPTOM_VS_TREATMENT_MIXTURE,NOT_CLINICALLY_VERIFIED,"Pemeriksaan laboratorium, termasuk serologi dilakukan sesuai dengan manifestasi klinis yang dijumpai. (Peringkat bukti III, derajat rekomendasi D) B. Bagaimana pendekatan operasi pada katarak pada anak? (teknik operasi dan indikasi, pemilihan lensa tanam) 1. Lensektomi sebaiknya dilakukan dengan mesin phacoemulsifikasi (Peringkat bukti IV, derajat rekomendasi D) 2. Aspirasi irigasi len"
P046-014,dermatitis-seboroik,046_PNPK_2019_Tata_Laksana_Dermatitis_Seboroik.pdf,20,symptoms,2,SYMPTOM_VS_TREATMENT_MIXTURE,NOT_CLINICALLY_VERIFIED,"Tata Laksana Pengobatan dermatitis seboroik (DS) bertujuan untuk menghilangkan atau memperbaiki tanda dan gejala klinis, khususnya pruritus, serta mempertahankan remisi"
P046-015,dermatitis-seboroik,046_PNPK_2019_Tata_Laksana_Dermatitis_Seboroik.pdf,28,symptoms,2,SYMPTOM_VS_TREATMENT_MIXTURE,NOT_CLINICALLY_VERIFIED,"Oleh karena itu, tata laksana secara keseluruhan harus ditujukan selain untuk memperbaiki gejala klinis serta meningkatkan kualitas hidup. Edukasi mengenai penyakit perlu diberikan pada pasien karena stres psikologis merupakan salah satu faktor yang dapat memicu timbulnya kembali dermatitis seboroik sehingga menjadi saling terkait satu sama lain. I. Prognosis 1. Pada bayi: (3,B) Penyakit bersifat sementara"
P046-016,dermatitis-seboroik,046_PNPK_2019_Tata_Laksana_Dermatitis_Seboroik.pdf,29,diagnosis,0,TOPIC_ALIGNMENT_UNCONFIRMED,NOT_CLINICALLY_VERIFIED,"Rekomendasi diagnosis: Diagnosis dapat ditegakkan dengan anamnesis dan pemeriksaan fisis dengan ditemukannya gejala dan tanda yang khas; kecuali jika terdapat gambaran klinis yang menyerupai gambaran klinis diagnosis banding, diperlukan pemeriksaan penunjang. 2"
P047-001,stroke,047_PNPK_2019_Tata_Laksana_Stroke.pdf,5,definition,1,DEFINITION_SEMANTICS_UNCERTAIN,NOT_CLINICALLY_VERIFIED,"Angka ini tidak berubah secara bermakna sejak tahun 2000 yang berarti bahwa penanganan stroke belum optimal dan membutuhkan perhatian khusus. Konsep pelayanan stroke terpadu adalah sebuah program pelayanan yang mengedepankan integrasi di dalam penanganan pasien dengan pendekatan interdisiplin mulai dari pencegahan, pengobatan, restorasi dan rehabilitasi stroke. Konsep pelayanan stroke terpadu ini membutu"
P047-002,stroke,047_PNPK_2019_Tata_Laksana_Stroke.pdf,5,definition,1,DEFINITION_SEMANTICS_UNCERTAIN,NOT_CLINICALLY_VERIFIED,"Konsep pelayanan stroke terpadu adalah sebuah program pelayanan yang mengedepankan integrasi di dalam penanganan pasien dengan pendekatan interdisiplin mulai dari pencegahan, pengobatan, restorasi dan rehabilitasi stroke"
P047-011,stroke,047_PNPK_2019_Tata_Laksana_Stroke.pdf,87,symptoms,0,TOPIC_ALIGNMENT_UNCONFIRMED,NOT_CLINICALLY_VERIFIED,"a) Gejala klinis seperti demam atau tidak demam,batuk, sputum, dapat disertai sesak napas, nyeri otot, nyeri sendi, sakit kepala dan delirium. b) Pemeriksaan paru abnormal"
P047-012,stroke,047_PNPK_2019_Tata_Laksana_Stroke.pdf,93,symptoms,0,TOPIC_ALIGNMENT_UNCONFIRMED,NOT_CLINICALLY_VERIFIED,Trombosis vena dalam (TVD) Trombosis vena dalam (TVD) sering ditemukan pada kondisi imobilitas 1) Deteksi dan gejala klinis TVD Deteksi dini TVD sangat penting karena berisiko terjadinya emboli paru dan konsekuensi fatal lainnya
P047-014,stroke,047_PNPK_2019_Tata_Laksana_Stroke.pdf,124,symptoms,1,SYMPTOM_VS_TREATMENT_MIXTURE,NOT_CLINICALLY_VERIFIED,"9) Pada pasien dengan stenosis berat (70-99%) pembuluh darah intrakranial dengan gejala yang progresif setelah pemberian aspirin dan clopidogrel, kegunaan angioplasty sendiri atau stent belum diketahui dan masih diteliti (kelas III, peringkat bukti C). 10) Pasien stroke atau TIA dengan stenosis pembuluh darah di intrakranial 50%-99%, bypass extrakranial- intrakranial (EC-CI bypass) tidak direkomend"
P048-010,asfiksia,048_PNPK_2019_Tata_Laksana_Asfiksia.pdf,54,symptoms,0,TOPIC_ALIGNMENT_UNCONFIRMED,NOT_CLINICALLY_VERIFIED,"Diagnosis kejang pada neonatus pada umumnya ditegakkan hanya berdasarkan gejala klinis saja. Perlu diketahui bahwa selain gejala klinis, pemeriksaan EEG/aEEG sangat penting karena dapat mendeteksi neonatus dengan kejang elektrik. Penggunaan EEG/aEEG menunjukkan bahwa prevalensi kejang elektrik pada kelompok neonatus dengan berat lahir amat sangat rendah (BBLASR) sangat tinggi. Penggunaan ob"
P048-011,asfiksia,048_PNPK_2019_Tata_Laksana_Asfiksia.pdf,54,symptoms,0,TOPIC_ALIGNMENT_UNCONFIRMED,NOT_CLINICALLY_VERIFIED,"Perlu diketahui bahwa selain gejala klinis, pemeriksaan EEG/aEEG sangat penting karena dapat mendeteksi neonatus dengan kejang elektrik"
P049-005,penatalaksanaan-fraktur,049_PNPK_2019_Tata_Laksana_Penatalaksanaan_Fraktur.pdf,14,definition,2,DEFINITION_SEMANTICS_UNCERTAIN,NOT_CLINICALLY_VERIFIED,"Penatalaksanaan sementara Setelah pertolongan pertama diberikan pada pasien, maka tindakan selanjutnya adalah membuat penilaian cepat terhadap cedera yang dialami oleh pasien secara keseluruhan, serta evaluasi fraktur yang terjadi"
P049-006,penatalaksanaan-fraktur,049_PNPK_2019_Tata_Laksana_Penatalaksanaan_Fraktur.pdf,14,definition,2,DEFINITION_SEMANTICS_UNCERTAIN,NOT_CLINICALLY_VERIFIED,"fraktur yang terjadi. Sebelum dilakukan pemeriksaan penunjang untuk fraktur yang ada, maka fraktur tersebut perlu dilakukan pembidaian untuk meminimalisir nyeri dan melindungi jaringan lunak sekitar dari cedera lebih lanjut. Tujuan utama dari penatalaksanaan fraktur adalah untuk mengurangi nyeri, mendapatkan dan memper"
P049-014,penatalaksanaan-fraktur,049_PNPK_2019_Tata_Laksana_Penatalaksanaan_Fraktur.pdf,60,symptoms,0,TOPIC_ALIGNMENT_UNCONFIRMED,NOT_CLINICALLY_VERIFIED,"Untuk Pemeriksaan distal humerus tanda dan gejala bervariasi dengan tingkat pembengkakan dan displace; pembengkakan sering terjadi, membuat landmark sulit untuk dipalpasi"
P050-001,hiv,050_PNPK_2019_Tata_Laksana_HIV.pdf,9,symptoms,0,TOPIC_ALIGNMENT_UNCONFIRMED,NOT_CLINICALLY_VERIFIED,3) kasus terminal dengan hasil pemeriksaan antibodi negatif namun gejala klinis sangat mendukung ke arah AIDS. 4) konfirmasi hasil inkonklusif atau konfirmasi untuk dua hasil laboratorium yang berbeda
P050-002,hiv,050_PNPK_2019_Tata_Laksana_HIV.pdf,84,diagnosis,0,TOPIC_ALIGNMENT_UNCONFIRMED,NOT_CLINICALLY_VERIFIED,1) Diagnosis Diagnosis TB-RO ditegakkan berdasarkan pemeriksaan uji kepekaan M. tuberculosis menggunakan metode standar yang tersedia di Indonesia yaitu metode tes cepat molekular atau kultur resistensi dengan menggunakan media Lowenstein Jensen (LJ) dan MGIT. 2) Tata laksana TB-MDR pada HIV Obat anti-tuberkulosis dikelompokkan menjadi dua yaitu OAT lini 1 dan lini 2
P050-003,hiv,050_PNPK_2019_Tata_Laksana_HIV.pdf,89,symptoms,0,TOPIC_ALIGNMENT_UNCONFIRMED,NOT_CLINICALLY_VERIFIED,"1) Diagnosis tuberkulosis pada anak terinfeksi HIV Berbeda dengan tuberkulosis pada dewasa, TB pada anak memiliki gejala yang tidak spesifik. Hal tersebut disebabkan oleh jumlah kuman TB pada anak yang lebih sedikit (pausibasiler) dibandingkan dengan dewasa. Kesulitan diagnosis penyakit TB pada anak terinfeksi HIV antara lain disebabkan oleh manifestasi klinis TB dan infeksi HIV pada anak yang saling menyerupai, sementara tidak ad"
P050-004,hiv,050_PNPK_2019_Tata_Laksana_HIV.pdf,89,symptoms,0,TOPIC_ALIGNMENT_UNCONFIRMED,NOT_CLINICALLY_VERIFIED,"Gejala klinis umum TB pada anak yang sering dijumpai adalah batuk persisten, berat badan turun atau gagal tumbuh, serta demam lama"
P050-005,hiv,050_PNPK_2019_Tata_Laksana_HIV.pdf,91,diagnosis,0,TOPIC_ALIGNMENT_UNCONFIRMED,NOT_CLINICALLY_VERIFIED,"Pada tempat yang memiliki keterbatasan pemeriksaan penunjang TCM, foto toraks dan uji tuberkulin, diagnosis TB pada anak dapat ditegakkan tanpa menggunakan sistem skoring seperti pada alur diagnosis TB anak"
P050-006,hiv,050_PNPK_2019_Tata_Laksana_HIV.pdf,91,diagnosis,0,TOPIC_ALIGNMENT_UNCONFIRMED,NOT_CLINICALLY_VERIFIED,"Prinsip terapi TB pada anak terinfeksi HIV sama dengan anak yang tidak terinfeksi HIV.210 Terapi TB pada anak terinfeksi HIV harus segera dimulai setelah diagnosis ditegakkan baik pada anak yang sudah dalam terapi ARV, maupun yang belum memulai terapi ARV.198 Dibandingkan dengan anak tanpa infeksi"
P050-007,hiv,050_PNPK_2019_Tata_Laksana_HIV.pdf,94,symptoms,0,TOPIC_ALIGNMENT_UNCONFIRMED,NOT_CLINICALLY_VERIFIED,Hal inilah yang menyebabkan manifestasi klinis yang muncul pada meningitis kriptokokus didominasi oleh tanda dan gejala akibat peningkatan tekanan intrakranial (TIK). 1) Gejala dan tanda klinis Gambaran klinis klasik yang ditemukan pada meningitis kriptokokus ialah gejala infeksi berupa demam dan adanya tanda peningkatan TIK akibat gangguan penyerapan CSS
P050-008,hiv,050_PNPK_2019_Tata_Laksana_HIV.pdf,94,diagnosis,0,TOPIC_ALIGNMENT_UNCONFIRMED,NOT_CLINICALLY_VERIFIED,"Diagnosis konvensional meningitis kriptokokus dapat ditegakkan melalui beberapa metode, yaitu: a) Pemeriksaan mikroskopik langsung pada CSS untuk mendeteksi gambaran C. neoformans berupa jamur berkapsul dan bertunas dengan menggunakan tinta india. b) Deteksi antigen kriptokokus (cryptococcal antigen/CrAg) melalui tekni"
P050-009,hiv,050_PNPK_2019_Tata_Laksana_HIV.pdf,95,investigation,0,TOPIC_ALIGNMENT_UNCONFIRMED,NOT_CLINICALLY_VERIFIED,"d) Pemeriksaan histopatologi. Gambaran pencitraan yang dapat ditemukan pada pasien meningitis kriptokokus di antaranya adalah penyangatan pada meningen, massa padat/granuloma, atrofi, edema serebri, atau hidrosefalus. Bila dicurigai adanya gambaran massa atau kriptokokoma, maka diagnosis toksoplasmosis otak atau limfoma s"
P050-010,hiv,050_PNPK_2019_Tata_Laksana_HIV.pdf,105,diagnosis,0,TOPIC_ALIGNMENT_UNCONFIRMED,NOT_CLINICALLY_VERIFIED,2) Diagnosis dan diagnosis banding Diagnosis definitif meningitis TB ditegakkan berdasarkan salah satu dari hal di bawah ini: a) Ditemukannya BTA pada CSS b) M. tuberculosis tumbuh pada kultur CSS c) Pemeriksaan asam nukleat M.tuberculosis (atau PCR) positif pada pasien dengan klinis meningitis TB Analisis cairan otak pad
P050-011,hiv,050_PNPK_2019_Tata_Laksana_HIV.pdf,117,investigation,0,TOPIC_ALIGNMENT_UNCONFIRMED,NOT_CLINICALLY_VERIFIED,Diagnosis Diagnosis pasti infeksi CMV ditegakkan berdasarkan PCR CMV yang positif dari organ yang terlibat atau temuan histopatologis dari biopsi organ dengan tampilan khas mata burung hantu (owl’s eye). Hasil negatif pada pemeriksaan IgG
P050-012,hiv,050_PNPK_2019_Tata_Laksana_HIV.pdf,124,investigation,0,TOPIC_ALIGNMENT_UNCONFIRMED,NOT_CLINICALLY_VERIFIED,"Rekomendasi Pemeriksaan PCR CMV dari organ yang terlibat atau pemeriksaan histopatologi merupakan baku emas diagnosis EOD CMV (sangat direkomendasikan, kualitas bukti sedang) Retinitis CMV dapat didiagnosis berdasarkan temuan khas pada funduskopi oleh dokter spesialis mata berpengalaman (sangat direkomendasikan, kualitas bukti rendah) Sitomegalovirus kongenital dapat didiagnosis"
P051-001,bibir-sumbing,051_PNPK_2019_Tata_Laksana_Bibir_Sumbing.pdf,5,definition,2,DEFINITION_SEMANTICS_UNCERTAIN,NOT_CLINICALLY_VERIFIED,"Prevalensi bibir sumbing dan langit-langit berdasarkan geografis. Prevalensi nasional bibir sumbing di Indonesia adalah 0,2%. Provinsi DKI Jakarta ternyata menduduki peringkat teratas untuk prevalensi bibir sumbing, yaitu sebesar 13,9‰ jauh di atas angka nasional (2,4‰), sedangkan provinsi lain seperti Sumatera Selatan (10,6‰), K"
P051-002,bibir-sumbing,051_PNPK_2019_Tata_Laksana_Bibir_Sumbing.pdf,5,definition,2,DEFINITION_SEMANTICS_UNCERTAIN,NOT_CLINICALLY_VERIFIED,"Prevalensi nasional bibir sumbing di Indonesia adalah 0,2%. Provinsi DKI Jakarta ternyata menduduki peringkat teratas untuk prevalensi bibir sumbing, yaitu sebesar 13,9‰ jauh di atas angka nasional (2,4‰), sedangkan provinsi lain seperti Sumatera Selatan (10,6‰), Kep"
P051-004,bibir-sumbing,051_PNPK_2019_Tata_Laksana_Bibir_Sumbing.pdf,23,diagnosis,0,TOPIC_ALIGNMENT_UNCONFIRMED,NOT_CLINICALLY_VERIFIED,"Penetapan diagnosis Diagnosis ditegakan berdasarkan anamnesis, pemeriksaan fisik, dan penunjang"
P052-001,luka-bakar,052_PNPK_Tata_Laksana_Luka_Bakar.pdf,5,definition,2,DEFINITION_SEMANTICS_UNCERTAIN,NOT_CLINICALLY_VERIFIED,Latar belakang Luka bakar merupakan kerusakan kulit tubuh yang disebabkan oleh trauma panas atau trauma dingin (frost bite)
P052-004,luka-bakar,052_PNPK_Tata_Laksana_Luka_Bakar.pdf,32,diagnosis,0,TOPIC_ALIGNMENT_UNCONFIRMED,NOT_CLINICALLY_VERIFIED,"Fasciotomi lebih sering dilakukan bila diagnosis kompartemen syndrome C telah ditegakkan, terutama pada lukabakar yang sangat dalam, apapun penyebabnya"
P052-007,luka-bakar,052_PNPK_Tata_Laksana_Luka_Bakar.pdf,86,symptoms,0,TOPIC_ALIGNMENT_UNCONFIRMED,NOT_CLINICALLY_VERIFIED,"1) Saat ini sangat bergantung pada kemampuan koping dari pasien agar pasien dapat mengurangi gejala yang dialaminya dengan self-soothing. Bila hal ini tidak dapat dilakukan secara mandiri, pasien perlu mendapat tuntunan dari terapis sehingga perasaan tidak berdaya"
P052-010,luka-bakar,052_PNPK_Tata_Laksana_Luka_Bakar.pdf,112,symptoms,2,SYMPTOM_VS_TREATMENT_MIXTURE,NOT_CLINICALLY_VERIFIED,Beberapa macam luka bakar yang disebabkan trauma bahan kimia dengan tanda dan gejala serta terapi. Tanda dan gejala Terapi Contoh • Sangat nyeri. Irigasi dengan Asam • Tampilan air mengalir hydrofluoric bervariasi mulai dan terapi dari eritema bedah seperti (superficial) luka bakar hingga black akibat panas eschar(dalam). • Beratnya cedera tergantung dari Luka Bakar konsentrasi Asam as
P052-011,luka-bakar,052_PNPK_Tata_Laksana_Luka_Bakar.pdf,112,symptoms,2,SYMPTOM_VS_TREATMENT_MIXTURE,NOT_CLINICALLY_VERIFIED,Tanda dan gejala Terapi Contoh • Sangat nyeri. Irigasi dengan Asam • Tampilan air mengalir hydrofluoric bervariasi mulai dan terapi dari eritema bedah seperti (superficial) luka bakar hingga black akibat panas eschar(dalam). • Beratnya cedera tergantung dari Luka Bakar konsentrasi Asam asam dan lama kontak. Aritmia dap
P053-004,penyakit-paru-obstruktif,053_PNPK_2019_Tata_Laksana_Penyakit_Paru_Obstruktif.pdf,18,symptoms,0,TOPIC_ALIGNMENT_UNCONFIRMED,NOT_CLINICALLY_VERIFIED,"Patofisiologi Saat ini telah diketahui dengan jelas tentang mekanisme patofisiologi yang mendasari PPOK sampai terjadinya gejala yang karakteristik. Misalnya penurunan FEV1 yang terjadi disebabkan peradangan dan penyempitan saluran nafas perifer, sementara transfer gas yang menurun disebabkan kerusakan parenkim yang terjadi pada emfisema. a. Keterbatasan aliran udara dan air trapping Tingkat peradangan, fibrosis, dan eksudat luminal dalam"
P053-009,penyakit-paru-obstruktif,053_PNPK_2019_Tata_Laksana_Penyakit_Paru_Obstruktif.pdf,82,symptoms,1,SYMPTOM_VS_TREATMENT_MIXTURE,NOT_CLINICALLY_VERIFIED,Pasien PPOK stabil yang masih memiliki gejala klinis dan keterbatasan aktivitas sebelum pembedahan harus mendapatkan terapi maksimal untuk mencegah komplikasi paru pasca-bedah
P054-001,osteosarkoma,054_PNPK_2019_Tata_Laksana_Osteosarkoma.pdf,7,definition,1,DEFINITION_SEMANTICS_UNCERTAIN,NOT_CLINICALLY_VERIFIED,Osteosarkoma lebih sering ditemukan pada lelaki daripada wanita dengan perbandingan Lokasi yang menjadi predileksi osteosarkoma adalah femur distal dan tibia proksimal diikuti oleh humerus proksimal
P054-002,osteosarkoma,054_PNPK_2019_Tata_Laksana_Osteosarkoma.pdf,7,definition,1,DEFINITION_SEMANTICS_UNCERTAIN,NOT_CLINICALLY_VERIFIED,"Faktor risiko Menurut Fuchs dan Pritchad (2002) osteosarkoma dapat disebabkan oleh beberapa faktor : 1. Senyawa kimia : Senyawa antrasiklin dan senyawa pengalkil, beryllium dan methylcholanthrene merupakan senyawa yang dapat menyebabkan perubahan genetik 2. Virus : Rous sarcoma virus yang mengandung gen V-Src yang merupakan proto-onkogen, virus FBJ yang mengandung p"
P054-003,osteosarkoma,054_PNPK_2019_Tata_Laksana_Osteosarkoma.pdf,8,symptoms,0,TOPIC_ALIGNMENT_UNCONFIRMED,NOT_CLINICALLY_VERIFIED,"Anamnesis dan pemeriksaan fisik Dari anamnesis dapat ditemukan tanda dan gejala, antar lain nyeri local yang semakin progresif (yang awalnya ringan dan intermiten namun lama kelamaan menjadi semakin hebat dan menetap"
P054-005,osteosarkoma,054_PNPK_2019_Tata_Laksana_Osteosarkoma.pdf,29,diagnosis,0,TOPIC_ALIGNMENT_UNCONFIRMED,NOT_CLINICALLY_VERIFIED,"Secara umum, World Health Organization (WHO) mendefinisikan malnutrisi berdasarkan IMT <18,5 kg/m2, namun diagnosis malnutrisi menurut ESPEN 2015 dapat ditegakkan berdasarkan kriteria : a"
P054-007,osteosarkoma,054_PNPK_2019_Tata_Laksana_Osteosarkoma.pdf,30,diagnosis,0,TOPIC_ALIGNMENT_UNCONFIRMED,NOT_CLINICALLY_VERIFIED,"Diagnosis kakeksia ditegakkan apabila terdapat penurunan BB ≥5% dalam waktu ≤12 bulan atau IMT <20 kg/m2 disertai dengan 3 dari 5 kriteria : (1) penurunan kekuatan otot, (2) fatique atau kelelahan, (3) anoreksia, (4) massa lemak tubuh rendah, dan (5) abnormalitas biokimiawi, berupa peningkatan petanda inflamasi (C Reac"
P054-008,osteosarkoma,054_PNPK_2019_Tata_Laksana_Osteosarkoma.pdf,30,diagnosis,0,TOPIC_ALIGNMENT_UNCONFIRMED,NOT_CLINICALLY_VERIFIED,Kriteria diagnosis sindrom kakeksia: B Adanya penurunan BB 5% dalam 12 bulan atau kurang (atau IMT < 20 kg/m2) e r Ditambah d 3 dari 5 gejala berikut ini: a 1
P054-009,osteosarkoma,054_PNPK_2019_Tata_Laksana_Osteosarkoma.pdf,30,diagnosis,0,TOPIC_ALIGNMENT_UNCONFIRMED,NOT_CLINICALLY_VERIFIED,"Hipoalbuminemia (<3,2 g/dL)n kriteria diagnosis tersebut, dapat dijelaskan beberapa hal berikut"
P055-001,tuberkolosis,055_PNPK_2019_Tata_Laksana_Tuberkolosis.pdf,14,symptoms,0,TOPIC_ALIGNMENT_UNCONFIRMED,NOT_CLINICALLY_VERIFIED,"Gejala klinis TB paru Gejala penyakit TB tergantung pada lokasi lesi, sehingga dapat menunjukkan manifestasi klinis sebagai berikut: 1"
P055-002,tuberkolosis,055_PNPK_2019_Tata_Laksana_Tuberkolosis.pdf,14,symptoms,0,TOPIC_ALIGNMENT_UNCONFIRMED,NOT_CLINICALLY_VERIFIED,Klasifikasi dan tipe pasien TB Terduga (presumptive) pasien TB adalah seseorang yang mempunyai keluhan atau gejala klinis mendukung TB (sebelumnya dikenal sebagai terduga TB)
P055-003,tuberkolosis,055_PNPK_2019_Tata_Laksana_Tuberkolosis.pdf,15,diagnosis,0,TOPIC_ALIGNMENT_UNCONFIRMED,NOT_CLINICALLY_VERIFIED,"Guna menghindari terjadinya over diagnosis dan situasi yang merugikan pasien, pemberian pengobatan TB berdasarkan diagnosis klinis hanya dianjurkan pada pasien dengan pertimbangan sebagai berikut : 1"
P055-004,tuberkolosis,055_PNPK_2019_Tata_Laksana_Tuberkolosis.pdf,22,diagnosis,0,TOPIC_ALIGNMENT_UNCONFIRMED,NOT_CLINICALLY_VERIFIED,"lur diagnosis TB Terduga TB Keterangan alur: 1. Prinsip penegakan diagnosis TB: a. Diagnosis TB Paru pada orang dewasa harus ditegakkan terlebih dahulu dengan pemeriksaan bakteriologis. Pemeriksaan bakteriologis yang dimaksud adalah pemeriksaan mikroskopis, tes cepat molekuler TB dan biakan. b. Pemeriksaan TCM digunakan un"
P055-005,tuberkolosis,055_PNPK_2019_Tata_Laksana_Tuberkolosis.pdf,25,diagnosis,0,TOPIC_ALIGNMENT_UNCONFIRMED,NOT_CLINICALLY_VERIFIED,"Diagnosis pasti pada pasien TB ekstra paru ditegakkan dengan pemeriksaan klinis, bakteriologis dan atau histopatologis dari contoh uji yang diambil dari organ tubuh yang terkena. c"
P055-006,tuberkolosis,055_PNPK_2019_Tata_Laksana_Tuberkolosis.pdf,35,symptoms,0,TOPIC_ALIGNMENT_UNCONFIRMED,NOT_CLINICALLY_VERIFIED,Penting dilakukannya pemantauan gejala klinis pasien selama pengobatan sehingga efek tidak diinginkan tersebut dapat dideteksi segera dan ditata laksana dengan tepat
P055-007,tuberkolosis,055_PNPK_2019_Tata_Laksana_Tuberkolosis.pdf,54,symptoms,0,TOPIC_ALIGNMENT_UNCONFIRMED,NOT_CLINICALLY_VERIFIED,Gambaran klinis Pada orang dengan HIV AIDS (ODHA) adanya demam dan penurunan berat badan merupakan gejala yang penting dapat disertai dengan keluhan batuk berapapun lamanya
P055-008,tuberkolosis,055_PNPK_2019_Tata_Laksana_Tuberkolosis.pdf,112,investigation,0,TOPIC_ALIGNMENT_UNCONFIRMED,NOT_CLINICALLY_VERIFIED,"emeriksaan USG abdomen, jika ditemukan lesi di hepar, lanjutkan dengan biopsi hati. Imunisasi BCG sebaiknya tidak diberikan dahulu. Setelah ibu dinyatakan tidak infeksius lagi maka dilakukan uji tuberkulin. Jika hasilnya negatif, isoniazid dihentikan dan diberikan BCG pada bayi. 3. TB HIV tuberkulosis merupakan ko infeksi yang paling sering ditemukan pada anak terinfeksi HIV dan menyebabk"
P055-009,tuberkolosis,055_PNPK_2019_Tata_Laksana_Tuberkolosis.pdf,115,diagnosis,0,TOPIC_ALIGNMENT_UNCONFIRMED,NOT_CLINICALLY_VERIFIED,"Diagnosis TB ekstra paru berdasarkan gejala klinis TB secara umum, ditambah gejala khas pada organ"
P055-010,tuberkolosis,055_PNPK_2019_Tata_Laksana_Tuberkolosis.pdf,115,investigation,0,TOPIC_ALIGNMENT_UNCONFIRMED,NOT_CLINICALLY_VERIFIED,Tuberkulosis kelenjar Diagnosis definitif memerlukan pemeriksaan histologis dari biopsi kelenjar dan bakteriologis yang bisa diperoleh melalui kultur cairan sinus. 2
P055-011,tuberkolosis,055_PNPK_2019_Tata_Laksana_Tuberkolosis.pdf,115,investigation,0,TOPIC_ALIGNMENT_UNCONFIRMED,NOT_CLINICALLY_VERIFIED,"Dapat ditemukan bakteri tahan asam dari lesi atau caran ascites, pertumbuhan MTB dari kultur jaringan atau cairan ascites, pemeriksaan histopatologi dengan adanya granuloma. 3. Tuberkulosis susunan saraf pusat Terbanyak TB meningitis, gejala tergantung stadium, dimulai dengan nyeri kepala, kejang, defisit neurologis dan kesadaran menurun. Penegakan diagnosis ditunjang dengan riwayat kontak dengan pasien TB dewasa BTA positif, pemeriksaan u"
P055-012,tuberkolosis,055_PNPK_2019_Tata_Laksana_Tuberkolosis.pdf,115,diagnosis,0,TOPIC_ALIGNMENT_UNCONFIRMED,NOT_CLINICALLY_VERIFIED,Diagnosis pasti dengan tampaknya mikobakteria dari hapusan atau kultur cairan serebrospinal. 4
P056-001,kusta,056_PNPK_2019_Tata_Laksana_Kusta.pdf,6,definition,1,DEFINITION_SEMANTICS_UNCERTAIN,NOT_CLINICALLY_VERIFIED,"Distribusi angka penemuan kasus baru kusta di Indonesia terlihat pada gambar 1 Gambar 1. Peta Distribusi Kasus Kusta Tingkat Provinsi di Indonesia tahun 2016. 2. Distribusi menurut faktor manusia Faktor-faktor yang memengaruhi adalah etnik atau suku, sosial ekonomi, usia, dan jenis kelamin. Di Myanmar kejadian kusta lepromatosa lebih sering pada etnik Bur"
P056-002,kusta,056_PNPK_2019_Tata_Laksana_Kusta.pdf,6,definition,1,DEFINITION_SEMANTICS_UNCERTAIN,NOT_CLINICALLY_VERIFIED,"Peta Distribusi Kasus Kusta Tingkat Provinsi di Indonesia tahun 2016. 2. Distribusi menurut faktor manusia Faktor-faktor yang memengaruhi adalah etnik atau suku, sosial ekonomi, usia, dan jenis kelamin. Di Myanmar kejadian kusta lepromatosa lebih sering pada etnik Burma dibandingkan dengan etnik India. Situasi di Malaysia juga menunjukkan h"
P057-001,kanker-nasofaring,057_PNPK_2019_Tata_Laksana_Kanker_Nasofaring.pdf,5,definition,2,DEFINITION_SEMANTICS_UNCERTAIN,NOT_CLINICALLY_VERIFIED,"Latar belakang Kanker nasofaring merupakan suatu keganasan yang memiliki karakteristik epidemiologi yang unik, dengan insiden yang bervariasi sesuai ras dan perbedaan geografi"
P057-003,kanker-nasofaring,057_PNPK_2019_Tata_Laksana_Kanker_Nasofaring.pdf,5,definition,2,DEFINITION_SEMANTICS_UNCERTAIN,NOT_CLINICALLY_VERIFIED,"Prevalensi kanker nasofaring di Indonesia adalah 6.2/100.000, dengan hampir sekitar 13.000 kasus baru, namun itu merupakan bagian kecil yang terdokumentasikan"
P057-004,kanker-nasofaring,057_PNPK_2019_Tata_Laksana_Kanker_Nasofaring.pdf,10,symptoms,0,TOPIC_ALIGNMENT_UNCONFIRMED,NOT_CLINICALLY_VERIFIED,"Manifestasi klinis Pada stadium dini tumor ini sulit dikenali, karena gejala awal mirip dengan infeksi saluran napas atas"
P057-005,kanker-nasofaring,057_PNPK_2019_Tata_Laksana_Kanker_Nasofaring.pdf,10,symptoms,0,TOPIC_ALIGNMENT_UNCONFIRMED,NOT_CLINICALLY_VERIFIED,"Gejala yang muncul dapat berupa hidung tersumbat, epistaksis ringan, tinnitus, telinga terasa penuh, otalgia, diplopia dan neuralgia trigeminal (saraf III, IV, V, VI), dan muncul benjolan pada leher"
P058-001,sindroma-koroner-akut,058_PNPK_2019_Tata_Laksana_Sindroma_Koroner_Akut.pdf,10,definition,2,DEFINITION_SEMANTICS_UNCERTAIN,NOT_CLINICALLY_VERIFIED,koroner. Sebagian besar SKA adalah manifestasi akut dari plak ateroma pembuluh darah koroner yang pecah. Hal ini berkaitan dengan perubahan komposisi plak dan penipisan lapisan fibrosa yang menutupi plak tersebut sehingga akan diikuti oleh proses agregasi trombosit dan aktivasi jalur koagulasi. Terbentuklah trombus yan
P058-007,sindroma-koroner-akut,058_PNPK_2019_Tata_Laksana_Sindroma_Koroner_Akut.pdf,20,symptoms,0,TOPIC_ALIGNMENT_UNCONFIRMED,NOT_CLINICALLY_VERIFIED,Gambaran EKG yang atipikal pada pasien dengan tanda dan gejala iskemia miokard yang sedang berlangsung menunjukkan perlunya tindakan segera
P058-010,sindroma-koroner-akut,058_PNPK_2019_Tata_Laksana_Sindroma_Koroner_Akut.pdf,46,symptoms,1,SYMPTOM_VS_TREATMENT_MIXTURE,NOT_CLINICALLY_VERIFIED,Left-to-right shunt yang terjadi sebagai akibat dari ruptur ini dapat menghasilkan tanda dan gejala gagal jantung kanan akut awitan baru. Operasi segera dikaitkan dengan laju mortalitas
P058-011,sindroma-koroner-akut,058_PNPK_2019_Tata_Laksana_Sindroma_Koroner_Akut.pdf,49,diagnosis,0,TOPIC_ALIGNMENT_UNCONFIRMED,NOT_CLINICALLY_VERIFIED,"Diagnosis Diagnosis angina pektoris tidak stabil dan Infark miokard non ST elevasi ditegakkan atas dasar keluhan angina tipikal yang dapat disertai dengan perubahan EKG spesifik, dengan atau tanpa peningkatan marka jantung"
P058-014,sindroma-koroner-akut,058_PNPK_2019_Tata_Laksana_Sindroma_Koroner_Akut.pdf,82,investigation,0,TOPIC_ALIGNMENT_UNCONFIRMED,NOT_CLINICALLY_VERIFIED,) Pemeriksaan laboratorium rutin lengkap dan EKG dilakukan sebelum memulai program rehabilitasi. b) Mengetahui hasil data echocardiography. c) Sebelum latihan pasien dapat mengkonsumsi nitrogliserin sublingual jika terdapat angina
P059-001,malaria,059_PNPK_2019_Tata_Laksana_Malaria.pdf,5,definition,1,DEFINITION_SEMANTICS_UNCERTAIN,NOT_CLINICALLY_VERIFIED,"Latar belakang Malaria masih merupakan salah satu masalah kesehatan masyarakat yang dapat menyebabkan kematian terutama pada kelompok risiko tinggi yaitu bayi, anak balita dan ibu hamil"
P059-002,malaria,059_PNPK_2019_Tata_Laksana_Malaria.pdf,6,definition,1,DEFINITION_SEMANTICS_UNCERTAIN,NOT_CLINICALLY_VERIFIED,"Pada tahun 2011 jumlah kematian malaria yang dilaporkan adalah 388 kasus. Upaya untuk menekan angka kesakitan dan kematian dilakukan melalui program pemberantasan malaria yang kegiatannya antara lain meliputi diagnosis dini, pengobatan cepat dan tepat, serta surveilans dan pengendalian vektor. Upaya meningkatkan pemahaman masyarakat tentang kesehatan"
P060-001,nyeri,060_PNPK_2019_Tata_Laksana_Nyeri.pdf,5,definition,1,DEFINITION_SEMANTICS_UNCERTAIN,NOT_CLINICALLY_VERIFIED,Latar belakang Nyeri merupakan keluhan yang paling banyak dialami oleh pasien di rumah sakit yang dapat menyebabkan konsekuensi fisiologis dan psikologis bagi pasien dan bahkan dapat berdampak sosial
P060-002,nyeri,060_PNPK_2019_Tata_Laksana_Nyeri.pdf,6,definition,1,DEFINITION_SEMANTICS_UNCERTAIN,NOT_CLINICALLY_VERIFIED,erkewajiban untuk mengambil peran sesuai kewenangannya untuk memenuhi kebutuhan pelayanan penanganan nyeri. Nyeri saat ini menjadi perhatian utama dalam pelayanan di rumah sakit karena penilaian dan tata laksana nyeri merupakan bagian dari hak pasien dalam pelayanan rumah sakit sesuai dengan persyaratan akreditasi rumah sakit. Pada Sistem Akreditasi Rumah Sakit oleh Komite Akreditasi Rumah Sakit disebutkan pentingnya
P061-002,malnutrisi-pada-dewasa,061_PNPK_2019_Tata_Laksana_Malnutrisi_Pada_Dewasa.pdf,21,definition,2,DEFINITION_SEMANTICS_UNCERTAIN,NOT_CLINICALLY_VERIFIED,ekomendasi skrining gizi awal adalah Malnutrition Screening Tools (MST) merupakan alat yang valid dalam penentuan pasien malnutrisi di rumah sakit (Level II A) MST dan MUST merupakan alat skrining yang valid dalam penentuan malnutrisi pasien di rumah sakit dan dapat memprediksi lama masa rawat (LOS) dan mortalitas baik pada pasien dewasa maupun pasien lanjut usia
P061-007,malnutrisi-pada-dewasa,061_PNPK_2019_Tata_Laksana_Malnutrisi_Pada_Dewasa.pdf,53,symptoms,0,TOPIC_ALIGNMENT_UNCONFIRMED,NOT_CLINICALLY_VERIFIED,"Keadaan ini merupakan kumpulan gejala klinis yang ditandai dengan penurunan berat badan baik massa otot dan massa lemak, penurunan aktivitas fisik, kapasitas fungsional, dan kekuatan otot"
P061-008,malnutrisi-pada-dewasa,061_PNPK_2019_Tata_Laksana_Malnutrisi_Pada_Dewasa.pdf,119,symptoms,0,TOPIC_ALIGNMENT_UNCONFIRMED,NOT_CLINICALLY_VERIFIED,"Gejala klinis kelebihan cairan meliputi edema ekstremitas, peningkatan berat badan, distensi abdomen atau kembung, mual, perut terasa cepat penuh, sesak saat aktivitas atau istirahat, ortopneu, dan paroksismal nokturnal dispneu"
P062-001,hiperbilirubinemia,062_PNPK_2019_Tata_Laksana_Hiperbilirubinemia.pdf,5,definition,1,DEFINITION_SEMANTICS_UNCERTAIN,NOT_CLINICALLY_VERIFIED,Hiperbilirubinemia berat dengan hiperbilirubinemia ensefalopati atau kernicterus merupakan morbiditas pada neonatus yang dapat dicegah
P063-002,hepatitis-b,063_PNPK_2019_Tata_Laksana_Hepatitis_B.pdf,7,definition,1,DEFINITION_SEMANTICS_UNCERTAIN,NOT_CLINICALLY_VERIFIED,"Penelusuran Pustaka dan Telaah Klinis Naskah PNPK ini berasal dari Konsensus Nasional Penatalaksanaan Hepatitis B dan disusun berdasarkan telaah literatur terbaru. Data-data ini mulai dikumpulkan sejak bulan Juli tahun 2016. Data yang dipilih adalah data yang memiliki imbas yang cukup signifikan dalam tata laksana hepatitis B namun masih relevan untuk diterapkan di Indonesia. Setelah data disusun menjadi naskah awal, b"
P063-004,hepatitis-b,063_PNPK_2019_Tata_Laksana_Hepatitis_B.pdf,10,symptoms,0,TOPIC_ALIGNMENT_UNCONFIRMED,NOT_CLINICALLY_VERIFIED,"Gejala klinis dan ikterus umumnya hilang setelah 1-3 bulan. Gejala lemah pada sebagian pasien akan bertahan walaupun kadar serum ALT telah normal. Pada pemeriksaan fisik dapat ditemukan hepatomegali, ikterus, dan demam dengan suhu yang rendah. Sebagian kecil pasien dapat ditemukan splenomegali dan spider nevi b. Infeks"
P063-005,hepatitis-b,063_PNPK_2019_Tata_Laksana_Hepatitis_B.pdf,10,symptoms,0,TOPIC_ALIGNMENT_UNCONFIRMED,NOT_CLINICALLY_VERIFIED,"Pada kasus eksaserbasi infeksi kronik VHB, pasien dapat bersifat asimtomatik maupun menunjukkan gejala yang menyerupai infeksi akut. Pada kasus yang jarang, dekompensasi hati terjadi pada kondisi ini. Pemeriksaan fisik dapat menunjukkan hasil yang normal maupun adanya stigmata dari penyakit hati kronik dan hepatomegali yang ringan. Pada pasien dengan sirosis, limpa dapat teraba dan terdapat gejala gagal hati sepe"
P063-013,hepatitis-b,063_PNPK_2019_Tata_Laksana_Hepatitis_B.pdf,85,symptoms,1,SYMPTOM_VS_TREATMENT_MIXTURE,NOT_CLINICALLY_VERIFIED,"gejala klinis) harus diberikan. Pada pasien yang terpajan secara perkutan maupun seksual, status HBsAg dan anti-HBs sumber pajanan dan orang yang terpajan harus diperiksa. Apabila orang yang terapajan terbukti memiliki kekebalan terhadap hepatitis B atau sumber pajanan terbukti HBsAg negatif, pemberian profilaksis pasc"
P064-001,hepatitis-c,064_PNPK_2019_Tata_Laksana_Hepatitis_C.pdf,6,definition,1,DEFINITION_SEMANTICS_UNCERTAIN,NOT_CLINICALLY_VERIFIED,"hepatitis C. Berdasarkan WHO’s Global Database of Blood Safety diperkirakan 43% produk darah di negara berkembang tidak mendapatkan penapisan virus hepatitis C yang adekuat. Prevalensi transmisi perinatal dari ibu yang tertular hepatitis C ke bayi adalah sebesar 5%. Transplantasi organ yang terinfeksi, perilaku seksual"
P064-002,hepatitis-c,064_PNPK_2019_Tata_Laksana_Hepatitis_C.pdf,6,definition,1,DEFINITION_SEMANTICS_UNCERTAIN,NOT_CLINICALLY_VERIFIED,"Prevalensi transmisi perinatal dari ibu yang tertular hepatitis C ke bayi adalah sebesar 5%. Transplantasi organ yang terinfeksi, perilaku seksual yang tidak aman terutama pada pasangan homoseksual, pembuatan tato juga dapat menjadi metode transmisi VHC meskipun dalam angka kejadian yang lebih rendah"
P064-008,hepatitis-c,064_PNPK_2019_Tata_Laksana_Hepatitis_C.pdf,14,investigation,0,TOPIC_ALIGNMENT_UNCONFIRMED,NOT_CLINICALLY_VERIFIED,Pemeriksaan Laboratorium Pemeriksaan serologi untuk mendeteksi anti-HCV dengan menggunakan teknik enzyme linkage immune sorbent assay (ELISA) atau chemi luminescent immune assay (CLIA)
P064-009,hepatitis-c,064_PNPK_2019_Tata_Laksana_Hepatitis_C.pdf,14,investigation,0,TOPIC_ALIGNMENT_UNCONFIRMED,NOT_CLINICALLY_VERIFIED,"Apabila terdapat keterbatasan akses pemeriksaan laboratorium, dapat dipertimbangkan pemeriksaan anti VHC menggunakan uji diagnostik cepat/rapid diagnostic test (RDT)"
P064-010,hepatitis-c,064_PNPK_2019_Tata_Laksana_Hepatitis_C.pdf,15,symptoms,0,TOPIC_ALIGNMENT_UNCONFIRMED,NOT_CLINICALLY_VERIFIED,Anti- RNAVHC Interpretasi Positif Positif Akut atau kronik bergantung pada gejala klinis Positif Negatif Status infeksi tidak dapat ditentukan (mungkin dalam status intermittent viremia) Negatif Positif Infeksi VHC akut awal; VHC kronik pada pasien dengan status imunosupresi; Pemeriksaan RNA VHC positif palsu Negatif Negatif Tidak terinfeksi VHC Tabel 2
P065-001,kanker-payudara,065_PNPK_2018_Tata_Laksana_Kanker_Payudara.pdf,8,definition,2,DEFINITION_SEMANTICS_UNCERTAIN,NOT_CLINICALLY_VERIFIED,"Prevensi dan Skrining Pencegahan (primer) adalah usaha agar tidak terkena kanker payudara. Pencegahan primer berupa mengurangi atau meniadakan faktor-faktor risiko yang diduga sangat erat kaitannya dengan peningkatan insiden kanker payudara. Pencegahan primer atau supaya tidak terjadinya kanker secara sederhana adalah mengetahui faktor- faktor risiko kanker payudara, seperti yang telah diseb"
P065-002,kanker-payudara,065_PNPK_2018_Tata_Laksana_Kanker_Payudara.pdf,8,definition,2,DEFINITION_SEMANTICS_UNCERTAIN,NOT_CLINICALLY_VERIFIED,"Pencegahan primer berupa mengurangi atau meniadakan faktor-faktor risiko yang diduga sangat erat kaitannya dengan peningkatan insiden kanker payudara. Pencegahan primer atau supaya tidak terjadinya kanker secara sederhana adalah mengetahui faktor- faktor risiko kanker payudara, seperti yang telah disebutkan diatas, dan berusaha menghindarinya. Prevensi primer agar tidak terjadi kanker payudara saat ini memang masih sulit, yang bisa dilakukan"
P065-006,kanker-payudara,065_PNPK_2018_Tata_Laksana_Kanker_Payudara.pdf,24,symptoms,0,TOPIC_ALIGNMENT_UNCONFIRMED,NOT_CLINICALLY_VERIFIED,"Sedangkan untuk populasi pasien, staging diperlukan untuk pengelompokkan pasien dengan gejala yang mirip untuk uji obat, kepentingan epidemiologi dan penelitian lainnya"
P065-008,kanker-payudara,065_PNPK_2018_Tata_Laksana_Kanker_Payudara.pdf,63,diagnosis,0,TOPIC_ALIGNMENT_UNCONFIRMED,NOT_CLINICALLY_VERIFIED,"Secara umum, World Health Organization (WHO) mendefinisikan malnutrisi berdasarkan IMT <18,5 kg/m2, namun menurut ESPEN 2015 diagnosis malnutrisi dapat ditegakkan berdasarkan kriteria: 1) Pilihan 1: IMT <18,5 kg/m2 2) Pilihan 2: Penurunan BB yang tidak direncanakan >10% dalam kurun waktu tertentu atau penurunan berat badan >5% dalam waktu 3 bulan, disertai dengan salah satu pilihan berikut: a) IMT <20 kg/m2 pada usia <70 tahun atau IMT <22 k"
P065-009,kanker-payudara,065_PNPK_2018_Tata_Laksana_Kanker_Payudara.pdf,80,symptoms,0,TOPIC_ALIGNMENT_UNCONFIRMED,NOT_CLINICALLY_VERIFIED,"gejala yang diketahuinya. Ada dua fase didalam sistem follow up, yaitu perawatan atau penilaian lanjutan dari penyakitnya setelah mendapat pengobatan dan penilaian penderita secara keseluruhan. 2. Tujuan Banyak dokter dan penderita menganggap tujuan utama dari follow up adalah deteksi akan adanya kekambuhan dan berhara"
P066-003,tindakan-resusitasi-stabilitasi-dan-tranpor-bayi-berat-lahir-r,066_PNPK_2018_Tata_Laksana_Tindakan_Resusitasi_Stabilitasi_dan_Tranpor_Bayi_Berat_Lahir_R.pdf,41,symptoms,0,TOPIC_ALIGNMENT_UNCONFIRMED,NOT_CLINICALLY_VERIFIED,"Gejala klinis hipoglikemia seringnya asimtomatis. Gejala hipoglikemia adalah tidak spesifik jitteriness, rewel/gelisah, hipotonia, letargi, tangis yang high-pitch atau tangis lemah"
P066-004,tindakan-resusitasi-stabilitasi-dan-tranpor-bayi-berat-lahir-r,066_PNPK_2018_Tata_Laksana_Tindakan_Resusitasi_Stabilitasi_dan_Tranpor_Bayi_Berat_Lahir_R.pdf,79,symptoms,0,TOPIC_ALIGNMENT_UNCONFIRMED,NOT_CLINICALLY_VERIFIED,Waspadai tanda dan gejala infeksi yang tidak kentara. 3. Ingat bahwa hasil pemeriksaan darah lengkap dapat normal pada stadium awal terjadinya infeksi. 4. Ambil volume darah yang cukup untuk kultur darah
P067-002,otitis-media-supuratif-kronik,067_PNPK_2018_Tata_Laksana_Otitis_Media_Supuratif_Kronik.pdf,11,symptoms,0,TOPIC_ALIGNMENT_UNCONFIRMED,NOT_CLINICALLY_VERIFIED,"Gejala-gejala yang mengindikasikan adanya komplikasi, seperti: 1) Paralisis wajah sementara atau menetap 2) Otalgia 3) Vertigo 4) Demam tinggi 5) Fotofobia 6) Bengkak di belakang telinga (mengindikasikan mastoiditis) d"
P067-009,otitis-media-supuratif-kronik,067_PNPK_2018_Tata_Laksana_Otitis_Media_Supuratif_Kronik.pdf,36,symptoms,0,TOPIC_ALIGNMENT_UNCONFIRMED,NOT_CLINICALLY_VERIFIED,"Sebuah serial kasus oleh Arriaga MA, dkk mengevaluasi478 pasien yang diperiksakan dengan kursi barani dan ENG denganhanya 185 pasientersebut mengalami tanda dan gejala vestibulopati perifer termasuk labirintitis. Hasilnya untuk luaran vestibulopati perifer, kursi barani memiliki sensitivitas 71% dibandingkan ENG yang hanya 31% (p<0.001). Namun, spesifisitas kursi barani hanya 54% dibandingkan 86% pada ENG (p<0.001). NPP kursi barani sebesar"
P067-010,otitis-media-supuratif-kronik,067_PNPK_2018_Tata_Laksana_Otitis_Media_Supuratif_Kronik.pdf,44,symptoms,0,TOPIC_ALIGNMENT_UNCONFIRMED,NOT_CLINICALLY_VERIFIED,"Gejala yang muncul pada pasien yaitu sakit kepala (69%), demam (53%), defisit neurologis (48%), mual atau muntah (47%), penurunan kesadaran (43%), papilledema (35%), kaku kuduk (32%), dan kejang (25%)"
P069-001,tonsilitis,069_PNPK_2018_Tata_Laksana_Tonsilitis.pdf,5,definition,1,DEFINITION_SEMANTICS_UNCERTAIN,NOT_CLINICALLY_VERIFIED,"Penderita tonsilitis juga merupakan pasien yang sering datang pada praktek dokter ahli bagian telinga hidung tenggorok-bedah kepala dan leher (THT-KL), dokter anak, maupun tempat pelayanan kesehatan lainnya"
P069-002,tonsilitis,069_PNPK_2018_Tata_Laksana_Tonsilitis.pdf,12,definition,1,DEFINITION_SEMANTICS_UNCERTAIN,NOT_CLINICALLY_VERIFIED,"Definisi, Patofisiologi, dan Klasifikasi Tonsilitis Tonsil adalah massa yang terdiri atas jaringan limfoid dan ditunjang oleh jaringan ikat dengan kriptus didalamnya"
P069-004,tonsilitis,069_PNPK_2018_Tata_Laksana_Tonsilitis.pdf,17,symptoms,1,SYMPTOM_VS_TREATMENT_MIXTURE,NOT_CLINICALLY_VERIFIED,keluhan yang tidak signifikan. B. Penegakan Diagnosis Tonsilitis Manifestasi klinis sangat berperan dalam penegakan diagnosis tonsilitis. Diperlukan anamnesis dan pemeriksaan fisik serta pemeriksaan penunjang yang tepat untuk dapat mendiagnosis tonsilitis dengan benar dan menentukan tata laksana selanjutnya. 1. Manifes
P069-010,tonsilitis,069_PNPK_2018_Tata_Laksana_Tonsilitis.pdf,27,diagnosis,0,TOPIC_ALIGNMENT_UNCONFIRMED,NOT_CLINICALLY_VERIFIED,Diagnosis dapat ditegakkan dari gambaran klinis dan dengan menemukan kuman penyebab dari preparat langsung kuman dari permukaan bawah membran semu
P069-011,tonsilitis,069_PNPK_2018_Tata_Laksana_Tonsilitis.pdf,27,diagnosis,0,TOPIC_ALIGNMENT_UNCONFIRMED,NOT_CLINICALLY_VERIFIED,Cara yang lebih akurat dengan identifikasi menggunakan flouroscent antibody technique dan diagnosis pasti dengan isolasi kuman penyebab pada media Loeffler. b
P070-001,kanker-serviks,070_PNPK_2018_Tata_Laksana_Kanker_Serviks.pdf,7,definition,2,DEFINITION_SEMANTICS_UNCERTAIN,NOT_CLINICALLY_VERIFIED,"Penyebab dan Faktor Risiko Penyebab kanker serviks diketahui adalah virus HPV (Human Papilloma Virus) sub tipe onkogenik, terutama sub tipe 16 dan 18"
P070-006,kanker-serviks,070_PNPK_2018_Tata_Laksana_Kanker_Serviks.pdf,12,definition,2,DEFINITION_SEMANTICS_UNCERTAIN,NOT_CLINICALLY_VERIFIED,"Standar Pemotongan Makroskopik Kanker Serviks Standar operasi pada kanker serviks yang operable adalah histerektomi radikal yang mengangkat organ uterus, serviks, vagina, parametrium kanan dan kiri, salphingo-oforektomi bilateral, serta limfadenektomi kelenjar getah bening regional. 1"
P070-007,kanker-serviks,070_PNPK_2018_Tata_Laksana_Kanker_Serviks.pdf,26,diagnosis,0,TOPIC_ALIGNMENT_UNCONFIRMED,NOT_CLINICALLY_VERIFIED,"Secara umum, World Health Organization (WHO) mendefinisikan malnutrisi berdasarkan IMT <18,5 kg/m2, namun diagnosis malnutrisi menurut ESPEN 2015 dapat ditegakkan berdasarkan kriteria: 1) Pilihan 1: IMT <18,5 kg/m2 2) Pilihan 2: Penurunan BB yang tidak direncanakan >10% dalam kurun waktu tertentu atau penurunan berat badan >5% dalam waktu 3 bulan, disertai dengan salah satu pilihan berikut: a) IMT <20 kg/m2 pada usia <70 t"
P070-009,kanker-serviks,070_PNPK_2018_Tata_Laksana_Kanker_Serviks.pdf,27,diagnosis,0,TOPIC_ALIGNMENT_UNCONFIRMED,NOT_CLINICALLY_VERIFIED,Diagnosis kaheksia ditegakkan apabila terdapat penurunan BB ≥5% dalam waktu ≤12 bulan atau IMT<20 kg/m2 disertai dengan 3 dari 5 kriteria: 1) penurunan kekuatan otot; 2) fatique atau kelelahan; 3) anoreksia; 4) massa lemak tubuh rendah; dan 5) abnormalitas biokimiawi berupa peningkatan petanda inflamasi (C Reactive Pro
P070-010,kanker-serviks,070_PNPK_2018_Tata_Laksana_Kanker_Serviks.pdf,27,diagnosis,0,TOPIC_ALIGNMENT_UNCONFIRMED,NOT_CLINICALLY_VERIFIED,"Kriteria diagnosis sindrom kaheksia Berdasarkan kriteria diagnosis tersebut, dapat dijelaskan beberapa hal berikut ini: 1) Fatigue diartikan sebagai kelelahan fisik ataupun mental dan ketidakmampuan melakukan aktivitas fisik dengan intensitas dan performa sebaik sebelumnya. 2) Anoreksia diartikan sebagai asupan makanan"
P071-001,thalasemia,071_PNPK_2018_Tata_Laksana_Thalasemia.pdf,3,definition,1,DEFINITION_SEMANTICS_UNCERTAIN,NOT_CLINICALLY_VERIFIED,"Pedoman Nasional Pelayanan Kedokteran Tata Laksana Thalasemia yang selanjutnya disebut PNPK Tata Laksana Thalasemia merupakan pedoman bagi dokter sebagai pembuat keputusan klinis di fasilitas pelayanan kesehatan, institusi pendidikan, dan kelompok profesi terkait"
P071-004,thalasemia,071_PNPK_2018_Tata_Laksana_Thalasemia.pdf,17,diagnosis,0,TOPIC_ALIGNMENT_UNCONFIRMED,NOT_CLINICALLY_VERIFIED,"Diagnosis thalassemia ditegakkan dengan berdasarkan kriteria anamnesis, pemeriksaan fisis, dan laboratorium"
P071-005,thalasemia,071_PNPK_2018_Tata_Laksana_Thalasemia.pdf,23,investigation,0,TOPIC_ALIGNMENT_UNCONFIRMED,NOT_CLINICALLY_VERIFIED,"Transfusi dilakukan apabila dari pemeriksaan laboratorium terbukti pasien menderita thalassemia mayor, atau apabila Hb <7g/dL setelah 2x pemeriksaan dengan selang waktu >2 minggu, tanpa adanya tanda infeksi atau didapatkan nilai Hb >7gr/dL dan dijumpai, gagal tumbuh, dan/atau deformitas tulang akibat thalassemia"
P071-006,thalasemia,071_PNPK_2018_Tata_Laksana_Thalasemia.pdf,23,investigation,0,TOPIC_ALIGNMENT_UNCONFIRMED,NOT_CLINICALLY_VERIFIED,(Level of evidence IV) Evaluasi sebelum transfusi Pasien perlu menjalani pemeriksaan laboratorium berikut sebelum memulai transfusi pertama: a
P071-007,thalasemia,071_PNPK_2018_Tata_Laksana_Thalasemia.pdf,27,symptoms,0,TOPIC_ALIGNMENT_UNCONFIRMED,NOT_CLINICALLY_VERIFIED,"Reaksi ringan seperti urtikaria, gatal, dan ruam kemerahan, sedangkan gejala yang berat meliputi stridor, bronkospasme, hipotensi, hingga reaksi anafilaksis"
P071-008,thalasemia,071_PNPK_2018_Tata_Laksana_Thalasemia.pdf,31,investigation,0,TOPIC_ALIGNMENT_UNCONFIRMED,NOT_CLINICALLY_VERIFIED,"pemeriksaan laboratorium dari sampel darah dan urin - Bila terdapat kecurigaan ke arah koagulasi intravaskular diseminata (KID) berikan transfusi trombosit dan kriopresipitat, atau FFP - Evaluasi ulang, bila hipotensi: o Berikan salin normal 20-30 ml/kg dalam 5 menit o Berikan inotrop, jika tersedia - Bila terdapat tan"
P071-009,thalasemia,071_PNPK_2018_Tata_Laksana_Thalasemia.pdf,41,symptoms,0,TOPIC_ALIGNMENT_UNCONFIRMED,NOT_CLINICALLY_VERIFIED,"Gejala klinis setiap 3-4 setiap 3-4 setiap 3-4 (mual, diare, minggu minggu minggu gangguan penglihatan warna) Non-responder kelasi besi Sebelum menentukan seorang pasien sebagai non-responder kelasi besi, klinisi perlu mengobservasi pasien dalam durasi yang cukup dan meninjau beberapa aspek terlebih dahulu"
P071-010,thalasemia,071_PNPK_2018_Tata_Laksana_Thalasemia.pdf,57,symptoms,0,TOPIC_ALIGNMENT_UNCONFIRMED,NOT_CLINICALLY_VERIFIED,"iagnosis komplikasi jantung Tanda dan gejala Gejala yang timbul dapat berupa nyeri dada dan palpitasi, aritmia, dan tanda-tanda gagal jantung secara umum"
P071-011,thalasemia,071_PNPK_2018_Tata_Laksana_Thalasemia.pdf,60,symptoms,0,TOPIC_ALIGNMENT_UNCONFIRMED,NOT_CLINICALLY_VERIFIED,"REKOMENDASI Skrining komplikasi jantung pada thalassemia dimulai pada usia 10 tahun atau lebih dini jika terdapat gejala klinis.(GRADE B) Skrining komplikasi jantung yang terbaik adalah MRI T2*.(GRADE A) Pemeriksaan MRI T2* ulangan tiap 2 tahun jika MRI T2* saat ini > 20 ms, tiap tahun jika 10-20 ms, tiap 6 bulan jika <10 ms, tiap 3 bulan jika <10 ms dengan tanda gagal jantung jelas"
P071-012,thalasemia,071_PNPK_2018_Tata_Laksana_Thalasemia.pdf,71,diagnosis,0,TOPIC_ALIGNMENT_UNCONFIRMED,NOT_CLINICALLY_VERIFIED,"Diagnosis infeksi akibat yersinia dapat ditegakkan dari kultur khusus, pada suhu 22oC selama 48 jam"
P071-013,thalasemia,071_PNPK_2018_Tata_Laksana_Thalasemia.pdf,78,diagnosis,0,TOPIC_ALIGNMENT_UNCONFIRMED,NOT_CLINICALLY_VERIFIED,"Diagnosis ditegakkan bila kadar HbA2 >3,5%. c) Analisis DNA Saxena dkk melaporkan hasil analisis mutasi DNA dengan menggunakan metode Amplification Refractory Mutation System (ARMS) pada diagnosis pranatal terhadap 415 kehamilan"
P072-001,kanker-prostat,072_PNPK_2018_Tata_Laksana_Kanker_Prostat.pdf,9,definition,2,DEFINITION_SEMANTICS_UNCERTAIN,NOT_CLINICALLY_VERIFIED,"Oleh karena itu, bila kita membicarakan kanker prostat berkonotasi sebagai Adenokarsinoma prostat. Kanker prostat adalah keganasan tersering dan penyebab kematian karena kanker paling utama pada pria di negara Barat, menyebabkan 94.000 kematian di Eropa pada 2008 dan lebih dari 28.000 kematian di Amerika Serikat pada 2012. Data di Amerika Serikat menunjukkan"
P072-002,kanker-prostat,072_PNPK_2018_Tata_Laksana_Kanker_Prostat.pdf,9,definition,2,DEFINITION_SEMANTICS_UNCERTAIN,NOT_CLINICALLY_VERIFIED,"Kanker prostat adalah keganasan tersering dan penyebab kematian karena kanker paling utama pada pria di negara Barat, menyebabkan 94.000 kematian di Eropa pada 2008 dan lebih dari 28.000 kematian di Amerika Serikat pada 2012"
P072-009,kanker-prostat,072_PNPK_2018_Tata_Laksana_Kanker_Prostat.pdf,17,symptoms,0,TOPIC_ALIGNMENT_UNCONFIRMED,NOT_CLINICALLY_VERIFIED,"Pemeriksaan fisik, foto thoraks, ultrasonografi, CT dan MRI adalah metode yang digunakan terutama bila terdapat gejala yang menunjukkan adanya kemungkinan metastasis. Fluoride PRT/CT memiliki spesifitas yang sana dan sensitifitas yang lebih baik dibandinkan metode sidik tulang untuk mendeteksi metastasis tulang. Akan tetapi, fluoride PET/CT, MRI whole body dan Prostate Specific Membrane Antigen (PSMA) PET/CT menunjukkan sesitifi"
P072-011,kanker-prostat,072_PNPK_2018_Tata_Laksana_Kanker_Prostat.pdf,41,diagnosis,0,TOPIC_ALIGNMENT_UNCONFIRMED,NOT_CLINICALLY_VERIFIED,"Secara umum, World Health Organization (WHO) mendefinisikan malnutrisi berdasarkan IMT <18,5 kg/m2, namun menurut ESPEN 2015 diagnosis malnutrisi dapat ditegakkan berdasarkan kriteria: Pilihan 1 : IMT <18,5 kg/m Pilihan 2 : Penurunan BB yang tidak direncanakan >10% dalam kurun waktu tertentu atau penurunan berat badan >5% dalam waktu 3 bulan, disertai dengan salah satu pilihan berikut: a"
P072-012,kanker-prostat,072_PNPK_2018_Tata_Laksana_Kanker_Prostat.pdf,41,diagnosis,0,TOPIC_ALIGNMENT_UNCONFIRMED,NOT_CLINICALLY_VERIFIED,"Diagnosis kaheksia ditegakkan apabila terdapat penurunan BB ≥5% dalam waktu ≤12 bulan atau IMT<20 kg/m2 disertai dengan 3 dari 5 kriteria: a. penurunan kekuatan otot; b. fatique atau kelelahan; c. anoreksia; d. massa lemak tubuh rendah; e. abnormalitas biokimiawi, berupa peningkatan petanda inflamasi (C Reactive Protei"
P072-015,kanker-prostat,072_PNPK_2018_Tata_Laksana_Kanker_Prostat.pdf,73,symptoms,2,SYMPTOM_VS_TREATMENT_MIXTURE,NOT_CLINICALLY_VERIFIED,"Penderita (khususnya M1b) perlu mendapat informasi mengenai kemungkinan kompresi medula spinalis dan gejala klinis yang menyertainya. Jika progresi penyakit terjadi atau jika respons terapi tidak adekuat, pemantauan harus disesuaikan. Pencitraan rutin tidak direkomendasikan. 4. Castrate Resistant Prostate Cancer (CRPC) CRPC didefinisikan sebagai tahap lanjut kanker prostat yang tetap progresif dalam terapi penekanan a"
P073-001,kanker-kolorektal,073_PNPK_2018_Tata_Laksana_Kanker_Kolorektal.pdf,5,definition,2,DEFINITION_SEMANTICS_UNCERTAIN,NOT_CLINICALLY_VERIFIED,"Menurut American Cancer Society, kanker kolorektal (KKR) adalah kanker ketiga terbanyak dan merupakan kanker penyebab kematian kedua terbanyak pada pria dan wanita di Amerika Serikat"
P073-002,kanker-kolorektal,073_PNPK_2018_Tata_Laksana_Kanker_Kolorektal.pdf,9,definition,2,DEFINITION_SEMANTICS_UNCERTAIN,NOT_CLINICALLY_VERIFIED,"Pengertian dan Epidemiologi Kanker kolorektal adalah keganasan yang berasal dari jaringan usus besar, terdiri dari kolon (bagian terpanjang dari usus besar) dan atau rektum (bagian kecil terakhir dari usus besar sebelum anus)"
P073-003,kanker-kolorektal,073_PNPK_2018_Tata_Laksana_Kanker_Kolorektal.pdf,14,symptoms,0,TOPIC_ALIGNMENT_UNCONFIRMED,NOT_CLINICALLY_VERIFIED,"Pemeriksaan ulang dilakukan jika sudah muncul gejala klinis. Pemeriksaan ini bermanfaat terutama pada tumor rektum distal. Untuk akurasi penentuan stadium dari pemeriksaan colok dubur sangat tergantung kepada pengalaman dokter pemeriksa. Pemeriksaan colok dubur lebih akurat dalam penetapan stadium lokal lanjut daripada stadium tumor dini, sehingga nilainya untuk k"
P073-005,kanker-kolorektal,073_PNPK_2018_Tata_Laksana_Kanker_Kolorektal.pdf,77,symptoms,0,TOPIC_ALIGNMENT_UNCONFIRMED,NOT_CLINICALLY_VERIFIED,Penyumbatan ini dapat terjadi pada setiap titik sepanjang traktus gastrointestinal dan gejala klinis yang muncul tergantung pada tingkat obstruksi yang terjadi
P073-006,kanker-kolorektal,073_PNPK_2018_Tata_Laksana_Kanker_Kolorektal.pdf,78,symptoms,0,TOPIC_ALIGNMENT_UNCONFIRMED,NOT_CLINICALLY_VERIFIED,"1) Gambaran Klinis Gambaran klinis dapat berupa nyeri kolik abdomen, distensi, perubahan tingkat kesadaran, kemudian baru diikuti dengan muntah feculent (muntahan kental dan berbau busuk bercampur feses), pasien tampak dehidrasi dan sampai timbul syok atau renjatan ditandai dengan akral dingin, kulit kering dan tekanan darah menurun"
P073-007,kanker-kolorektal,073_PNPK_2018_Tata_Laksana_Kanker_Kolorektal.pdf,82,investigation,0,TOPIC_ALIGNMENT_UNCONFIRMED,NOT_CLINICALLY_VERIFIED,"2) Diagnosis Pada kasus perdarahan saluran cerna bagian bawah, kolonoskopi dilakukan untuk mengetahui sumber asal perdarahannya dan sekaligus dilakukan biopsi untuk mengetahui diagnosa histopatologi. CT scan untuk mengetahui lokasi perdarahan di abdomen, massa abdomen dan ekstensi dari massa tumor. Technisium 99 scintigafi Red Blood Cell (TC99 RBC) dapat dipercaya 100% dan sensitifitasnya 91%, untuk menegakkan sumber perdarahan. TC99 RBC dik"
P073-009,kanker-kolorektal,073_PNPK_2018_Tata_Laksana_Kanker_Kolorektal.pdf,99,diagnosis,0,TOPIC_ALIGNMENT_UNCONFIRMED,NOT_CLINICALLY_VERIFIED,"Secara umum, World Health Organization (WHO) mendefinisikan malnutrisi berdasarkan IMT <18,5 kg/m2, namun menurut ESPEN 2015 diagnosis malnutrisi dapat ditegakkan berdasarkan kriteria: a. Pilihan 1: IMT <18,5 kg/m2 b. Pilihan 2: Penurunan BB yang tidak direncanakan >10% dalam kurun waktu tertentu atau penurunan berat badan >5% dalam waktu 3 bulan, disertai dengan salah satu pilihan berikut, IMT <20 kg/m2 pada usia <70 tahun atau IMT <22 kg/m"
P073-011,kanker-kolorektal,073_PNPK_2018_Tata_Laksana_Kanker_Kolorektal.pdf,100,diagnosis,0,TOPIC_ALIGNMENT_UNCONFIRMED,NOT_CLINICALLY_VERIFIED,"Diagnosis kaheksia ditegakkan apabila terdapat penurunan BB ≥5% dalam waktu ≤12 bulan atau IMT <20 kg/m2 disertai dengan 3 dari 5 kriteria yaitu penurunan kekuatan otot, fatique atau kelelahan, anoreksia, massa lemak tubuh rendah, dan abnormalitas biokimiawi, berupa peningkatan petanda inflamasi (C Reactive Protein (CRP) >5 mg/L atau IL-6 >4 pg/dL), anemia (Hb <12 g/dL), penurunan albumin serum (<3,2 g/dL)"
P073-012,kanker-kolorektal,073_PNPK_2018_Tata_Laksana_Kanker_Kolorektal.pdf,100,diagnosis,0,TOPIC_ALIGNMENT_UNCONFIRMED,NOT_CLINICALLY_VERIFIED,"Berdasarkan kriteria diagnosis tersebut, dapat dijelaskan beberapa hal berikut ini, Fatigue diartikan sebagai kelelahan fisik ataupun mental dan ketidakmampuan melakukan aktivitas fisik dengan intensitas dan performa sebaik sebelumnya"
P074-003,penyakit-ginjal-tahap-akhir,074_PNPK_2017_Tata_Laksana_Penyakit_Ginjal_Tahap_Akhir.pdf,79,symptoms,0,TOPIC_ALIGNMENT_UNCONFIRMED,NOT_CLINICALLY_VERIFIED,3) Hasil penelusuran pustaka The International Society of Peritoneal Dialysis (ISPD) telah mengembangkan sistem penilaian yang sederhana mengenai tanda dan gejala infeksi di lokasi DP yang mudah digunakan dan memberikan panduan tentang penatalaksanaan segera tanpa menunggu hasil pemeriksaan apusan
P075-001,lakasana-komplikasi-kehamilan,075_PNPK_2017_Tata_Lakasana_Komplikasi_Kehamilan.pdf,10,investigation,0,TOPIC_ALIGNMENT_UNCONFIRMED,NOT_CLINICALLY_VERIFIED,Tidak semua pemeriksaan penunjang terbukti signifikan sebagai penanda yang baik dan dapat memperbaiki luaran
P075-002,lakasana-komplikasi-kehamilan,075_PNPK_2017_Tata_Lakasana_Komplikasi_Kehamilan.pdf,12,investigation,0,TOPIC_ALIGNMENT_UNCONFIRMED,NOT_CLINICALLY_VERIFIED,"o Pemeriksaan laboratorium Pada beberapa kasus, diperlukan tes laboratorium untuk menyingkirkan kemungkinan lain keluarnya cairan/duh dari vagina/ perineum"
P075-003,lakasana-komplikasi-kehamilan,075_PNPK_2017_Tata_Lakasana_Komplikasi_Kehamilan.pdf,13,investigation,0,TOPIC_ALIGNMENT_UNCONFIRMED,NOT_CLINICALLY_VERIFIED,"Prinsipnya penatalaksanaan ini diawali dengan anamnesis, pemeriksaan fisik, dan beberapa pemeriksaan penunjang yang mencurigai tanda-tanda KPD. Setelah mendapatkan diagnosis pasti, dokter kemudian melakukan penatalaksanaan berdasarkan usia gestasi. Hal ini berkaitan dengan proses kematangan organ janin, dan bagaimana morbiditas dan mortalitas apabila dilakukan persalinan maupun tokolisis. Terdapat dua mana"
P075-004,lakasana-komplikasi-kehamilan,075_PNPK_2017_Tata_Lakasana_Komplikasi_Kehamilan.pdf,13,diagnosis,0,TOPIC_ALIGNMENT_UNCONFIRMED,NOT_CLINICALLY_VERIFIED,"Setelah mendapatkan diagnosis pasti, dokter kemudian melakukan penatalaksanaan berdasarkan usia gestasi"
P075-005,lakasana-komplikasi-kehamilan,075_PNPK_2017_Tata_Lakasana_Komplikasi_Kehamilan.pdf,23,definition,2,DEFINITION_SEMANTICS_UNCERTAIN,NOT_CLINICALLY_VERIFIED,komplikasi kehamilan dan persalinan. Tingginya Angka Kematian Ibu (AKI) masih merupakan masalah kesehatan di Indonesia dan juga mencerminkan kualitas pelayanan kesehatan selama kehamilan dan nifas.1 AKI di Indonesia masih merupakan salah satu yang tertinggi di negara Asia Tenggara. Berdasarkan Survei Demografi dan Kese
P075-009,lakasana-komplikasi-kehamilan,075_PNPK_2017_Tata_Lakasana_Komplikasi_Kehamilan.pdf,33,symptoms,0,TOPIC_ALIGNMENT_UNCONFIRMED,NOT_CLINICALLY_VERIFIED,"Penegakkan Diagnosis Preeklampsia Berat Beberapa gejala klinis dapat meningkatkan morbiditas dan mortalitas pada preeklampsia, dan jika gejala tersebut didapatkan, maka akan dikategorikan menjadi kondisi pemberatan dari preeklampsia atau disebut dengan preeklampsia berat"
P075-010,lakasana-komplikasi-kehamilan,075_PNPK_2017_Tata_Lakasana_Komplikasi_Kehamilan.pdf,34,diagnosis,0,TOPIC_ALIGNMENT_UNCONFIRMED,NOT_CLINICALLY_VERIFIED,Kriteria Diagnosis Preeklampsia Kriteria Minimal Preeklampsia Hipertensi : Tekanan darah sekurang-kurangnya 140 mmHg sistolik atau 90 mmHg diastolik pada dua kali pemeriksaan berjarak 15 menit menggunakan lengan yang sama Dan Protein urin : Protein urin melebihi 300 mg dalam 24 jam atau tes urin dipstik > positif 1 Jik
P075-012,lakasana-komplikasi-kehamilan,075_PNPK_2017_Tata_Lakasana_Komplikasi_Kehamilan.pdf,146,symptoms,0,TOPIC_ALIGNMENT_UNCONFIRMED,NOT_CLINICALLY_VERIFIED,tanda dan gejala mungkin belum muncul sampai kehilangan darah melebihi batas toleransi fisiologis tubuh
P076-003,epilepsi-pada-anak,076_PNPK_2017_Tata_Laksana_Epilepsi_Pada_Anak.pdf,22,definition,2,DEFINITION_SEMANTICS_UNCERTAIN,NOT_CLINICALLY_VERIFIED,"Diagnosis epilepsi pada anak dan remaja dapat ditegakkan oleh dokter spesialis anak yang sudah dilatih dan/atau pakar di bidang epilepsi. A. DIAGNOSIS KEJANG EPILEPTIK Diagnosis epilepsi merupakan diagnosis klinis yang terutama ditegakkan atas dasar anamnesis dan pemeriksaan fisis-neurologis. Penegakkan diagnosis epilepsi dimulai dengan penentuan secara klinis apakah kejang merupakan kejang epileptik, berdasar atas deskripsi serangan atau penga"
P076-006,epilepsi-pada-anak,076_PNPK_2017_Tata_Laksana_Epilepsi_Pada_Anak.pdf,23,investigation,0,TOPIC_ALIGNMENT_UNCONFIRMED,NOT_CLINICALLY_VERIFIED,"namnesis, pemeriksaan fisis, serta pemeriksaan penunjang sesuai indikasi yang ditemukan pada anamnesis dan pemeriksaan fisis"
P076-012,epilepsi-pada-anak,076_PNPK_2017_Tata_Laksana_Epilepsi_Pada_Anak.pdf,45,investigation,0,TOPIC_ALIGNMENT_UNCONFIRMED,NOT_CLINICALLY_VERIFIED,"Pemeriksaan laboratorium hanya diperlukan pada kasus yang simtomatik dan memperlihatkan gejala efek samping (peringkat bukti 3, derajat rekomendasi C)"
P077-007,infeksi-intraabdominal,077_PNPK_2017_Tata_Laksana_Infeksi_Intraabdominal.pdf,14,symptoms,2,SYMPTOM_VS_TREATMENT_MIXTURE,NOT_CLINICALLY_VERIFIED,"tanda dan gejala inflamasi sistemik dan masalah abdomen. Pada kasus non-pascaoperatif abdomen, tanda- tanda disfungsi saluran cerna seperti nyeri abdomen akut, anoreksia, nausea, muntah, distensi dan obstipasi adalah tanda sugestif infeksi intraabdominal komplikata. Namun pada pasien lansia atau dalam terapi immunosupr"
P077-011,infeksi-intraabdominal,077_PNPK_2017_Tata_Laksana_Infeksi_Intraabdominal.pdf,56,symptoms,0,TOPIC_ALIGNMENT_UNCONFIRMED,NOT_CLINICALLY_VERIFIED,idak memungkinkan sehingga antimikroba menjadi pilihan dan (2 )pasien dengan tanda dan gejala apendiksitis yang konsisten tidak mencari pengobatan yang akan mengalami resolusi spontan
P079-001,trauma,079_PNPK_2017_Tata_Laksana_Trauma.pdf,5,definition,1,DEFINITION_SEMANTICS_UNCERTAIN,NOT_CLINICALLY_VERIFIED,"trauma. Saat ini dokter yang mempunyai kompetensi tata laksana kasus trauma secara holistik di Indonesia adalah dokter spesialis bedah umum, sekaligus dan sebaiknya bertindak sebagai team leader dalam tim trauma serta bertanggung jawab penuh atas pengelolaan pasien trauma. Dokter Spesialis Bedah Umum Indonesia melayani"
P079-002,trauma,079_PNPK_2017_Tata_Laksana_Trauma.pdf,5,definition,1,DEFINITION_SEMANTICS_UNCERTAIN,NOT_CLINICALLY_VERIFIED,"Menurut the American College of Surgeons (ACS) Committee on Trauma, Trauma Team Leader (TTL) pada suatu pusat trauma adalah dokter spesialis bedah umum"
P079-007,trauma,079_PNPK_2017_Tata_Laksana_Trauma.pdf,62,symptoms,0,TOPIC_ALIGNMENT_UNCONFIRMED,NOT_CLINICALLY_VERIFIED,"gejala klinis. Beberapa studi menyimpulkan bahwa foto servikal dengan 3 view, yaitu lateral, anterioposterior dan open mouth odontoid, ditambah CT scan axial potongan tipis dengan rekonstruksi sagital melalui daerah yang dicurigai adanya cedera akan menghasilkan negative palsu kurang dari 0.1% bila foto tersebut dilaku"
P079-011,trauma,079_PNPK_2017_Tata_Laksana_Trauma.pdf,82,symptoms,0,TOPIC_ALIGNMENT_UNCONFIRMED,NOT_CLINICALLY_VERIFIED,"Pada penelitian terhadap 118 penderita luka tembus leher dengan gejala klinis yang minimal, Weigelt JA dkk. melakukan pemeriksaan esofagografi dan esofagoskopi"
P080-003,penyakit-hirschprung,080_PNPK_2017_Tata_Laksana_Penyakit_Hirschprung.pdf,9,symptoms,0,TOPIC_ALIGNMENT_UNCONFIRMED,NOT_CLINICALLY_VERIFIED,gejala klinis berupa gangguan pasase usus. Embriologi dan Etiologi Tabung neural terbentuk dan bermigrasi ke arah craniocaudal dan mencapai rektum pada minggu ke-12. Plexus mientericus aurbach terbentuk lebih dahulu diikuti dengan terbentuknya plexus submukosa meissner’s. Beberapa kondisi abnormal pada proses penurunan
P080-014,penyakit-hirschprung,080_PNPK_2017_Tata_Laksana_Penyakit_Hirschprung.pdf,19,symptoms,0,TOPIC_ALIGNMENT_UNCONFIRMED,NOT_CLINICALLY_VERIFIED,Gejala yang sering timbul adalah didapatkan darah merah segar atau tetesan darah merah segar dari anus dan juga bersamaan dengan nyeri saat defekasi
P081-001,kedokteran-jiwa,081_PNPK_2015_Kedokteran_Jiwa.pdf,3,definition,1,DEFINITION_SEMANTICS_UNCERTAIN,NOT_CLINICALLY_VERIFIED,"Pengertian dan Tujuan Panduan Nasional Pelayanan Kedokteran Jiwa adalah panduan prosedur standar operasional dalam pelayanan dan perawatan pasien yang harus diketahui dan dijalankan oleh seorang psikiater dalam melaksanakan kegiatan pelayanan kesehatan secara optimal, profesional dan dapat dipertanggungjawabkan"
P081-002,kedokteran-jiwa,081_PNPK_2015_Kedokteran_Jiwa.pdf,8,investigation,0,TOPIC_ALIGNMENT_UNCONFIRMED,NOT_CLINICALLY_VERIFIED,"Mencari dan mengobati penyebab delirium (diperlukan pemeriksaan fisik yang cermat dan pemeriksaan penunjang yang adekuat. Pemeriksaan darah lengkap, elektrolit, analisis gas darah, fungsi hati, dan fungsi ginjal, serta EEG atau pencitraan otak bila terdapat indikasi disfungsi otak). b. Memastikan keamanan pasien c. Mengobati gangguan perilaku terkait dengan delirium, misalnya agitasi psikomotor. 7. Tera"
P081-003,kedokteran-jiwa,081_PNPK_2015_Kedokteran_Jiwa.pdf,8,symptoms,0,TOPIC_ALIGNMENT_UNCONFIRMED,NOT_CLINICALLY_VERIFIED,"Antipsikotika dapat dipertimbangkan bila ada tanda dan gejala psikosis, misalnya halusinasi, waham atau sangat agitatif (verbal atau fisik) sehingga berisiko terlukanya pasien atau orang lain. a"
P081-004,kedokteran-jiwa,081_PNPK_2015_Kedokteran_Jiwa.pdf,10,symptoms,0,TOPIC_ALIGNMENT_UNCONFIRMED,NOT_CLINICALLY_VERIFIED,Manifestasi klinis Gejala dini dari Demensia seringkali berupa kesulitan mempelajari informasi baru dan mudah lupa terhadap kejadian yang baru dialami
P081-005,kedokteran-jiwa,081_PNPK_2015_Kedokteran_Jiwa.pdf,10,symptoms,0,TOPIC_ALIGNMENT_UNCONFIRMED,NOT_CLINICALLY_VERIFIED,"Gejala gejala klinis di atas pada Demensia tipe Alzheimer berkembang perlahan lahan, semakin lama semakin parah, sampai pada tahap lanjut penderita menjadi tergantung penuh pada keluarga yang merawatnya"
P081-006,kedokteran-jiwa,081_PNPK_2015_Kedokteran_Jiwa.pdf,10,symptoms,0,TOPIC_ALIGNMENT_UNCONFIRMED,NOT_CLINICALLY_VERIFIED,"Sedang pada Demensia Vaskular gejala muncul akut, gambaran klinis sesuai kerusakan vaskuler di otak, kemunduran fungsi kognitif berjenjang sejalan dengan serangan kerusakan vaskular berikutnya"
P081-007,kedokteran-jiwa,081_PNPK_2015_Kedokteran_Jiwa.pdf,11,diagnosis,0,TOPIC_ALIGNMENT_UNCONFIRMED,NOT_CLINICALLY_VERIFIED,"Kriteria Diagnosis Dimensia menurut ICD-10 + PPDGJ III Demensia (F00-F03) adalah sindroma disebabkan oleh gangguan diotak, umumnya berlangsung kronis atau progresif"
P081-008,kedokteran-jiwa,081_PNPK_2015_Kedokteran_Jiwa.pdf,26,diagnosis,0,TOPIC_ALIGNMENT_UNCONFIRMED,NOT_CLINICALLY_VERIFIED,"Diagnosis skizofrenia tidak dapat ditegakkan bila terdapat secara luas gejala-gejala depresif atau manic kecuali bila memang jelas, bahwa gejala-gejala skizofrenia itu mendahului gangguan afektif tersebut. d"
P081-009,kedokteran-jiwa,081_PNPK_2015_Kedokteran_Jiwa.pdf,26,investigation,0,TOPIC_ALIGNMENT_UNCONFIRMED,NOT_CLINICALLY_VERIFIED,"Pemeriksaan laboratorium, Darah Tepi Lengkap, fungsi liver, profil lipid, fungsi ginjal, glukosa sewaktu c"
P081-010,kedokteran-jiwa,081_PNPK_2015_Kedokteran_Jiwa.pdf,28,diagnosis,0,TOPIC_ALIGNMENT_UNCONFIRMED,NOT_CLINICALLY_VERIFIED,"Pada fase akut, obat segera diberikan segera setelah diagnosis ditegakkan dan dosis dimulai dari dosis anjuran dinaikkan perlahan-lahan secara bertahap dalam waktu 1 – 3 minggu, sampai dosis optimal yang dapat mengendalikan gejala. 2) Psikoedukasi Tujuan Intervensi adalah mengurangi stimulus yang berlebihan, stresor lingkungan dan peristiwa-peristiwa kehidupan"
P081-011,kedokteran-jiwa,081_PNPK_2015_Kedokteran_Jiwa.pdf,32,investigation,0,TOPIC_ALIGNMENT_UNCONFIRMED,NOT_CLINICALLY_VERIFIED,"Pemeriksaan laboratorium, DPL, fungsi liver, profil lipid, fungsi ginjal, glukosa sewaktu, kadar litium plasma c"
P081-012,kedokteran-jiwa,081_PNPK_2015_Kedokteran_Jiwa.pdf,36,diagnosis,0,TOPIC_ALIGNMENT_UNCONFIRMED,NOT_CLINICALLY_VERIFIED,"Kriteria Diagnosis Menurut ICD-10 dan PPDGJ III Gejala utama pada derajat ringan, sedang dan berat : - Afek depresi - Kehilangan minat dan kegembiraan - Berkurangnya energi yang menuju meningkatnya keadaan yang mudah lelah (rasa lelah yang nyata sesudah kerja sedikit saja) dan menurunnya aktivitas"
P081-013,kedokteran-jiwa,081_PNPK_2015_Kedokteran_Jiwa.pdf,44,diagnosis,0,TOPIC_ALIGNMENT_UNCONFIRMED,NOT_CLINICALLY_VERIFIED,"Kriteria Diagnosis Menurut ICD-10 + PPDGJ III a. F31. Gangguan Afektif Bipolar Gangguan ini tersifat oleh episode berulang (sekurang- kurangnya dua episode) dimana afek pasien dan tingkat aktivitasnya jelas terganggu, pada waktu tertentu terdiri dari peningkatan afek disertai penambahan energi dan aktivitas (mania atau"
P001-001,sarkopenia,001_PNPK_2024_Tata_Laksana_Sarkopenia.pdf,5,diagnosis,1,,NOT_CLINICALLY_VERIFIED,"Pada tahun 2014, the Asian Working Group for Sarcopenia (AWGS) mengusulkan algoritma diagnostik sarkopenia berdasarkan data spesifik untuk populasi Asia yang menjadi fondasi bagi alur identifikasi dan diagnosis sarkopenia di Asia"
P001-002,sarkopenia,001_PNPK_2024_Tata_Laksana_Sarkopenia.pdf,5,diagnosis,1,,NOT_CLINICALLY_VERIFIED,"diagnosis sarkopenia di Asia. Pada tahun 2016, diagnosis sarkopenia mendapatkan kode diagnostik M62.84 di dalam the International KESEHATAN Classification of Diseases, Tenth Revision (ICD- 10). Hal ini membuka pintu lebih lebar proses integrasi sarkopenia ke dalam praktik klinis dan memicu banyak penelitian dan perkemb"
P001-003,sarkopenia,001_PNPK_2024_Tata_Laksana_Sarkopenia.pdf,5,diagnosis,1,,NOT_CLINICALLY_VERIFIED,"Namun, masih banyak dokter dan tenaga kesehatan yang belum mengenali kondisi dan alur diagnosis terkait sarkopenia. Hal ini mendorong AWGS pada tahun 2019 untuk memperbarui konsensus sebelumnya mengenai algoritma identifikasi dan diagnosis sarkopenia pada populasi usia lanjut termasuk protokol penapisan dan tata laksana sarkopenia mulai di tingkat rumah sakit, fasilitas pelayanan kesehatan primer, sampa"
P001-004,sarkopenia,001_PNPK_2024_Tata_Laksana_Sarkopenia.pdf,5,diagnosis,1,,NOT_CLINICALLY_VERIFIED,"Namun masih banyak ketidaksamaan dan heterogenitas dalam kriteria diagnosis sarkopenia yang digunakan, alat uji untuk menapis dan mengevaluasi kekuatan otot dan performa fisik, nilai batas ambang yang digunakan, dan cara melakukan uji diagnostik terkait sarkopenia"
P001-006,sarkopenia,001_PNPK_2024_Tata_Laksana_Sarkopenia.pdf,6,definition,1,,NOT_CLINICALLY_VERIFIED,"sarkopenia. B. Permasalahan 1. Kondisi sarkopenia merupakan masalah kesehatan yang secara signifikan meningkat pada usia lanjut. 2. Sarkopenia mengakibatkan tingginya masalah kesehatan fisik, polifarmasi, efek samping obat, beban pengobatan, dan penggunaan"
P001-007,sarkopenia,001_PNPK_2024_Tata_Laksana_Sarkopenia.pdf,8,investigation,1,,NOT_CLINICALLY_VERIFIED,"Dokter di fasilitas pelayanan kesehatan pertama melakukan deteksi dini sarkopenia berdasarkan anamnesis, pemeriksaan fisik, dan pemeriksaan laboratorium sederhana. 2. Fasilitas pelayanan kesehatan tingkat lanjut: Dokter dengan kompetensi di bidang penyakit dalam melakukan assesmen awal/ulangan dan memberikan tata laksana berdasarkan sumber daya yang tersedia pada fasilitas pelayanan kesehatan tersebut, dokter dengan kompetensi di bidang penyaki"
P001-008,sarkopenia,001_PNPK_2024_Tata_Laksana_Sarkopenia.pdf,14,diagnosis,1,,NOT_CLINICALLY_VERIFIED,"kriteria diagnosis definitif sarkopenia yang ada. Dari anamnesis populasi Indonesia, faktor risiko sarkopenia yang bisa didapatkan antara lain usia lanjut, riwayat jatuh, ketergantungan fungsional, frailty, dan aktivitas fisik rendah. Faktor protektif terhadap sarkopenia di populasi Indonesia adalah aktivitas fisik tin"
P001-009,sarkopenia,001_PNPK_2024_Tata_Laksana_Sarkopenia.pdf,14,investigation,1,,NOT_CLINICALLY_VERIFIED,"Faktor risiko sarkopenia yang bisa didapatkan dari pemeriksaan laboratorium adalah diabetes melitus, anemia, laju aliran puncak ekspirasi <80%, serta kadar miostatin yang tinggi atau berisiko, sedangkan faktor yang sifatnya protektif adalah kadar IGF-1 dan serum fosfat yang tinggi. 3"
P001-010,sarkopenia,001_PNPK_2024_Tata_Laksana_Sarkopenia.pdf,31,investigation,1,,NOT_CLINICALLY_VERIFIED,Pemeriksaan penunjang yang dapat dilakukan dalam mendiagnosa sarkopenia diantaranya Dual-energy X-ray Absorptiometry (DXA)
P002-002,karies-gigi,002_PNPK_2024_Tata_Laksana_Karies_Gigi.pdf,6,definition,2,,NOT_CLINICALLY_VERIFIED,Permasalahan Karies merupakan fokal infeksi dan menjadi penyebab utama kehilangan gigi di setiap kelompok usia sasaran sesuai siklus hidup
P002-003,karies-gigi,002_PNPK_2024_Tata_Laksana_Karies_Gigi.pdf,7,diagnosis,2,,NOT_CLINICALLY_VERIFIED,diagnosis sampai dengan evaluasi tatalaksana karies gigi; dan b. Menjadi pedoman untuk penyusunan Panduan Praktik Klinis (PPK) Tata Laksana Karies Gigi di Fasilitas Pelayanan Kesehatan. D. Sasaran 1. Semua tenaga medis dan tenaga kesehatan yang terlibat dalam melakukan pencegahan dan penatalaksanaan karies gigi; 2. Fas
P002-004,karies-gigi,002_PNPK_2024_Tata_Laksana_Karies_Gigi.pdf,15,diagnosis,2,,NOT_CLINICALLY_VERIFIED,Diagnosis Karies Gigi 1. Menurut GV. Black Klasifikasi karies berdasarkan GV. Black terbagi menjadi kelas- kelas sebagai berikut: a. Kelas I : Karies pada pit dan fisura permukaan oklusal gigi posterior dan lingual/palatal gigi anterior. b. Kelas II : Karies pada permukaan proksimal gigi posterior. c. Kelas III : Karie
P002-005,karies-gigi,002_PNPK_2024_Tata_Laksana_Karies_Gigi.pdf,16,symptoms,1,,NOT_CLINICALLY_VERIFIED,Menurut International Caries Detection and Assessment System (ICDAS) International Caries Detection and Assessment System (ICDAS) menyatakan manifestasi klinis karies dibagi berdasarkan kedalaman karies dengan pengkodean (0-6) yang menunjukkan derajat keparahannya
P002-006,karies-gigi,002_PNPK_2024_Tata_Laksana_Karies_Gigi.pdf,17,diagnosis,2,,NOT_CLINICALLY_VERIFIED,"Menurut Mount – Hume Diagnosis jaringan keras gigi menurut Mount–Hume berdasarkan perluasan lesi karies dilihat dari lokasi (site) dan ukuran (size), sebagai berikut: Klasifikasi karies berdasarkan lokasi (site) (tabel 3.1). a"
P002-007,karies-gigi,002_PNPK_2024_Tata_Laksana_Karies_Gigi.pdf,21,diagnosis,2,,NOT_CLINICALLY_VERIFIED,"Penegakkan Diagnosis Karies Gigi Pemeriksaan dilakukan melaluia namnesis, pemeriksaan objektif, dan pemeriksaan penunjang untuk menegakkan diagnosis karies, penyakit pulpa dan periapeks"
P002-008,karies-gigi,002_PNPK_2024_Tata_Laksana_Karies_Gigi.pdf,22,investigation,2,,NOT_CLINICALLY_VERIFIED,"Pemeriksaan penunjang Teknik radiografi yang digunakan pada kasus karies gigi terdiri dari dua jenis, yaitu radiografi intra oral dan ekstra oral. 1) Rontgen Bitewing Metode deteksi ideal yang melengkapi deteksi karies visual-taktil harus memberikan informasi tentang kedua aspek yaitu keberadaan lesi dan status kedalaman serta permukaannya"
P002-009,karies-gigi,002_PNPK_2024_Tata_Laksana_Karies_Gigi.pdf,25,diagnosis,2,,NOT_CLINICALLY_VERIFIED,"Penggunaan radiografi periapikal dapat digunakan untuk mendiagnosis lesi karies yang ada baik pada mahkota dan pada akar. Pada masa gigi bercampur gambaran karies pada gigi sulung akan juga memberikan informasi resorpsi akarnya, sehingga akan menjadi pertimbangan untuk rencana perawatan gigi sulung yang mengalami karies. Gambar 3.9 Gambaran radiografi periapikal 3) Rontgen"
P004-003,akupunktur-medik,004_PNPK_2024_Tata_Laksana_Akupunktur_Medik.pdf,77,diagnosis,2,,NOT_CLINICALLY_VERIFIED,"MRI Kriteria Diagnosis : Anamnesis, pemeriksaan fisik, pemeriksaan penunjang Diagnosis Kerja : Myasthenia Gravis Diagnosis : ● Guillain Barre Syndrome KESEHATAN Banding ● Cerebrovascular disease Tatalaksana Akupunktur Medik Tujuan terapi : 1"
P004-004,akupunktur-medik,004_PNPK_2024_Tata_Laksana_Akupunktur_Medik.pdf,77,investigation,2,,NOT_CLINICALLY_VERIFIED,"Anamnesis, pemeriksaan fisik, pemeriksaan penunjang Diagnosis Kerja : Myasthenia Gravis Diagnosis : ● Guillain Barre Syndrome KESEHATAN Banding ● Cerebrovascular disease Tatalaksana Akupunktur Medik Tujuan terapi : 1"
P004-005,akupunktur-medik,004_PNPK_2024_Tata_Laksana_Akupunktur_Medik.pdf,99,investigation,2,,NOT_CLINICALLY_VERIFIED,"Penegakan diagnosis berdasarkan anamnesis, pemeriksaan fisik dan pemeriksaan penunjang Diagnosis Kerja : Ischialgia Diagnosis : 1. Keganasan Banding 2. Infeksi 3. Fraktur 4. Sindrom Kauda Equina Tatalaksana Akupunktur KESEHATAN Medik Tujuan terapi : 1. Mengurangi nyeri (evaluasi VAS) 2. Perbaikan lingkup gerak sendi (evaluasi Slight Leg Rising (SLR)) 3. Meningkatkan kualitas hidup p"
P004-006,akupunktur-medik,004_PNPK_2024_Tata_Laksana_Akupunktur_Medik.pdf,111,investigation,2,,NOT_CLINICALLY_VERIFIED,Anamnesis Pemeriksaan fisik Pemeriksaan penunjang Diagnosis Kerja : Spasme hemifasial Diagnosis : ● Blefarospasme Banding ● Oromandibular distonia ● Tic fasial ● Hemimastikatori spasme ● Kejang focal ● Sinkinesias setelah paralisis nervus fasialis Tatalaksana Akupunktur Medik Tujuan terapi : 1
P004-009,akupunktur-medik,004_PNPK_2024_Tata_Laksana_Akupunktur_Medik.pdf,151,diagnosis,2,,NOT_CLINICALLY_VERIFIED,"Kriteria Diagnosis : Anamnesis, pemeriksaan fisik, dan pemeriksaan penunjang Diagnosis Kerja : Inkontinensia urineKEMENTERIAN Diagnosis : Retensi urin Banding Infeksi saluran kemih Tatalaksana Akupunktur Medik Tujuan terapi : 1"
P004-010,akupunktur-medik,004_PNPK_2024_Tata_Laksana_Akupunktur_Medik.pdf,154,diagnosis,2,,NOT_CLINICALLY_VERIFIED,"Kriteria Diagnosis : Anamnesis, pemeriksaan fisik, pemeriksaan penunjang Diagnosis Kerja : Prostatitis Diagnosis : Cystitis Banding Kanker Kolorektal Appendicitis Divertikulitis KESEHATAN Tatalaksana Akupunktur Medik Tujuan terapi : 1"
P004-011,akupunktur-medik,004_PNPK_2024_Tata_Laksana_Akupunktur_Medik.pdf,159,diagnosis,2,,NOT_CLINICALLY_VERIFIED,"Pemeriksaan genetik Kriteria Diagnosis : Anamnesis, Pemeriksaan fisik, pemeriksaan penunjang Diagnosis Kerja : Male infertility Diagnosis : berfokus pada segala interpretasi yang mungkin dari Banding hasil analisis semen awal: ● Azoospermia ● Oligozoospermia ● Teratozoospermia ● asthenozoospermia, atau ● gabungannya KESEHATAN Tatalaksana Akupunktur Medik Tujuan terapi : 1"
P004-012,akupunktur-medik,004_PNPK_2024_Tata_Laksana_Akupunktur_Medik.pdf,170,diagnosis,2,,NOT_CLINICALLY_VERIFIED,"USG Penunjang Kriteria Diagnosis : Anamnesis, pemeriksaan fisik, dan pemeriksaan penunjang Diagnosis Kerja : Abnormal fetal position/Kelainan Letak Sungsang Diagnosis : - Banding Tatalaksana Akupunktur Medik Tujuan terapi : 1"
P005-003,pneumonia,005_Pedoman_Nasional_Pelayanan_Klinis_Penanganan_Pneumonia.pdf,11,diagnosis,1,,NOT_CLINICALLY_VERIFIED,"Diagnosis Diagnosis pneumonia berdasarkan anamnesis, pemeriksaan fisik, pemeriksaan penunjang radiologi dan laboratorium darah (darah perifer lengkap (DPL) atau DPL disertai hitung jenis)"
P005-004,pneumonia,005_Pedoman_Nasional_Pelayanan_Klinis_Penanganan_Pneumonia.pdf,11,symptoms,1,,NOT_CLINICALLY_VERIFIED,"Gejala dan tanda klinis tidak memberikan gambaran akurat mengenai pneumonia, sehingga"
P005-005,pneumonia,005_Pedoman_Nasional_Pelayanan_Klinis_Penanganan_Pneumonia.pdf,12,diagnosis,1,,NOT_CLINICALLY_VERIFIED,iagnosis pneumonia ditegakkan jika pada pemeriksaan radiologi ditemukan infiltrat/opasitas/konsolidasi/air bronchogram ditambah dengan awitan akut lebih dari satu (minimal 2) gejala dan tanda di bawah ini: 1
P005-006,pneumonia,005_Pedoman_Nasional_Pelayanan_Klinis_Penanganan_Pneumonia.pdf,12,symptoms,1,,NOT_CLINICALLY_VERIFIED,"Pada Pneumonia atipikal ditemukan gejala berupa tanda infeksi saluran napas yaitu demam, batuk non produktif dan gejala sistemik berupa nyeri kepala dan myalgia, pemeriksaan fisik terdapat ronki basah tersebar, gambaran radiologis berupa infiltrat/opasitas interstitial/ konsolidasi (konsolidasi jarang terjadi), dan laboratorium yang menunjukkan leukosit normal atau rendah, serta sediaan apusan Gram, biakan sputum atau darah tidak ditemukan b"
P005-007,pneumonia,005_Pedoman_Nasional_Pelayanan_Klinis_Penanganan_Pneumonia.pdf,12,diagnosis,1,,NOT_CLINICALLY_VERIFIED,"di bawah ini dapat membantu menegakkan diagnosis pneumonia atipikal. Tabel 2. Perbedaan gambaran klinik pneumonia atipikal dan tipikalKEMENTERIAN Tanda dan gejala P.atipikal P.tipikal Onset Gradual Akut Suhu Kurang tinggi Tinggi, menggigil Batuk Non produktif Produktif Sputum Mukoid Purulen Gejala lain Nyeri kepala, mialgia, sakit Jarang"
P005-008,pneumonia,005_Pedoman_Nasional_Pelayanan_Klinis_Penanganan_Pneumonia.pdf,12,symptoms,1,,NOT_CLINICALLY_VERIFIED,"Perbedaan gambaran klinik pneumonia atipikal dan tipikalKEMENTERIAN Tanda dan gejala P.atipikal P.tipikal Onset Gradual Akut Suhu Kurang tinggi Tinggi, menggigil Batuk Non produktif Produktif Sputum Mukoid Purulen Gejala lain Nyeri kepala, mialgia, sakit Jarang"
P005-009,pneumonia,005_Pedoman_Nasional_Pelayanan_Klinis_Penanganan_Pneumonia.pdf,13,investigation,1,,NOT_CLINICALLY_VERIFIED,Pemeriksaan Penunjang 1. Pemeriksaan radiologi Tanda dan gejala klinis saja memiliki akurasi diagnostik yang rendah dalam mendiagnosis pneumonia komunitas. Pemeriksaan radiologi merupakan salah satu pemeriksaan penunjang yang dapat membantu menegakkan diagnosis pneumonia komunitas pada pasien dengan gambaran klinis yan
P005-010,pneumonia,005_Pedoman_Nasional_Pelayanan_Klinis_Penanganan_Pneumonia.pdf,13,symptoms,1,,NOT_CLINICALLY_VERIFIED,Pemeriksaan radiologi Tanda dan gejala klinis saja memiliki akurasi diagnostik yang rendah dalam mendiagnosis pneumonia komunitas
P005-011,pneumonia,005_Pedoman_Nasional_Pelayanan_Klinis_Penanganan_Pneumonia.pdf,13,investigation,1,,NOT_CLINICALLY_VERIFIED,Pemeriksaan radiologi merupakan salah satu pemeriksaan penunjang yang dapat membantu menegakkan diagnosis pneumonia komunitas pada pasien dengan gambaran klinis yang menunjang
P005-012,pneumonia,005_Pedoman_Nasional_Pelayanan_Klinis_Penanganan_Pneumonia.pdf,53,diagnosis,1,,NOT_CLINICALLY_VERIFIED,"Diagnosis Menurut kriteria dari The Centers for Disease Control (CDC-Atlanta), diagnosis pneumonia adalah sebagai berikut. 1"
P005-013,pneumonia,005_Pedoman_Nasional_Pelayanan_Klinis_Penanganan_Pneumonia.pdf,63,diagnosis,1,,NOT_CLINICALLY_VERIFIED,"Selain itu, kemunculan infeksi MDRO di luar HAP sebagai penyebab pneumonia komunitas kini mendorong pentingnya stratifikasi faktor risiko dan panduan diagnosis pneumonia MDRO sejak fasilitas pelayan Kesehatan Tingkat pertama"
P005-014,pneumonia,005_Pedoman_Nasional_Pelayanan_Klinis_Penanganan_Pneumonia.pdf,64,investigation,1,,NOT_CLINICALLY_VERIFIED,"KESEHATAN ATS/IDS merekomendasikan pemeriksaan mikrobiologi, termasuk kultur darah, kultur sputum dan pewarnaan gram, PCR nasal, atau kultur MRSA untuk pasien pneumonia berat yang dirawat di rumah sakit atau ICU, dengan tujuan mendeteksi patogen MDR"
P006-002,osteoartritis,006_Tata_Laksana_Osteoartritis_Pedoman_Nasional_Pelayanan_Klinis_PNPK.pdf,5,definition,1,,NOT_CLINICALLY_VERIFIED,"Osteoartritis lutut adalah suatu penyakit rematik berupa nyeri pada sendi lutut dengan karakteristik patologis berupa proses inflamasi, kerusakan kartilago sendi dan remodelling tulang yang dapat mengakibatkan limitasi fungsional dan penurunan kualitas hidup"
P006-005,osteoartritis,006_Tata_Laksana_Osteoartritis_Pedoman_Nasional_Pelayanan_Klinis_PNPK.pdf,22,diagnosis,1,,NOT_CLINICALLY_VERIFIED,Klasifikasi Diagnosis Osteoartritis Lutut Klasifikasi Diagnosis osteoartritis Klasifikasi Diagnosis osteoartritis Lutut Berdasarkan ACR (1986) Lutut Berdasarkan EULAR (2009) A
P006-008,osteoartritis,006_Tata_Laksana_Osteoartritis_Pedoman_Nasional_Pelayanan_Klinis_PNPK.pdf,24,investigation,1,,NOT_CLINICALLY_VERIFIED,"Pemeriksaan Penunjang KESEHATAN a. Pemeriksaan Radiologi Pemeriksaan radiologi memainkan peranan yang penting dalam diagnosis dan penatalaksanaan osteoartritis. Berbagai modalitas pencitraan digunakan untuk menilai tingkat kerusakan sendi, memantau perkembangan penyakit, dan memandu dalam penentuan terapi. Masing- masi"
P006-013,osteoartritis,006_Tata_Laksana_Osteoartritis_Pedoman_Nasional_Pelayanan_Klinis_PNPK.pdf,103,diagnosis,1,,NOT_CLINICALLY_VERIFIED,"LGORITMA PENATALAKSANAAN OSTEOARTRITIS Pasien dengan diagnosis osteoartritis berdasarkan kriteria ACR atau EULAR Farmakologi: Kedokteran Fisik dan - Asetaminofen Rehabilitasi - Suplemen oral (glukosamin, kondroitin sulfat, diacerein, curcumin, ekstrak jahe, vitamin - Latihan terapeutik D, omega 3, metilcobalamin, - Braces asam hialuronat, kolagen, dan - Alat bantu jalan"
P007-002,obesitas-dewasa,007_PEDOMAN_NASIONAL_PELAYANAN_KLINIS_TATA_LAKSANA_OBESITAS_DEWASA.pdf,6,diagnosis,1,,NOT_CLINICALLY_VERIFIED,"Tata laksana BB lebih dan obesitas melibatkan tim multidisiplin, mulai dari proses skrining, diagnostik, terapetik, hingga rehabilitatif. Sebelum dilakukan intervensi perlu dievaluasi komplikasi obesitas menyeluruh, meliputi komplikasi kardiometabolik, mekanik, dan mental. Diagnosis obesitas tidak hanya terbatas pada derajat obesitas berdasarkan nilai titik potong IMT,KESEHATANtetapi disertai stadium apakah pa"
P007-003,obesitas-dewasa,007_PEDOMAN_NASIONAL_PELAYANAN_KLINIS_TATA_LAKSANA_OBESITAS_DEWASA.pdf,6,diagnosis,1,,NOT_CLINICALLY_VERIFIED,"Diagnosis obesitas tidak hanya terbatas pada derajat obesitas berdasarkan nilai titik potong IMT,KESEHATANtetapi disertai stadium apakah pasien sudah mengalami dan derajat beratnya komplikasi obesitas"
P007-004,obesitas-dewasa,007_PEDOMAN_NASIONAL_PELAYANAN_KLINIS_TATA_LAKSANA_OBESITAS_DEWASA.pdf,10,diagnosis,1,,NOT_CLINICALLY_VERIFIED,Diagnosis obesitas ditentukan berdasarkan indeks massa tubuh (IMT) lebih dari 25 kg/m2 dan lingkar pinggang (Waist Circumference) >90 cm untuk laki laki dan >80 cm untuk perempuan
P007-005,obesitas-dewasa,007_PEDOMAN_NASIONAL_PELAYANAN_KLINIS_TATA_LAKSANA_OBESITAS_DEWASA.pdf,10,investigation,1,,NOT_CLINICALLY_VERIFIED,"Evaluasi Klinis dan Pemeriksaan Penunjang 1. Anamnesis (rekomendasi B) Anamnesis yang perlu dilakukan adalah: a. Riwayat keluarga obesitas dan kardiometabolik. b. Riwayat obesitas pada masa kanak-kanak dan riwayat peningkatan berat badan sebelumnya dan alasannya. c. Analisis asupan per hari Porsi karbohidrat, protein, lemak, dan serat. d"
P007-006,obesitas-dewasa,007_PEDOMAN_NASIONAL_PELAYANAN_KLINIS_TATA_LAKSANA_OBESITAS_DEWASA.pdf,18,investigation,1,,NOT_CLINICALLY_VERIFIED,"Pemeriksaan Penunjang (Rekomendasi B dan C) Pada pasien dengan obesitas, lebih diprioritaskan untuk mencari komorbid dan penyakit lain yang mendasarinya: a"
P007-007,obesitas-dewasa,007_PEDOMAN_NASIONAL_PELAYANAN_KLINIS_TATA_LAKSANA_OBESITAS_DEWASA.pdf,18,investigation,1,,NOT_CLINICALLY_VERIFIED,"Pemeriksaan laboratorium 1) Profil lipid: kolesterol total, high density lipoprotein- cholesterol (HDL), kolesterol low density lipoprotrein-cholesterol (LDL), trigliserida a) Tujuan: (1) Untuk penapisan sindroma metabolik dan risiko penyakit jantungKESEHATANdan pembuluh darah (PJK) yang meningkat pada obesitas"
P007-008,obesitas-dewasa,007_PEDOMAN_NASIONAL_PELAYANAN_KLINIS_TATA_LAKSANA_OBESITAS_DEWASA.pdf,21,diagnosis,1,,NOT_CLINICALLY_VERIFIED,"Diagnosis 1. Penapisan atau skrining Obesitas Pemeriksaan antropometri menunjukkan IMT >25 kg/m2 dan lingkar pinggang untuk perempuan >80 cm dan laki-laki >90 cm (lihat Tabel 3.4). 2. Penegakan Diagnosis Obesitas (Rekomendasi B) Diagnosis obesitas ditegakkan berdasarkan anamnesis, antropometri dan pemeriksaan klinis: a"
P007-010,obesitas-dewasa,007_PEDOMAN_NASIONAL_PELAYANAN_KLINIS_TATA_LAKSANA_OBESITAS_DEWASA.pdf,29,differential,1,,NOT_CLINICALLY_VERIFIED,Diagnosis banding Tidak ada diagnosis banding untuk obesitas. Obesitas merupakan bagian dari gangguan nutrisi yang termasuk makan berlebihan dan gaya hidup yang sangat berpengaruh terhadap berat badan. D. Terapi Terapi obesitas perlu memperhatikan derajat obesitas dan komplikasi obesitas yang ada. Selain itu perlu memp
P007-012,obesitas-dewasa,007_PEDOMAN_NASIONAL_PELAYANAN_KLINIS_TATA_LAKSANA_OBESITAS_DEWASA.pdf,75,diagnosis,1,,NOT_CLINICALLY_VERIFIED,"Penegakan diagnosis obesitas ditegakkan berdasarkan anamnesis, antropometri dan pemeriksaan klinis (Rekomendasi B). 2"
P008-002,leukemia-limfoblastik-akut-pada-anak,008_PEDOMAN_NASIONAL_PELAYANAN_KLINIS_TATA_LAKSANA_LEUKEMIA_LIMFOBLASTIK_AKUT_PADA_ANAK.pdf,10,definition,3,,NOT_CLINICALLY_VERIFIED,"Definisi dan Klasifikasi Leukemia limfoblastik akut merupakan penyakit hematologi heterogen yang ditandai dengan proliferasi sel-sel limfoid imatur dalam sumsum tulang, darah tepi, dan organ-organ lainnya"
P008-003,leukemia-limfoblastik-akut-pada-anak,008_PEDOMAN_NASIONAL_PELAYANAN_KLINIS_TATA_LAKSANA_LEUKEMIA_LIMFOBLASTIK_AKUT_PADA_ANAK.pdf,13,diagnosis,2,,NOT_CLINICALLY_VERIFIED,Pemeriksaan aspirasi dan biopsi sumsum tulang Diagnosis leukemia akut ditegakkan dengan adanya ≥ 20% sel blas pada aspirasi sumsum tulang
P008-004,leukemia-limfoblastik-akut-pada-anak,008_PEDOMAN_NASIONAL_PELAYANAN_KLINIS_TATA_LAKSANA_LEUKEMIA_LIMFOBLASTIK_AKUT_PADA_ANAK.pdf,14,diagnosis,3,,NOT_CLINICALLY_VERIFIED,"Pemeriksaan Imunofenotipe Sesuai dengan standar WHO, penegakan diagnosis leukemia limfoblastik akut (LLA) memerlukan pendekatan multimodal yang mencakup pemeriksaan sitomorfologi, immunophenotyping, serta identifikasi kelainan genetik"
P008-005,leukemia-limfoblastik-akut-pada-anak,008_PEDOMAN_NASIONAL_PELAYANAN_KLINIS_TATA_LAKSANA_LEUKEMIA_LIMFOBLASTIK_AKUT_PADA_ANAK.pdf,31,investigation,1,,NOT_CLINICALLY_VERIFIED,USG abdomen menjadi lini pertama pemeriksaan radiologis untuk mengidentifikasi infiltrasi leukemia pada hampir seluruh organ intraabdomen
P008-006,leukemia-limfoblastik-akut-pada-anak,008_PEDOMAN_NASIONAL_PELAYANAN_KLINIS_TATA_LAKSANA_LEUKEMIA_LIMFOBLASTIK_AKUT_PADA_ANAK.pdf,32,investigation,1,,NOT_CLINICALLY_VERIFIED,"prothrombin time (PT), activated partial thromboplastin time (aPTT), fibrinogen, D-dimer sesuai indikasi (pada perdarahan atau hiperleukositosis) 4) Biopsi kulit jika diperlukan (bila dicurigai leukemia kutis) 5) Biopsi testis jika diperlukan (bila dicurigai infiltrasi testis) 6) Persiapan kemoterapi: a) Tes tuberkulin atau Interferon Gamma Release Assay (IGRA) b) Pemeriksaan feses rutin untuk investigasi kecacingan c) Pemeriksaan kebersihan"
P008-007,leukemia-limfoblastik-akut-pada-anak,008_PEDOMAN_NASIONAL_PELAYANAN_KLINIS_TATA_LAKSANA_LEUKEMIA_LIMFOBLASTIK_AKUT_PADA_ANAK.pdf,32,investigation,1,,NOT_CLINICALLY_VERIFIED,"Rekomendasi pemeriksaan laboratorium dan pencitraan diagnostik yang perlu dilakukan sebelum, selama, dan setelah terapi leukemia, mencakup evaluasi fisik, status nutrisi, fungsi organ, serta skrining infeksi untuk mendukung keamanan dan keberhasilan pengobatan, seperti yang ditunjukkan pada tabel 9"
P008-009,leukemia-limfoblastik-akut-pada-anak,008_PEDOMAN_NASIONAL_PELAYANAN_KLINIS_TATA_LAKSANA_LEUKEMIA_LIMFOBLASTIK_AKUT_PADA_ANAK.pdf,35,symptoms,1,,NOT_CLINICALLY_VERIFIED,"Edukasi keluarga mengenai tanda-tanda kelelahan atau gejala klinis yang mengarah ke kegawatan. 3) Psikososial: Edukasi keluarga dan anak tentang pentingnya rujukan cepat dan pengobatan jangka panjang, serta dukungan psikologis awal"
P008-010,leukemia-limfoblastik-akut-pada-anak,008_PEDOMAN_NASIONAL_PELAYANAN_KLINIS_TATA_LAKSANA_LEUKEMIA_LIMFOBLASTIK_AKUT_PADA_ANAK.pdf,36,symptoms,1,,NOT_CLINICALLY_VERIFIED,"1) Gejala yang perlu dicurigai LLA: a) Demam berulang tanpa sebab jelas. b) Pucat yang tidak membaik dengan suplemen zat besi c) Perdarahan spontan (mimisan, gusi berdarah, lebam tanpa sebab). d) Pembesaran kelenjar getah bening atau limpa. e) Nyeri tulang atau sendi, atau anak menolak berjalan. 2) Pemeriksaan penunjang a"
P008-011,leukemia-limfoblastik-akut-pada-anak,008_PEDOMAN_NASIONAL_PELAYANAN_KLINIS_TATA_LAKSANA_LEUKEMIA_LIMFOBLASTIK_AKUT_PADA_ANAK.pdf,86,symptoms,1,,NOT_CLINICALLY_VERIFIED,"Bagi anak dengan kanker, layanan paliatif hendaknya dimulai sejak awal karena terbukti dapat meningkatkan kualitas KESEHATAN hidup dan mengurangi gejala yang membebani secara fisik, psikis, sosial dan spiritual. Hendaknya layanan paliatif dilaksanakan dalam tim multidisiplin, dengan tujuan membantu keluarga untuk lebih mengerti kondisi medis pasien yang kompleks, membantu keluarga dalam pengambilan keputusan, dan mengurangi risiko terpaparny"
P008-012,leukemia-limfoblastik-akut-pada-anak,008_PEDOMAN_NASIONAL_PELAYANAN_KLINIS_TATA_LAKSANA_LEUKEMIA_LIMFOBLASTIK_AKUT_PADA_ANAK.pdf,90,diagnosis,2,,NOT_CLINICALLY_VERIFIED,"Tata laksana lainnya disesuaikan dengan diagnosis pasien. Kegawatdaruratan onkologi yang paling sering ditemukan pada leukemia akut, antara lain: a) Hiperleukositosis Hiperleukositosis merupakan kondisi tingginya jumlah leukosit yang beredar didalam pembuluh darah. Hiperleukositosis mengacu pada kondisi dimana kadar total sel darah putih dalam tubuh mencapai"
P008-013,leukemia-limfoblastik-akut-pada-anak,008_PEDOMAN_NASIONAL_PELAYANAN_KLINIS_TATA_LAKSANA_LEUKEMIA_LIMFOBLASTIK_AKUT_PADA_ANAK.pdf,130,diagnosis,1,,NOT_CLINICALLY_VERIFIED,"• Walaupun interpretasi IMT/U mencantumkan gizi buruk dan gizi kurang, kriteria diagnosis gizi buruk dan gizi kurang menurut pedoman. Tatalaksana Anak Gizi Buruk menggunakan Indeks Berat Badan menurut Panjang Badan atau Tinggi Badan (BB/PB atau BB/TB). Penapisan anak gizi lebih dan obesitas lebih sensitif menggunakan IMT/U. Anak dengan ambang batas IMT/U >+1SD berisiko gizi lebih sehingga"
P008-014,leukemia-limfoblastik-akut-pada-anak,008_PEDOMAN_NASIONAL_PELAYANAN_KLINIS_TATA_LAKSANA_LEUKEMIA_LIMFOBLASTIK_AKUT_PADA_ANAK.pdf,172,definition,3,,NOT_CLINICALLY_VERIFIED,"Leukemia limfoblastik akut (LLA) merupakan penyakit hematologi heterogen yang ditandai dengan adanya proliferasi sel-sel limfoid imatur yang dominan dalam sumsum tulang yang kemudian terdistribusi ke darah tepi, dan organ-organ lainnya. 2"
P009-002,skizofrenia,009_PEDOMAN_NASIONAL_PELAYANAN_KLINIS_TATA_LAKSANA_SKIZOFRENIA.pdf,11,symptoms,1,,NOT_CLINICALLY_VERIFIED,"Prognosis yang buruk ditandai dengan timbulnya gejala yang tidak jelas, menunjukkan kepribadian pramorbid yang asosial, menarik diri, belum pernah menikah, dan memiliki riwayat skizofrenia dalam keluarga"
P009-003,skizofrenia,009_PEDOMAN_NASIONAL_PELAYANAN_KLINIS_TATA_LAKSANA_SKIZOFRENIA.pdf,12,definition,1,,NOT_CLINICALLY_VERIFIED,"Diagnosis Diagnosis skizofrenia cukup menantang, karena tidak ada tes khusus yang secara definitif menentukan apakah gejala-gejala disebutkan di atas KESEHATAN adalah gangguan skizofrenia"
P009-004,skizofrenia,009_PEDOMAN_NASIONAL_PELAYANAN_KLINIS_TATA_LAKSANA_SKIZOFRENIA.pdf,12,diagnosis,1,,NOT_CLINICALLY_VERIFIED,"Pengambilan riwayat medis menyeluruh adalah langkah pertama dalam menegakkan diagnosis skizofrenia. Termasuk pertanyaan tentang deskripsi gejala yang mengarah pada dugaan skizofrenia, serta riwayat perjalanan gejala pasien. 1. Pemeriksaan Psikiatri Pemeriksaan orang dengan dugaan skizofrenia terdiri dari pemeriksaan riwayat penyakit, fisik, status mental dan lanjutan atas indikasi. Asesmen biop"
P009-005,skizofrenia,009_PEDOMAN_NASIONAL_PELAYANAN_KLINIS_TATA_LAKSANA_SKIZOFRENIA.pdf,12,symptoms,1,,NOT_CLINICALLY_VERIFIED,"Termasuk pertanyaan tentang deskripsi gejala yang mengarah pada dugaan skizofrenia, serta riwayat perjalanan gejala pasien. 1"
P009-006,skizofrenia,009_PEDOMAN_NASIONAL_PELAYANAN_KLINIS_TATA_LAKSANA_SKIZOFRENIA.pdf,12,diagnosis,1,,NOT_CLINICALLY_VERIFIED,"Asesmen biopsikososial penting untuk diagnosis skizofrenia. Tabel 3 merangkum pemeriksaan tersebut.KEMENTERIAN Tabel 3. Pemeriksaan Psikiatri Awal Aspek yang dianjurkan untuk evaluasi awal kondisi psikiatri 1) Riwayat penyakit sekarang a) Alasan pasien datang untuk evaluasi, termasuk keluhan pasien saat ini, perilaku, dan faktor yang dapat memicu keluhan"
P009-007,skizofrenia,009_PEDOMAN_NASIONAL_PELAYANAN_KLINIS_TATA_LAKSANA_SKIZOFRENIA.pdf,17,diagnosis,1,,NOT_CLINICALLY_VERIFIED,Kriteria Diagnosis Penegakan diagnosis skizofrenia menggunakan diagnosis dan klasifikasi skizofrenia berdasarkan International Classification of Diseases and Related Health Problem 10th Revision (ICD-10) atau Pedoman Penggolongan dan Diagnosis Gangguan Jiwa III dan Diagnostic and Statistical Manual of Mental Disorders
P009-008,skizofrenia,009_PEDOMAN_NASIONAL_PELAYANAN_KLINIS_TATA_LAKSANA_SKIZOFRENIA.pdf,18,diagnosis,1,,NOT_CLINICALLY_VERIFIED,"Ringkasan kriteria diagnosis skizofrenia dapat dilihat di tabel 4. Tabel 4. Ringkasan Diagnosis Skizofrenia menurut DSM dan ICD DSM-5 ICD-10 Gejala Gejala Dua atau lebih gejala berikut ini Setidaknya satu dari: setidaknya 1 bulan (kecuali berhasil ● Pikiran bergema, insersi, penarikan, diterapi) penyiaran ● Waham ● Fenomena pasi"
P009-009,skizofrenia,009_PEDOMAN_NASIONAL_PELAYANAN_KLINIS_TATA_LAKSANA_SKIZOFRENIA.pdf,18,definition,1,,NOT_CLINICALLY_VERIFIED,"Model stadium yang dikembangkan untuk gangguan skizofrenia adalah kontinuum perjalanan penyakit. Model stadium klinis mengasumsikan bahwa perawatan yang dilakukan lebih awal dalam perjalanan penyakit memiliki potensi lebih aman, dapat diterima, efektif, dan terjangkau daripada yang dilakukan di stadium"
P009-011,skizofrenia,009_PEDOMAN_NASIONAL_PELAYANAN_KLINIS_TATA_LAKSANA_SKIZOFRENIA.pdf,26,investigation,1,,NOT_CLINICALLY_VERIFIED,"pemeriksaan laboratorium maupun pencitraan. Sedangkan diagnosis banding lainnya, seperti gangguan bipolar dan depresi dengan gejala psikotik, dapat disingkirkan dengan wawancara psikiatri dan pemeriksaan status mental. 7. Pemeriksaan Lanjutan Angka kematian meningkat pada individu dengan skizofrenia dan usia harapan hi"
P009-013,skizofrenia,009_PEDOMAN_NASIONAL_PELAYANAN_KLINIS_TATA_LAKSANA_SKIZOFRENIA.pdf,53,symptoms,1,,NOT_CLINICALLY_VERIFIED,eningkatan perbaikan global dan tingkat perbaikan gejala yang lebih cepat daripada ECT sham atau plasebo pada orang dengan skizofrenia
P009-014,skizofrenia,009_PEDOMAN_NASIONAL_PELAYANAN_KLINIS_TATA_LAKSANA_SKIZOFRENIA.pdf,131,differential,1,,NOT_CLINICALLY_VERIFIED,"Diskinesia spontan, yang secara klinis tidak dapat dibedakan dari tardif KESEHATAN diskinesia, telah ditemukan pada pasien usia lanjut sebelum pemberian obat antipsikotik dan hingga 20% pasien yang tidak pernah diobati dengan skizofrenia kronis"
P009-015,skizofrenia,009_PEDOMAN_NASIONAL_PELAYANAN_KLINIS_TATA_LAKSANA_SKIZOFRENIA.pdf,223,differential,1,,NOT_CLINICALLY_VERIFIED,"Selanjutnya, diskinesia spontan, yang secara klinis tidak dapat dibedakan dari Diskinesia tardif, terdapat pada pasien usia lanjut sebelum pemberian obat antipsikotik dan hingga 20% pasien yang tidak pernah diobati dengan skizofrenia kronis"
P010-001,penyakit-periodontal,010_PEDOMAN_NASIONAL_PELAYANAN_KLINIS_TATA_LAKSANA_PENYAKIT_PERIODONTAL.pdf,6,diagnosis,2,,NOT_CLINICALLY_VERIFIED,"Membuat rekomendasi berdasarkan bukti ilmiah (scientific evidence) untuk membantu tenaga medis dan tenaga kesehatan dalam menegakkan diagnosis, tata laksana dan evaluasi penyakit periodontal. 2. Menjadi acuan bagi fasilitas pelayanan kesehatan untuk penyusunan Panduan Praktik Klinik (PPK) tata laksana penyakit periodontal. KESEHATAN 3. Menurunkan angka kejadian penyakit periodontal yang merupakan kelanjutan dari proses kerusakan tulang alveo"
P010-002,penyakit-periodontal,010_PEDOMAN_NASIONAL_PELAYANAN_KLINIS_TATA_LAKSANA_PENYAKIT_PERIODONTAL.pdf,6,definition,2,,NOT_CLINICALLY_VERIFIED,penyakit periodontal. 2. Menjadi acuan bagi fasilitas pelayanan kesehatan untuk penyusunan Panduan Praktik Klinik (PPK) tata laksana penyakit periodontal. KESEHATAN 3. Menurunkan angka kejadian penyakit periodontal yang merupakan kelanjutan dari proses kerusakan tulang alveolar dan kehilangan gigi dengan prevalensi tin
P010-003,penyakit-periodontal,010_PEDOMAN_NASIONAL_PELAYANAN_KLINIS_TATA_LAKSANA_PENYAKIT_PERIODONTAL.pdf,6,definition,2,,NOT_CLINICALLY_VERIFIED,Menurunkan angka kejadian penyakit periodontal yang merupakan kelanjutan dari proses kerusakan tulang alveolar dan kehilangan gigi dengan prevalensi tinggi di Indonesia
P010-004,penyakit-periodontal,010_PEDOMAN_NASIONAL_PELAYANAN_KLINIS_TATA_LAKSANA_PENYAKIT_PERIODONTAL.pdf,22,diagnosis,2,,NOT_CLINICALLY_VERIFIED,"Kode dan terminologi ini digunakan untuk dokumentasi, pelaporan kasus, serta sistem pembiayaan berbasis diagnosis (Tabel 6). Tabel 6. Penggolongan Penyakit Periodontal (American Academy of Periodontology (AAP) 2018 dan ICD 10) No. AAP 2018 ICD 10 1 Necrotizing A69.0: Necrotizing Stomatitis Stomatitis 2 Necrotizing A69.1: Acute necrotizing ulcerative Periodontal gingivitis DiseasesKEMENTERIAN3. Periodontal B00.2: Herpes S"
P010-005,penyakit-periodontal,010_PEDOMAN_NASIONAL_PELAYANAN_KLINIS_TATA_LAKSANA_PENYAKIT_PERIODONTAL.pdf,26,diagnosis,2,,NOT_CLINICALLY_VERIFIED,"Kelemahan klasifikasi AAP 1999 adalah, bila pasien memiliki lebih dari 1 diagnosis penyakit periodontal. Oleh karena itu, disarankan menggunakan satu diagnosis utama, sesuai pendekatan Klasifikasi AAP 2018. B. Diagnosis Penyakit periodontal memerlukan diagnosis dan terapi dini untuk mencegah kerusakan lebih lanjut yangKESEHATANdapat berakibat pada munculnya kasus yang lebih kompleks ataupun"
P010-006,penyakit-periodontal,010_PEDOMAN_NASIONAL_PELAYANAN_KLINIS_TATA_LAKSANA_PENYAKIT_PERIODONTAL.pdf,26,diagnosis,2,,NOT_CLINICALLY_VERIFIED,"Oleh karena itu, disarankan menggunakan satu diagnosis utama, sesuai pendekatan Klasifikasi AAP 2018. B. Diagnosis Penyakit periodontal memerlukan diagnosis dan terapi dini untuk mencegah kerusakan lebih lanjut yangKESEHATANdapat berakibat pada munculnya kasus yang lebih kompleks ataupun terjadinya kehilangan gigi. Oleh karena itu pemahaman menyeluruh mengenai ka"
P010-007,penyakit-periodontal,010_PEDOMAN_NASIONAL_PELAYANAN_KLINIS_TATA_LAKSANA_PENYAKIT_PERIODONTAL.pdf,26,diagnosis,2,,NOT_CLINICALLY_VERIFIED,Diagnosis Penyakit periodontal memerlukan diagnosis dan terapi dini untuk mencegah kerusakan lebih lanjut yangKESEHATANdapat berakibat pada munculnya kasus yang lebih kompleks ataupun terjadinya kehilangan gigi
P010-008,penyakit-periodontal,010_PEDOMAN_NASIONAL_PELAYANAN_KLINIS_TATA_LAKSANA_PENYAKIT_PERIODONTAL.pdf,31,symptoms,1,,NOT_CLINICALLY_VERIFIED,"Gejala klinis yang umum mukosa mulut pucat, lidah licin, dan perdarahan gusi d) Trombositopenia: Jumlah trombosit rendah, sehingga rentan terjadi perdarahan pada gingiva 3) Kelainan genetikKEMENTERIANKondisi sistemik yang dihubungkan dengan individu yang mengalami kerusakan periodontal dengan kelainan genetik, antara l"
P010-009,penyakit-periodontal,010_PEDOMAN_NASIONAL_PELAYANAN_KLINIS_TATA_LAKSANA_PENYAKIT_PERIODONTAL.pdf,46,investigation,2,,NOT_CLINICALLY_VERIFIED,Pemeriksaan Penunjang Pemeriksaan penunjang dilakukan untuk menegakkan diagnosis danKEMENTERIANmenentukan tingkat keparahan penyakit periodontal
P010-010,penyakit-periodontal,010_PEDOMAN_NASIONAL_PELAYANAN_KLINIS_TATA_LAKSANA_PENYAKIT_PERIODONTAL.pdf,85,investigation,2,,NOT_CLINICALLY_VERIFIED,"Hasil anamnesis, pemeriksaan klinis ekstra oral dan intraoral dapat diperkuat dengan pemeriksaan penunjang, antara lain: a. Foto radiografi (panoramik, periapikal, waters, bitewing, sefalometri, CBCT). b. Pemeriksaan laboratorium (pemeriksaan darah, patologi klinik) 3. Etiologi penyakit periodontal bersifat multifaktorial. 4. Etiologi utama penyakit periodontal dapat digolongkan menjadi 2, yaitu: fakto"
P010-011,penyakit-periodontal,010_PEDOMAN_NASIONAL_PELAYANAN_KLINIS_TATA_LAKSANA_PENYAKIT_PERIODONTAL.pdf,85,investigation,2,,NOT_CLINICALLY_VERIFIED,"Pemeriksaan laboratorium (pemeriksaan darah, patologi klinik) 3. Etiologi penyakit periodontal bersifat multifaktorial. 4. Etiologi utama penyakit periodontal dapat digolongkan menjadi 2, yaitu: faktor etiologi lokal dan faktor etiologi sistemik. 5. Faktor predisposisi penyakit periodontal dapat digolongkan menjadi 2"
P011-001,tatalaksana-ulkus-kornea-bakteri,011_PEDOMAN_NASIONAL_PELAYANAN_KLINIS_TATALAKSANA_ULKUS_KORNEA_BAKTERI.pdf,5,definition,3,,NOT_CLINICALLY_VERIFIED,"Berdasarkan data di Indonesia, faktor predisposisi utama ulkus kornea pada pasien di RSUP Dr. M. Djamil Padang adalah trauma (64,7%), terutama akibat serbuk sawit, dengan penyebab tersering adalah infeksi bakteri (41,2%). Demikian juga penelitian di Rumah Sakit Sanglah Bali, trauma adalah penyebab terbanyak (56,8%). PMN RS Mata Cicendo Bandung, periode tahun 2020 melaporkan"
P011-003,tatalaksana-ulkus-kornea-bakteri,011_PEDOMAN_NASIONAL_PELAYANAN_KLINIS_TATALAKSANA_ULKUS_KORNEA_BAKTERI.pdf,8,symptoms,3,,NOT_CLINICALLY_VERIFIED,"Bagaimana tanda dan gejala klinis mata untuk ulkus kornea bakteri? 8. Apakah perbedaan gejala, tanda klinis dan derajat keparahan pada pasien dewasa dan pasien anak penderita ulkus kornea bakteri 9. Bagaimana menilai derajat keparahan ulkus kornea bakteri?"
P011-004,tatalaksana-ulkus-kornea-bakteri,011_PEDOMAN_NASIONAL_PELAYANAN_KLINIS_TATALAKSANA_ULKUS_KORNEA_BAKTERI.pdf,8,symptoms,3,,NOT_CLINICALLY_VERIFIED,"Apakah perbedaan gejala, tanda klinis dan derajat keparahan pada pasien dewasa dan pasien anak penderita ulkus kornea bakteri 9"
P011-005,tatalaksana-ulkus-kornea-bakteri,011_PEDOMAN_NASIONAL_PELAYANAN_KLINIS_TATALAKSANA_ULKUS_KORNEA_BAKTERI.pdf,9,diagnosis,3,,NOT_CLINICALLY_VERIFIED,Bagaimana peran pemeriksaan mikrobiologi untuk membantu menegakkan diagnosis etiologi ulkus kornea bakteri? 11. Bagaimana melakukan pemeriksaan mikrobiologis yang ideal pada pasien ulkus kornea bakteri yang telah mendapatkan antibiotik sebelumnya? 12. Bagaimana pencegahan infeksi pada pengguna lensa kontak? 13. Apakah pilihan terapi empiris untuk ulkus kornea bakteri? 14. Apakah peran
P011-006,tatalaksana-ulkus-kornea-bakteri,011_PEDOMAN_NASIONAL_PELAYANAN_KLINIS_TATALAKSANA_ULKUS_KORNEA_BAKTERI.pdf,16,diagnosis,2,,NOT_CLINICALLY_VERIFIED,Diagnosis Anamnesis dan pemeriksaan klinis sangat penting untuk menegakkan diagnosis dan penatalaksanaan ulkus kornea yang disebabkan oleh infeksi mikroba
P011-007,tatalaksana-ulkus-kornea-bakteri,011_PEDOMAN_NASIONAL_PELAYANAN_KLINIS_TATALAKSANA_ULKUS_KORNEA_BAKTERI.pdf,20,diagnosis,3,,NOT_CLINICALLY_VERIFIED,"Pemeriksaan kultur merupakan pemeriksaan baku emas untuk penegakan diagnosis ulkus kornea bakteri.Pemilihan jenis media kultur sangat menentukan keberhasilanKEMENTERIANmendeteksi beberapa bakteri seperti Streptococcus pneumoniae, Neisseria gonorrhoeae, atau Haemophilus sp., yang memerlukan media dan kondisi pertumbuhan yang khusus"
P011-008,tatalaksana-ulkus-kornea-bakteri,011_PEDOMAN_NASIONAL_PELAYANAN_KLINIS_TATALAKSANA_ULKUS_KORNEA_BAKTERI.pdf,21,investigation,2,,NOT_CLINICALLY_VERIFIED,"Biopsi dilakukan pada kasus ulkus kornea berat yang progresif, kronis, tidak menunjukkan perbaikan klinis dengan terapi optimal atau tidak ditemukan etiologi yang jelas"
P011-009,tatalaksana-ulkus-kornea-bakteri,011_PEDOMAN_NASIONAL_PELAYANAN_KLINIS_TATALAKSANA_ULKUS_KORNEA_BAKTERI.pdf,22,investigation,3,,NOT_CLINICALLY_VERIFIED,"pemeriksaan mikrobiologi (shoot gun therapy). Pemberian 1 tetes, 4-8 kali sehari. Pengobatan awal dievaluasi setelah 24-48 jam pertama setelah pemberian antibiotik, bila tidak ada perbaikan klinis dapat dirujuk ke FPKTL. Tabel 3. Evaluasi klinis pengobatan ulkus kornea bakteri Tanda Perbaikan Perburukan Ukuran defek ep"
P011-010,tatalaksana-ulkus-kornea-bakteri,011_PEDOMAN_NASIONAL_PELAYANAN_KLINIS_TATALAKSANA_ULKUS_KORNEA_BAKTERI.pdf,29,symptoms,3,,NOT_CLINICALLY_VERIFIED,"Bagaimana tanda dan gejala klinis mata untuk ulkus kornea bakteri? Gejala: nyeri, merah, sekret, penurunan visus, fotofobia, lakrimasi, sensasi benda asing"
P011-011,tatalaksana-ulkus-kornea-bakteri,011_PEDOMAN_NASIONAL_PELAYANAN_KLINIS_TATALAKSANA_ULKUS_KORNEA_BAKTERI.pdf,29,symptoms,3,,NOT_CLINICALLY_VERIFIED,"Apakah perbedaan gejala, tanda klinis dan derajat keparahan pada pasien dewasa dan pasien anak penderita ulkus kornea bakteri? Keratitis mikroba pediatrik adalah kondisi langka tetapi berpotensi menyebabkan kerusakan serius"
P011-012,tatalaksana-ulkus-kornea-bakteri,011_PEDOMAN_NASIONAL_PELAYANAN_KLINIS_TATALAKSANA_ULKUS_KORNEA_BAKTERI.pdf,30,diagnosis,3,,NOT_CLINICALLY_VERIFIED,"Bagaimana peran pemeriksaan mikrobiologi untuk membantuKEMENTERIAN penegakan diagnosis etiologi ulkus kornea bakteri? Pemeriksaan mikrobiologi untuk membantu penegakan diagnosis etiologi ulkus kornea bakteri, jamur atau virus derajat sedang hingga berat dapat dilakukan di FPKTL"
P011-013,tatalaksana-ulkus-kornea-bakteri,011_PEDOMAN_NASIONAL_PELAYANAN_KLINIS_TATALAKSANA_ULKUS_KORNEA_BAKTERI.pdf,31,investigation,3,,NOT_CLINICALLY_VERIFIED,Pemeriksaan mikrobiologi pada kasus ulkus kornea bakteri Fasilitas Derajat ulkus Pelayanan Ringan Sedang Berat Kesehatan Fasilitas · Tidak dilakukan pemeriksaan mikrobiologi karena tidak ada Pelayanan fasilitas pemeriksaan
P011-014,tatalaksana-ulkus-kornea-bakteri,011_PEDOMAN_NASIONAL_PELAYANAN_KLINIS_TATALAKSANA_ULKUS_KORNEA_BAKTERI.pdf,40,diagnosis,3,,NOT_CLINICALLY_VERIFIED,"Diagnosis ulkus kornea bakteri ditegakkan melalui anamnesis, pemeriksaan slit lamp, serta pemeriksaan mikrobiologi (pewarnaan dan kultur)"
P012-001,infeksi-saluran-kemih,012_PEDOMAN_NASIONAL_PELAYANAN_KLINIS_TATA_LAKSANA_INFEKSI_SALURAN_KEMIH.pdf,9,definition,3,,NOT_CLINICALLY_VERIFIED,Infeksi Saluran Kemih (ISK) Infeksi saluran kemih adalah adanya bakteri atau mikroorganisme patogen lain dalam urin atau jaringan genitourinari yang pada kondisi normal steril
P012-002,infeksi-saluran-kemih,012_PEDOMAN_NASIONAL_PELAYANAN_KLINIS_TATA_LAKSANA_INFEKSI_SALURAN_KEMIH.pdf,9,symptoms,3,,NOT_CLINICALLY_VERIFIED,"Infeksi saluran kemih asimtomatik yaitu bila hasil kultur urin sesuai dengan kriteria kuantitatif bakteriuria, akan tetapi tidak didapatkan adanya tanda dan gejala infeksi. Infeksi saluran kemih simtomatis adalah kombinasi adanya patogen di sistem urinarius dengan adanya gejala dan/atau respon inflamasi terhadap patogen tersebut. Gejala yang dimaksud bisa sebagai infeksi kandung kemih (sistitis atau infeksi traktus urinarius bawah), infeksi"
P012-003,infeksi-saluran-kemih,012_PEDOMAN_NASIONAL_PELAYANAN_KLINIS_TATA_LAKSANA_INFEKSI_SALURAN_KEMIH.pdf,9,definition,3,,NOT_CLINICALLY_VERIFIED,"infeksi. Infeksi saluran kemih simtomatis adalah kombinasi adanya patogen di sistem urinarius dengan adanya gejala dan/atau respon inflamasi terhadap patogen tersebut. Gejala yang dimaksud bisa sebagai infeksi kandung kemih (sistitis atau infeksi traktus urinarius bawah), infeksi ginjal (pielonefritis atau infeksi trak"
P012-004,infeksi-saluran-kemih,012_PEDOMAN_NASIONAL_PELAYANAN_KLINIS_TATA_LAKSANA_INFEKSI_SALURAN_KEMIH.pdf,9,symptoms,2,,NOT_CLINICALLY_VERIFIED,"Gejala yang dimaksud bisa sebagai infeksi kandung kemih (sistitis atau infeksi traktus urinarius bawah), infeksi ginjal (pielonefritis atau infeksi traktus urinarius atas) atau infeksi prostat (prostatitis bakterial akut atau kronis)"
P012-006,infeksi-saluran-kemih,012_PEDOMAN_NASIONAL_PELAYANAN_KLINIS_TATA_LAKSANA_INFEKSI_SALURAN_KEMIH.pdf,29,investigation,3,,NOT_CLINICALLY_VERIFIED,"pemeriksaan radiologis. Meskipun infeksi saluran kemih bagian atas biasanya secara klinis sudah jelas diidentifikasi dan tanpa komplikasi, infeksi ini masih berpotensi menjadi serius jika terdapat obstruksi saluran kemih atau jika terjadi pada pasien yang berisiko tinggi mengalami komplikasi seperti pasien dengan penur"
P012-007,infeksi-saluran-kemih,012_PEDOMAN_NASIONAL_PELAYANAN_KLINIS_TATA_LAKSANA_INFEKSI_SALURAN_KEMIH.pdf,32,diagnosis,3,,NOT_CLINICALLY_VERIFIED,"Terdapat beberapa peranan PET Scan dalam mendiagnosis infeksi saluran kemih, untuk membedakan antara kondisi pyelonephritis akut dan kronis"
P012-009,infeksi-saluran-kemih,012_PEDOMAN_NASIONAL_PELAYANAN_KLINIS_TATA_LAKSANA_INFEKSI_SALURAN_KEMIH.pdf,96,investigation,2,,NOT_CLINICALLY_VERIFIED,pemeriksaan penunjang termasuk USG ginjal atau modalitas lain untuk menyingkirkan kemungkinan patologi saluran kemih lainnya
P012-010,infeksi-saluran-kemih,012_PEDOMAN_NASIONAL_PELAYANAN_KLINIS_TATA_LAKSANA_INFEKSI_SALURAN_KEMIH.pdf,97,diagnosis,2,,NOT_CLINICALLY_VERIFIED,"diagnosis pielonefritis berdasarkan adanya tanda- Kuat tanda infeksi, seperti demam 38,0°C atau lebih, mual, dan muntah dan pemeriksaan urin menunjukkan adanya ISK, dengan gejala tambahan infeksi saluran genitourinari bagian atas, seperti"
P012-011,infeksi-saluran-kemih,012_PEDOMAN_NASIONAL_PELAYANAN_KLINIS_TATA_LAKSANA_INFEKSI_SALURAN_KEMIH.pdf,98,investigation,2,,NOT_CLINICALLY_VERIFIED,"Pasien yang tidak menunjukkan perbaikan klinis dalam waktu 72 jam harus dievaluasi lebih lanjut untuk memastikan tidak ada resistensi bakteri dan menjalani pemeriksaan penunjang termasuk USG Kuat ginjal atau modalitas lain untuk menyingkirkan kemungkinan patologi saluran kemih lainnya (batu, kelaianan anatomi, 8"
P012-012,infeksi-saluran-kemih,012_PEDOMAN_NASIONAL_PELAYANAN_KLINIS_TATA_LAKSANA_INFEKSI_SALURAN_KEMIH.pdf,105,diagnosis,3,,NOT_CLINICALLY_VERIFIED,"Tabel Rekomendasi 20 untuk Diagnostik dan Tata laksana ISK pada Anak Rekomendasi Tingkat kekuatan Mencatat riwayat kesehatan, menilai tanda dan gejala klinis serta Kuat melakukan pemeriksaan fisik untuk mendiagnosis anak yang diduga mengalami infeksi saluran kemih (ISK)"
P012-013,infeksi-saluran-kemih,012_PEDOMAN_NASIONAL_PELAYANAN_KLINIS_TATA_LAKSANA_INFEKSI_SALURAN_KEMIH.pdf,109,diagnosis,2,,NOT_CLINICALLY_VERIFIED,"diagnosis pielonefritis berdasarkan adanya tanda-tanda infeksi, seperti demam Kuat 38,0°C atau lebih, mual, dan muntah dan pemeriksaan urin menunjukkan adanya ISK, dengan gejala tambahan infeksi saluran genitourinari bagian atas, seperti nyeri pinggang atau nyeri tekan pada sudut costovertebral. 2"
P012-014,infeksi-saluran-kemih,012_PEDOMAN_NASIONAL_PELAYANAN_KLINIS_TATA_LAKSANA_INFEKSI_SALURAN_KEMIH.pdf,111,diagnosis,3,,NOT_CLINICALLY_VERIFIED,"Kesimpulan PNPK ini menyajikan pedoman berbasis bukti dalam penatalaksanaan Infeksi Saluran Kemih (ISK), termasuk aspek pencegahan, diagnosis, dan terapi. Beberapa rekomendasi utama mencakup penggunaan kultur urin untuk diagnosis, pemilihan antibiotik berbasis sensitivitas bakteri, serta pendekatan spesifik untuk berbagai kelompok pasien, seperti anak-anak, ibu hamil, dan pasien dengan komplikasi. B. Rekomendasi: 1. Pencegahan: Skrining ruti"
P013-001,sirosis-hati-pada-dewasa,013_PEDOMAN_NASIONAL_PELAYANAN_KLINIS_TATA_LAKSANA_SIROSIS_HATI_PADA_DEWASA.pdf,10,definition,2,,NOT_CLINICALLY_VERIFIED,"Di negara maju, sirosis hati lebih banyak disebabkan oleh infeksi virus hepatitis C, penyakit hati alkoholik, dan steatohepatitis. Adapun di negara berkembang, penyebab sirosis tersering adalah infeksi virus hepatitis B dan C. Etiologi lain dari sirosis adalah akibat hepatitis autoimun, kolangitis bilier primer, primary sclerosing cholangitis, hemokromatosis, penyakit Wilson, defisiensi alfa-1 antitrypsin, sind"
P013-002,sirosis-hati-pada-dewasa,013_PEDOMAN_NASIONAL_PELAYANAN_KLINIS_TATA_LAKSANA_SIROSIS_HATI_PADA_DEWASA.pdf,11,definition,2,,NOT_CLINICALLY_VERIFIED,"Tahap asimptomatik yang panjang tanpa gejala yang signifikan merupakan salah satu karakteristik penyakit hati kronik. Pada tahap awal, yaitu pada fase sirosis kompensata, pasien dapat tidak bergejala atau hanya bergejala minimal. Dalam periode asimtomatik tersebut, hipertensi portal perlahan muncul, seiring dengan penurunan fungsi sel hati. Hipertensi portal merupakan proses kunci transisi dari sirosis kompensata menjadi"
P013-003,sirosis-hati-pada-dewasa,013_PEDOMAN_NASIONAL_PELAYANAN_KLINIS_TATA_LAKSANA_SIROSIS_HATI_PADA_DEWASA.pdf,11,investigation,2,,NOT_CLINICALLY_VERIFIED,"Pada sirosis yang terkompensasi, gejala biasanya masih asimptomatik, dan dapat ditemukan secara kebetulan saat medical check up atau pada pemeriksaan penunjang ditemukan peningkatan aminotransferase atau gamma glutamyl transpeptidase,KEMENTERIANpembesaran hati, dan atau limpa"
P013-004,sirosis-hati-pada-dewasa,013_PEDOMAN_NASIONAL_PELAYANAN_KLINIS_TATA_LAKSANA_SIROSIS_HATI_PADA_DEWASA.pdf,12,symptoms,1,,NOT_CLINICALLY_VERIFIED,"Pemeriksaan Fisik Pada pemeriksaan fisik dapat ditemukan gejala klinis khas pada penyakit hati stadium lanjut seperti eritema palmar, spider nevi, ginekomastia, sklera ikterik, menurunnya produksi rambut tubuh, dan atrofi testis"
P013-005,sirosis-hati-pada-dewasa,013_PEDOMAN_NASIONAL_PELAYANAN_KLINIS_TATA_LAKSANA_SIROSIS_HATI_PADA_DEWASA.pdf,16,investigation,2,,NOT_CLINICALLY_VERIFIED,"Pengukuran ini kemudian akan dikategorikan kedalam sistem skoring METAVIR dengan skala F0 - F4, di mana F4 dikategorikan sebagai sirosis.KEMENTERIAN 5) Biopsi Hati Biopsi hati merupakan standar emas untuk menegakkan diagnosis sirosis, termasuk menentukan derajat inflamasi dan stadium dari hepatitis kronik"
P013-006,sirosis-hati-pada-dewasa,013_PEDOMAN_NASIONAL_PELAYANAN_KLINIS_TATA_LAKSANA_SIROSIS_HATI_PADA_DEWASA.pdf,16,investigation,2,,NOT_CLINICALLY_VERIFIED,"Biopsi hati merupakan standar emas untuk menegakkan diagnosis sirosis, termasuk menentukan derajat inflamasi dan stadium dari hepatitis kronik"
P013-007,sirosis-hati-pada-dewasa,013_PEDOMAN_NASIONAL_PELAYANAN_KLINIS_TATA_LAKSANA_SIROSIS_HATI_PADA_DEWASA.pdf,23,diagnosis,2,,NOT_CLINICALLY_VERIFIED,"Diagnosis sirosis hati ditegakkan berdasarkan hasil anamnesis, pemeriksaan fisik, dan kombinasi pemeriksaan laboratorium, pencitraan, endoskopi dan pemeriksaan non-invasif untuk fibrosis hati"
P013-009,sirosis-hati-pada-dewasa,013_PEDOMAN_NASIONAL_PELAYANAN_KLINIS_TATA_LAKSANA_SIROSIS_HATI_PADA_DEWASA.pdf,104,symptoms,1,,NOT_CLINICALLY_VERIFIED,c) Skrining Ensefalopati minimal Ensefalopati Hepatikum minimal didefinisikan sebagai adanya temuan tanda dan gejala disfungsi jaringan otak pada pasien dengan penyakit hati kronik tanpa ada disorientasi atau asterixis
P013-010,sirosis-hati-pada-dewasa,013_PEDOMAN_NASIONAL_PELAYANAN_KLINIS_TATA_LAKSANA_SIROSIS_HATI_PADA_DEWASA.pdf,104,symptoms,1,,NOT_CLINICALLY_VERIFIED,"Kata minimal digunakan karena tidak ditemukannya gejala klinis atau kognitif ensefalopati hepatikum. Pendekatan skrining yang dapat dilakukan terbagi menjadi dua yaitu psikometri dan neurofisiologi. Skrining EH minimal pentingKEMENTERIANdilakukan untuk menilai prognosis pasien, terlebih lagi Insidensi EH minimal pada pasien dengan penyakit hati kronik mencapai lebih"
P013-011,sirosis-hati-pada-dewasa,013_PEDOMAN_NASIONAL_PELAYANAN_KLINIS_TATA_LAKSANA_SIROSIS_HATI_PADA_DEWASA.pdf,108,differential,1,,NOT_CLINICALLY_VERIFIED,"CT scan dapat mengukur gravitasi cairan serebrospinal sehingga dapat mengeksklusi diagnosis banding. CT scan juga bisa menilai atrofi otak yang berhubungan dengan perburukan status neurologis pada pasien dengan penyakit KESEHATAN hati, meskipun atrofi lebih erat kaitannya dengan penyebab penyakit hati seperti alkohol dan sindrom metabolik daripada EH. Magnetic resonance imaging (MRI), termasuk spekt"
P013-012,sirosis-hati-pada-dewasa,013_PEDOMAN_NASIONAL_PELAYANAN_KLINIS_TATA_LAKSANA_SIROSIS_HATI_PADA_DEWASA.pdf,150,differential,2,,NOT_CLINICALLY_VERIFIED,"TVP pada sirosis hati harus dibedakan dari TVP non-sirosis dan trombosis tumor vena porta berdasarkan kombinasi riwayat klinis, karakteristik gambaran radiologi, dan kadar serum α-fetoprotein (AFP)"
P013-013,sirosis-hati-pada-dewasa,013_PEDOMAN_NASIONAL_PELAYANAN_KLINIS_TATA_LAKSANA_SIROSIS_HATI_PADA_DEWASA.pdf,155,diagnosis,2,,NOT_CLINICALLY_VERIFIED,Sebagian besar kasus KSH terjadi pada hati sirotik atau fibrosis berat sehingga pasien sirosis perlu diikutsertakan dalam program surveilans agar diagnosis KSH dapat ditegakkan sedini mungkin dan terapi yang bersifat kuratif dapat diberikan. a
P013-014,sirosis-hati-pada-dewasa,013_PEDOMAN_NASIONAL_PELAYANAN_KLINIS_TATA_LAKSANA_SIROSIS_HATI_PADA_DEWASA.pdf,157,diagnosis,3,,NOT_CLINICALLY_VERIFIED,"Meskipun gambaran sarkopenia dapat terjadi pada orang dewasa muda, patofisiologi yang mendasarinya harus diinvestigasi dalam menegakkan diagnosis sarkopenia. Panduan terbaru juga menekankan pentingnya deteksi dini dan intervensi untuk memperlambat progresi sarkopenia dan meningkatkan kualitas hidup pasien. Sarkopenia pada sirosis hati didefinisikan oleh American Association for the Study of Liver Diseases (AASLD) sebagai kondisi kehilangan m"
P013-015,sirosis-hati-pada-dewasa,013_PEDOMAN_NASIONAL_PELAYANAN_KLINIS_TATA_LAKSANA_SIROSIS_HATI_PADA_DEWASA.pdf,162,diagnosis,1,,NOT_CLINICALLY_VERIFIED,"Nilai ambang batas yang digunakan sebagai kriteria diagnosis dari sarkopeniaKEMENTERIAN berbeda tergantung etnis, jenis kelamin, komorbiditas, dan tentunya kondisi sirosis, sehingga berbagai konsensus menetapkan nilai ambang yang berbeda-beda berdasarkan pertimbangan-pertimbangan tersebut (Tabel 17)"
P013-016,sirosis-hati-pada-dewasa,013_PEDOMAN_NASIONAL_PELAYANAN_KLINIS_TATA_LAKSANA_SIROSIS_HATI_PADA_DEWASA.pdf,190,diagnosis,1,,NOT_CLINICALLY_VERIFIED,"Diagnosis KSH berdasarkan adanya faktor risiko penyakit hati kronik, tumor marker, dan gambaran radiologis terhadap KSH, yaitu penyangatan kontras pada fase arteri dan washout pada fase vena porta"
P014-003,perdarahan-saluran-cerna,014_PNPK_2023_Tata_Laksana_Perdarahan_Saluran_Cerna.pdf,7,diagnosis,3,,NOT_CLINICALLY_VERIFIED,"Oleh karena masih tingginya morbiditas dan mortalitas perdarahan saluran cerna di dunia dan Indonesia, maka diperlukan resusitasi segera, evaluasi risiko awal, diagnosis klinis, dan pemeriksaan definitif yang tepat sebelum dilakukan intervensi spesifik yang akurat"
P014-004,perdarahan-saluran-cerna,014_PNPK_2023_Tata_Laksana_Perdarahan_Saluran_Cerna.pdf,7,diagnosis,3,,NOT_CLINICALLY_VERIFIED,"Berbagai kendala dalam pencegahan, penegakan diagnosis, dan penanganan perdarahan saluran cerna sering ditemukan di negara berkembang, termasuk Indonesia"
P014-005,perdarahan-saluran-cerna,014_PNPK_2023_Tata_Laksana_Perdarahan_Saluran_Cerna.pdf,17,diagnosis,3,,NOT_CLINICALLY_VERIFIED,"Endoskopi Endoskopi merupakan gold standard diagnosis PSCA (Rekomendasi IA). Endoskopi memiliki sensitivitas dan spesifisitas yang tinggi untuk menemukan dan mengidentifikasi lesi perdarahan di saluran cerna bagian atas. Selain itu, setelah lesi perdarahan telah diidentifikasi, endoskopi terapeutik dapat mencapai hemostasis dan mencegah perdarahan berulang pada"
P014-006,perdarahan-saluran-cerna,014_PNPK_2023_Tata_Laksana_Perdarahan_Saluran_Cerna.pdf,19,diagnosis,3,,NOT_CLINICALLY_VERIFIED,"Alur Diagnosis PSCA. Catatan : beberapa prosedur diagnostik juga merupakan prosedur terapeutik pada perdarahan saluran cerna contohnya : endoskopi, laparatomi, angiografi. 8. Penatalaksanaan Tujuan utama pengelolaan PSCA adalah stabilisasi hemodinamik, menghentikan perdarahan, mencegah perdarahan berulang dan"
P014-007,perdarahan-saluran-cerna,014_PNPK_2023_Tata_Laksana_Perdarahan_Saluran_Cerna.pdf,30,diagnosis,3,,NOT_CLINICALLY_VERIFIED,"Semua pasien yang dicurigai atau riwayat mengalami PSCA, memerlukan modalitas diagnostik lebih lanjut seperti endoskopi saluran cerna untuk mengevaluasi sumber perdarahan, sehingga disarankan untuk merujuk pasien ke fasilitas kesehatan yang memiliki fasilitas lebih lengkap"
P014-008,perdarahan-saluran-cerna,014_PNPK_2023_Tata_Laksana_Perdarahan_Saluran_Cerna.pdf,35,investigation,3,,NOT_CLINICALLY_VERIFIED,"Pemeriksaan Laboratorium Pemeriksaan lab yang harus diperoleh pada pasien dengan perdarahan saluran cerna meliputi hitung darah lengkap, kimia serum, fungsi hati, fungsi ginjal dan fungsi koagulasi"
P014-009,perdarahan-saluran-cerna,014_PNPK_2023_Tata_Laksana_Perdarahan_Saluran_Cerna.pdf,48,symptoms,3,,NOT_CLINICALLY_VERIFIED,Pasien anak dengan perdarahan saluran cerna atas datang dengan manifestasi klinis berupa hematemesis (muntah darah atau
P014-010,perdarahan-saluran-cerna,014_PNPK_2023_Tata_Laksana_Perdarahan_Saluran_Cerna.pdf,64,symptoms,1,,NOT_CLINICALLY_VERIFIED,Gejala klinis yang timbul serta golongan usia dapat membantu menjelaskan penyebab / sumber perdarahan
P014-011,perdarahan-saluran-cerna,014_PNPK_2023_Tata_Laksana_Perdarahan_Saluran_Cerna.pdf,70,symptoms,3,,NOT_CLINICALLY_VERIFIED,Manifestasi Klinis Manifestasi klinis tersering dari perdarahan saluran cerna anak bagian bawah adalah: a
P014-012,perdarahan-saluran-cerna,014_PNPK_2023_Tata_Laksana_Perdarahan_Saluran_Cerna.pdf,73,investigation,3,,NOT_CLINICALLY_VERIFIED,"pemeriksaan laboratorium 2) Pada penderita dengan kecurigaan kolitis karena infeksi atau IBD pemeriksaan LED, CRP, albumin, DL, dan tinja untuk mencari patogen, dan fecal calprotectin 3) Pada penderita dengan adanya perdarahan bersumber di luar saluran cerna perlu dievaluasi adanya kelainan perdarahan (PT, aPTT, faktor"
P014-013,perdarahan-saluran-cerna,014_PNPK_2023_Tata_Laksana_Perdarahan_Saluran_Cerna.pdf,75,investigation,2,,NOT_CLINICALLY_VERIFIED,"Dalam prosedur akan dilakukan penilaian permukaan mukosa saluran, lokasi perdarahan, juga dilakukan biopsi dan kultur. Esofagogastroduodenoskopi dilakukan atas indikasi adanya hematemesis, melena, dan hematokesia, sedangkan kolonoskopi dan sigmoidoskopi flksibel digunakan pada kasus hematokesia. Pada perdarahan yang tidak ditemukan sumbernya/obscure blood loss yang diperkirakan bersumber dari usus halus dapat dilakuk"
P014-014,perdarahan-saluran-cerna,014_PNPK_2023_Tata_Laksana_Perdarahan_Saluran_Cerna.pdf,79,symptoms,1,,NOT_CLINICALLY_VERIFIED,"gejala yang menyertai, dan durasi d. Anemia berat, gangguan perdarahan disebabkan koagulopati memerlukan rujukan ke hematologic"
P015-001,osteoporosis,015_PNPK_2023_Tata_Laksana_Osteoporosis.pdf,5,definition,1,,NOT_CLINICALLY_VERIFIED,"OSTEOPOROSIS BAB I PENDAHULUAN A. Latar Belakang Osteoporosis merupakan suatu penyakit tulang sistemik yang ditandai oleh menurunnya kepadatan tulang, sehingga tulang mudah patah. Di Indonesia, Osteoporosis dikenal dengan sebutan keropos tulang. Osteoporosis saat ini merupakan salah satu masalah kesehatan yang besar di"
P015-003,osteoporosis,015_PNPK_2023_Tata_Laksana_Osteoporosis.pdf,8,symptoms,1,,NOT_CLINICALLY_VERIFIED,Selain itu Osteoporosis merupakan penyakit yang tidak memiliki gejala klinis dan sampai saat ini belum ada panduan nasional pelayanan kesehatan untuk Osteoporosis
P015-004,osteoporosis,015_PNPK_2023_Tata_Laksana_Osteoporosis.pdf,29,diagnosis,1,,NOT_CLINICALLY_VERIFIED,"Diagnosis Osteoporosis menurut World Health Organization (WHO) pada perempuan pascamenopause dan laki-laki ≥50 tahun tanpa adanya fraktur patologis menggunakan T-score: 1) Nilai T-score ≥ -1 dikatakan normal. 2) Nilai T-score -1 sampai dengan -2,5 dikatakan osteopenia. 3) Nilai T-score ≤ -2,5 dikatakan Osteoporosis. b"
P015-005,osteoporosis,015_PNPK_2023_Tata_Laksana_Osteoporosis.pdf,54,diagnosis,1,,NOT_CLINICALLY_VERIFIED,"Pedoman Internasional Osteoporosis Foundation tahun 2022 merekomendasikan pendekatan komprehensif untuk penilaian risiko dan diagnosis Osteoporosis yang mencakup sebagian besar dari hal berikut: anamnesis terperinci dan pemeriksaan fisik, penilaian BMD, pencitraan tulang belakang untuk patah tulang belakang, dan perkiraan kemungkinan patah tulang 10 tahun"
P015-007,osteoporosis,015_PNPK_2023_Tata_Laksana_Osteoporosis.pdf,106,symptoms,1,,NOT_CLINICALLY_VERIFIED,Sebagian besar anak dengan Osteoporosis didiagnosis setelah timbul gejala klinis. Hal itu disebabkan antara lain karena pertumbuhan anak yang cepat pada masa anak dan pubertas serta ukuran tulang yang sangat bervariasi
P015-008,osteoporosis,015_PNPK_2023_Tata_Laksana_Osteoporosis.pdf,107,diagnosis,1,,NOT_CLINICALLY_VERIFIED,"enegakkan diagnosis Osteoporosis pada anak tidak hanya berdasarkan hasil BMD saja, riwayat fraktur dan pemeriksaan fisis penting untuk diperhatikan"
P015-010,osteoporosis,015_PNPK_2023_Tata_Laksana_Osteoporosis.pdf,145,investigation,1,,NOT_CLINICALLY_VERIFIED,"Pemeriksaan laboratorium (peringkat bukti IB; derajat rekomendasi B) 1) Pemeriksaan laboratorium rutin meliputi darah perifer, reaktan fase akut (laju endap darah), kalsium darah, albumin, kreatinin, fosfat, transaminase hati, fosfatase alkali 2) Pemeriksaan laboratorium lain sesuai indikasi (mencari penyebab Osteoporosis sekunder 3) Petanda biokimia darah meliputi CTX dan P1NP b"
P015-011,osteoporosis,015_PNPK_2023_Tata_Laksana_Osteoporosis.pdf,145,investigation,1,,NOT_CLINICALLY_VERIFIED,Pemeriksaan laboratorium lain sesuai indikasi (mencari penyebab Osteoporosis sekunder 3) Petanda biokimia darah meliputi CTX dan P1NP b
P015-012,osteoporosis,015_PNPK_2023_Tata_Laksana_Osteoporosis.pdf,155,diagnosis,1,,NOT_CLINICALLY_VERIFIED,Osteoporosis pada Anak 1) Diagnosis Diagnosis Osteoporosis pada anak dan remaja ditegakkan dengan kriteria sebagai berikut (peringkat bukti IA; derajat rekomendasi A): a) Didapatkan adanya satu atau lebih fraktur kompresi vertebra tanpa adanya trauma bermakna atau tanpa penyakit/kelainan yang mendasarinya (tanpa memperhatikan hasil BMD) Atau b)
P015-013,osteoporosis,015_PNPK_2023_Tata_Laksana_Osteoporosis.pdf,156,investigation,1,,NOT_CLINICALLY_VERIFIED,"Tergantung penyakit yang mendasarinya maka dapat dikerjakan pemeriksaan hormon pubertas (LH, FSH, estradiol/testosteron), dan penanda inflamasi atau pemeriksaan laboratorium lain. (peringkat bukti IB; derajat rekomendasi A). Pemeriksaan bone turnover (formasi tulang maupun resorpsi tulang tulang) tidak diperlukan untuk menegakkan diagnosis Osteoporosis. (peringkat bukti IB; derajat rekomendasi A). 5) Pemeriksaan DXA (peringkat bukti IA; dera"
P015-014,osteoporosis,015_PNPK_2023_Tata_Laksana_Osteoporosis.pdf,157,diagnosis,1,,NOT_CLINICALLY_VERIFIED,"Rangkuman rekomendasi Osteoporosis pada Anak No Pernyataan Rekomendasi Pering- Derajat Reko- kat Bukti mendasi 1 Diagnosis Osteoporosis pada anak dan IA A remaja ditegakkan berdasarkan kriteria satu atau lebih fraktur kompresi vertebra tanpa ada trauma atau penyakit lain. 2 Apabila tidak terdapat fraktur, maka nilai IA A Z-score dari pemeriksaan BMD dipakai untuk diagnosis Osteoporosis pada anak dan remaja. 3 Pemeriksaan foto pol"
P016-001,pneumonia-pada-dewasa,016_PNPK_2023_Tata_Laksana_Pneumonia_Pada_Dewasa.pdf,5,definition,2,,NOT_CLINICALLY_VERIFIED,"PNEUMONIA PADA DEWASA BAB I PENDAHULUAN A. Latar Belakang Pneumonia adalah suatu peradangan akut di parenkim paru yang disebabkan oleh infeksi patogen (bakteri, virus, jamur dan parasit), namun tidak termasuk Mycobacterium tuberculosis. Berdasar klinis dan epidemiologis, pneumonia dibedakan atas pneumonia komunitas (co"
P016-002,pneumonia-pada-dewasa,016_PNPK_2023_Tata_Laksana_Pneumonia_Pada_Dewasa.pdf,11,diagnosis,1,,NOT_CLINICALLY_VERIFIED,"Diagnosis Diagnosis pneumonia berdasarkan anamnesis, pemeriksaan fisis, pemeriksaan penunjang (radiologi dan laboratorium)"
P016-003,pneumonia-pada-dewasa,016_PNPK_2023_Tata_Laksana_Pneumonia_Pada_Dewasa.pdf,11,diagnosis,1,,NOT_CLINICALLY_VERIFIED,"Gejala dan tanda klinis tidak memberikan gambaran akurat mengenai pneumonia, sehingga diagnosis pasti pneumonia ditegakkan jika pada pemeriksaan radiologi ditemukan infiltrat/opasitas/konsolidasi/air bronchogram ditambah dengan awitan akut dari beberapa gejala dan tanda di bawah ini: 1"
P016-004,pneumonia-pada-dewasa,016_PNPK_2023_Tata_Laksana_Pneumonia_Pada_Dewasa.pdf,12,investigation,1,,NOT_CLINICALLY_VERIFIED,Pemeriksaan Penunjang 1. Pemeriksaan radiologi Tanda dan gejala klinis saja memiliki akurasi diagnostik yang rendah dalam mendiagnosis pneumonia komunitas. Pemeriksaan radiologi merupakan salah satu pemeriksaan penunjang yang dapat membantu menegakkan diagnosis pneumonia komunitas pada pasien dengan gambaran klinis yan
P016-005,pneumonia-pada-dewasa,016_PNPK_2023_Tata_Laksana_Pneumonia_Pada_Dewasa.pdf,12,symptoms,1,,NOT_CLINICALLY_VERIFIED,Pemeriksaan radiologi Tanda dan gejala klinis saja memiliki akurasi diagnostik yang rendah dalam mendiagnosis pneumonia komunitas
P016-006,pneumonia-pada-dewasa,016_PNPK_2023_Tata_Laksana_Pneumonia_Pada_Dewasa.pdf,12,investigation,1,,NOT_CLINICALLY_VERIFIED,Pemeriksaan radiologi merupakan salah satu pemeriksaan penunjang yang dapat membantu menegakkan diagnosis pneumonia komunitas pada pasien dengan gambaran klinis yang menunjang
P016-008,pneumonia-pada-dewasa,016_PNPK_2023_Tata_Laksana_Pneumonia_Pada_Dewasa.pdf,38,symptoms,1,,NOT_CLINICALLY_VERIFIED,Gejala klinis pada Tabel 5. di bawah ini dapat membantu menegakkan diagnosis pneumonia atipikal. 2
P016-009,pneumonia-pada-dewasa,016_PNPK_2023_Tata_Laksana_Pneumonia_Pada_Dewasa.pdf,39,symptoms,1,,NOT_CLINICALLY_VERIFIED,"Perbedaan gambaran klinik pneumonia atipikal dan tipikal Tanda dan gejala P.atipikal P.tipikal Onset Gradual Akut Suhu Kurang tinggi Tinggi, menggigil Batuk Non produktif Produktif Sputum Mukoid Purulen Gejala lain Nyeri kepala, mialgia, sakit Jarang tenggorokan, suara parau, nyeri telinga Gejala di luar paru Sering Lebih jarang Apusan Gram Flora normal atau spesifik Kokus G"
P016-010,pneumonia-pada-dewasa,016_PNPK_2023_Tata_Laksana_Pneumonia_Pada_Dewasa.pdf,47,definition,2,,NOT_CLINICALLY_VERIFIED,Faktor risiko Faktor risiko terjadinya pneumonia adalah pada kelompok usia lanjut dan dewasa dengan penyakit penyerta
P016-011,pneumonia-pada-dewasa,016_PNPK_2023_Tata_Laksana_Pneumonia_Pada_Dewasa.pdf,48,diagnosis,1,,NOT_CLINICALLY_VERIFIED,"Diagnosis Menurut kriteria dari The Centers for Disease Control (CDC-Atlanta), diagnosis pneumonia adalah sebagai berikut. 1"
P016-012,pneumonia-pada-dewasa,016_PNPK_2023_Tata_Laksana_Pneumonia_Pada_Dewasa.pdf,56,diagnosis,1,,NOT_CLINICALLY_VERIFIED,"Selain itu, kemunculan infeksi MDRO di luar HAP sebagai penyebab pneumonia komunitas kini mendorong pentingnya stratifikasi faktor risiko dan panduan diagnosis pneumonia MDRO sejak fasilitas primer. Pilihan pengobatan pada berbagai tingkat resistensi kuman: 1. MDR (multidrug-resistant) a. Adalah hasil uji kepekaan resisten terhadap min. 3 golongan antibiotik mayor. b. Pengobatan diberikan sesuai dengan kepekaan kuman dan pola kepekaan"
P016-013,pneumonia-pada-dewasa,016_PNPK_2023_Tata_Laksana_Pneumonia_Pada_Dewasa.pdf,57,investigation,1,,NOT_CLINICALLY_VERIFIED,"ATS/IDS merekomendasikan pemeriksaan mikrobiologi, termasuk kultur darah, kultur sputum dan pewarnaan gram, PCR nasal, atau kultur MRSA untuk pasien pneumonia berat yang dirawat di rumah sakit atau ICU, dengan tujuan mendeteksi pathogen MDR"
P016-014,pneumonia-pada-dewasa,016_PNPK_2023_Tata_Laksana_Pneumonia_Pada_Dewasa.pdf,63,diagnosis,1,,NOT_CLINICALLY_VERIFIED,"Pemberian antibiotik empiris pada pneumonia tidak berat dilakukan dalam 4 – 8 jam setelah penegakkan diagnosis, sedangkan pada pneumonia derajat berat dan disertai sepsis, pemberian antibiotic dilakukan dalam waktu 1 jam setelah penegakkan diagnosis. 8"
P017-003,glaukoma,017_PNPK_2023_Tata_Laksana_Glaukoma.pdf,5,diagnosis,1,,NOT_CLINICALLY_VERIFIED,Hal ini dapat dilatarbelakangi kurangnya pengetahuan para petugas kesehatan tentang glaukoma terutama dalam hal mengenali dan menegakkan diagnosis. Keterbatasan alat diagnostik dan ketersediaan modalitas terapi juga berperan dalam mengatasi glaukoma. Untuk itu diperlukan suatu Pedoman Nasional Pelayanan Kedokteran untuk Glaukoma. B. Permasalahan 1. Makin tingginya angka kejadian glaukoma. 2. Makin tingginya angka kebutaan akibat glaukoma. 3
P017-007,glaukoma,017_PNPK_2023_Tata_Laksana_Glaukoma.pdf,22,investigation,1,,NOT_CLINICALLY_VERIFIED,"a) Perimetri didapatnya defek lapang pandangan khas glaukoma Pemeriksaan perimetri dilakukan bila sudah terlewati fase akut b) Pemeriksaan penunjang dan tambahan OCT anterior : untuk menilai sudut bilik mata depan OCT posterior : untuk menilai ketebalan Retinal Nerve Fiber Layer Imaging c) Biometri untuk menilai kedalaman bilik mata depan, panjang axial bola mata 3"
P017-008,glaukoma,017_PNPK_2023_Tata_Laksana_Glaukoma.pdf,37,symptoms,1,,NOT_CLINICALLY_VERIFIED,Tanda dan gejala yang timbul tergantung berat ringannya glaukoma neovaskular yang terjadi
P017-009,glaukoma,017_PNPK_2023_Tata_Laksana_Glaukoma.pdf,42,differential,1,,NOT_CLINICALLY_VERIFIED,Salah satu diagnosis banding dari glaukoma fakomorfik adalah glaukoma primer sudut tertutup
P017-010,glaukoma,017_PNPK_2023_Tata_Laksana_Glaukoma.pdf,49,symptoms,1,,NOT_CLINICALLY_VERIFIED,"manifestasi klinis pada GPSTp. Peningkatan TIO tersebut juga dapat menyerupai blok pupil akut dengan gejala mata merah, edema kornea, peningkatan TIO lebih dari 50 mmHg meskipun suatu bentuk glaukoma sudut terbuka. Terdapat korelasi positif antara derajat peningkatan TIO dengan pelepasan pigmen. Kedua hal tersebut dapa"
P017-012,glaukoma,017_PNPK_2023_Tata_Laksana_Glaukoma.pdf,102,diagnosis,1,,NOT_CLINICALLY_VERIFIED,"Diagnosis glaukoma maligna ditegakkan bila didapat mata merah, visus turun mendadak disertai"
P017-013,glaukoma,017_PNPK_2023_Tata_Laksana_Glaukoma.pdf,104,differential,1,,NOT_CLINICALLY_VERIFIED,"Sebagai diagnosis banding dari Sindroma Schwartz Matsuo dapat berupa : a. Iritis : adannya sinekia anterior dan keratik presipitat mengindikasi adanya proses inflamasi, berbeda dengan Sindroma Schwartz-Matsuo. Sel akuos yang yang ditemukan pada Sindroma Schwartz Matsuo tidak berespon terhadap kortikosteroid. b. Glaukoma sudut"
P017-014,glaukoma,017_PNPK_2023_Tata_Laksana_Glaukoma.pdf,114,diagnosis,1,,NOT_CLINICALLY_VERIFIED,Pemeriksaan dengan anestesi umum mungkin dapat dihindari jika diagnosis glaukoma dapat disingkirkan secara pasti (pada bayi atau anak yang lebih muda) atau jika akan lebih menguntungkan bagi anak yang lebih tua jika diberikan pengobatan percobaan saja
P018-001,angina-pectoris-stabil,018_PNPK_2023_Tata_Laksana_Angina_Pectoris_Stabil.pdf,5,definition,2,,NOT_CLINICALLY_VERIFIED,"ANGINA PEKTORIS STABIL BAB I PENDAHULUAN A. Latar Belakang Penyakit jantung koroner, merupakan salah satu Penyakit Tidak Menular (PTM) yang memiliki kecenderungan untuk meningkat setiap tahunnya dan berdampak tidak hanya pada negara maju, tapi juga pada negara berkembang. Menurut World Health Organization (WHO), pada t"
P018-002,angina-pectoris-stabil,018_PNPK_2023_Tata_Laksana_Angina_Pectoris_Stabil.pdf,9,diagnosis,1,,NOT_CLINICALLY_VERIFIED,Diagnosis dan stratifikasi risiko pada pasien dengan penyakit arteri koroner stabil penting untuk pencegahan sindrom koroner akut. 2
P018-004,angina-pectoris-stabil,018_PNPK_2023_Tata_Laksana_Angina_Pectoris_Stabil.pdf,11,diagnosis,2,,NOT_CLINICALLY_VERIFIED,Kode diagnosis ICD 10 (International Statistical Classification of Diseases and Related Health Problems) terkait angina pektoris stabil Kode diagnosis terkait angina pektoris stabil menurut International Statistical Classification of Diseases and Related Health Problems 10th Revision (ICD-10)-WHO versi tahun 2016 adalah sebagai berikut: a
P018-005,angina-pectoris-stabil,018_PNPK_2023_Tata_Laksana_Angina_Pectoris_Stabil.pdf,14,diagnosis,2,,NOT_CLINICALLY_VERIFIED,"Jika berdasarkan pertimbangan tersebut revaskularisasi bukan merupakan pilihan, pemeriksaan diagnostik dapat dikurangi seminimal mungkin dan terapi harus segera dimulai, termasuk pemberian medikamentosa anti angina bahkan sebelum diagnosis Penyakit Jantung Koroner (PJK) Stabil dapat ditegakkan"
P018-006,angina-pectoris-stabil,018_PNPK_2023_Tata_Laksana_Angina_Pectoris_Stabil.pdf,14,diagnosis,1,,NOT_CLINICALLY_VERIFIED,"diagnosis Penyakit Jantung Koroner (PJK) Stabil dapat ditegakkan. Gambar 1 memuat tata laksana awal pasien dengan PJK stabil. Pemeriksaan awal (lini pertama) pasien dengan kecurigaan PJK Stabil mencakup pemeriksaan laboratorium, EKG (Elektrokardiogram) , EKG ambulatory (holter) jika ada kecurigaan gejala berhubungan de"
P018-007,angina-pectoris-stabil,018_PNPK_2023_Tata_Laksana_Angina_Pectoris_Stabil.pdf,14,investigation,1,,NOT_CLINICALLY_VERIFIED,"Pemeriksaan awal (lini pertama) pasien dengan kecurigaan PJK Stabil mencakup pemeriksaan laboratorium, EKG (Elektrokardiogram) , EKG ambulatory (holter) jika ada kecurigaan gejala berhubungan dengan aritmia paroksismal, ekokardiografi, dan pada pasien tertentu rontgen toraks (Cardiac X-Ray/CXR)"
P018-008,angina-pectoris-stabil,018_PNPK_2023_Tata_Laksana_Angina_Pectoris_Stabil.pdf,15,diagnosis,2,,NOT_CLINICALLY_VERIFIED,Tabel PTP yang baru (tahun 2019) dapat menurunkan kebutuhan pemeriksaan diagnostik non-invasif dan invasif untuk pasien suspek angina pektoris stabil
P018-010,angina-pectoris-stabil,018_PNPK_2023_Tata_Laksana_Angina_Pectoris_Stabil.pdf,41,symptoms,1,,NOT_CLINICALLY_VERIFIED,"Pasien dengan gejala yang lebih parah, termasuk angina sedang, perlu melakukan uji latih jantung untuk meningkatkan kapasitas latihan dan mengurangi konsumsi oksigen miokard selama aktivitas seksual"
P018-012,angina-pectoris-stabil,018_PNPK_2023_Tata_Laksana_Angina_Pectoris_Stabil.pdf,76,symptoms,1,,NOT_CLINICALLY_VERIFIED,"gejala yang masih persisten dan/atau untuk peningkatan prognosis. Dengan pengecualian pada kasus stenosis subtotal pada pembuluh darah utama, gambaran angiografi saja tidak cukup untuk menentukan indikasi IKP, butuh adanya bukti iskemia. Tabel 17 memuat indikasi revaskularisasi pada pasien PJK stabil. Ada dua strategi"
P019-001,gagal-jantung-pada-anak,019_PNPK_2023_Tata_Laksana_Gagal_Jantung_Pada_Anak.pdf,5,definition,3,,NOT_CLINICALLY_VERIFIED,"Di Amerika Serikat, 11.000-14.000 anak dengan gagal jantung setiap tahunnya dirawat di rumah sakit. Gagal jantung pada anak merupakan masalah kesehatan serius yang berdampak negatif terhadap kondisi ekonomi dan sosial. Pengobatan jangka panjang memerlukan pembiayaan yang sangat besar dan orangtua menjadi kurang produktif dalam aktivitas sehari-hari. Beberapa kenda"
P019-002,gagal-jantung-pada-anak,019_PNPK_2023_Tata_Laksana_Gagal_Jantung_Pada_Anak.pdf,5,diagnosis,3,,NOT_CLINICALLY_VERIFIED,"Beberapa kendala dalam diagnosis dan tata laksana gagal jantung pada anak disebabkan oleh hal yang sangat variatif seperti terlihat pada Tabel 1, sehingga diperlukan dukungan sumber daya yang terstandar, termasuk dukungan tenaga kesehatan multidisiplin yang bekerja secara kolaboratif"
P019-003,gagal-jantung-pada-anak,019_PNPK_2023_Tata_Laksana_Gagal_Jantung_Pada_Anak.pdf,5,definition,3,,NOT_CLINICALLY_VERIFIED,"Studi global mendapatkan bahwa, penyebab gagal jantung pada anak yang dirawat di rumah sakit adalah Penyakit Jantung Bawaan (PJB) (52%), kardiomiopati (19,4%), dan Penyakit Jantung Didapat (PJD) (18,5%)"
P019-004,gagal-jantung-pada-anak,019_PNPK_2023_Tata_Laksana_Gagal_Jantung_Pada_Anak.pdf,6,diagnosis,3,,NOT_CLINICALLY_VERIFIED,"Jumlah uji klinis terkait gagal jantung pada anak masih terbatas, sehingga diagnosis dan tata laksananya sebagian besar mengadopsi dari gagal jantung pada dewasa, data penelitian retrospektif, dan konsensus para pakar"
P019-005,gagal-jantung-pada-anak,019_PNPK_2023_Tata_Laksana_Gagal_Jantung_Pada_Anak.pdf,13,symptoms,3,,NOT_CLINICALLY_VERIFIED,"Gagal jantung pada anak merupakan sindrom klinis dan patofisiologis yang bersifat progresif, ditandai manifestasi klinis edema, gangguan pernafasan, kegagalan pertumbuhan, dan intoleransi latihan, disertai gangguan sirkulasi, neurohormonal, dan molekuler"
P019-006,gagal-jantung-pada-anak,019_PNPK_2023_Tata_Laksana_Gagal_Jantung_Pada_Anak.pdf,14,diagnosis,2,,NOT_CLINICALLY_VERIFIED,"Di fasilitas pelayanan kesehatan primer, diagnosis gagal jantung umumnya ditegakkan berdasarkan gejala dan tanda klinis yang didapat dari anamnesis dan pemeriksaan fisis, disertai laboratorium sederhana dan oksimetri nadi oleh dokter umum, sehingga kode ICD yang digunakan hanya sampai I.50"
P019-007,gagal-jantung-pada-anak,019_PNPK_2023_Tata_Laksana_Gagal_Jantung_Pada_Anak.pdf,14,diagnosis,2,,NOT_CLINICALLY_VERIFIED,"Di fasilitas pelayanan kesehatan sekunder, diagnosis gagal jantung dapat ditegakkan selain berdasarkan anamnesis, pemeriksaan fisis, laboratorium sederhana, dan oksimetri nadi, juga dengan pemeriksaan penunjang utama seperti elektrokardiografi (EKG), foto toraks, laboratorium spesifik, dan Trans-Thoracal Echocardiography (TTE), oleh dokter spesialis"
P019-008,gagal-jantung-pada-anak,019_PNPK_2023_Tata_Laksana_Gagal_Jantung_Pada_Anak.pdf,30,symptoms,3,,NOT_CLINICALLY_VERIFIED,"Jika HCM terjadi pada masa bayi dan anak, umumnya pasien datang dengan gejala dan tanda klinis gagal jantung sistolik dan diastolik. Gejala sinkop bahkan kematian mendadak terjadi pada masa anak dan remaja, disebabkan oleh left ventricle outflow tract obstruction (LVOTO) yang berat, aritmia, atau keduanya. Sekitar 20% HCM disertai LVOTO, dikenal dengan istilah hypertrophy obstructive cardiomyopathy"
P019-009,gagal-jantung-pada-anak,019_PNPK_2023_Tata_Laksana_Gagal_Jantung_Pada_Anak.pdf,31,symptoms,3,,NOT_CLINICALLY_VERIFIED,"Pada masa anak, jarang muncul gejala dan tanda klinis gagal jantung. Infiltrasi fibro - fatty pada miokardium menjadi penyebab terjadinya aritmia ventrikel dan disfungsi sistolik biventrikular yang muncul pada masa remaja. 3. Aritmia Aritmia dibagi menjadi bradiaritmia, takiaritmia, sinus aritmia dan premature beats. Beberapa jenis aritmia sesuai ICD-10 yang"
P019-010,gagal-jantung-pada-anak,019_PNPK_2023_Tata_Laksana_Gagal_Jantung_Pada_Anak.pdf,36,symptoms,3,,NOT_CLINICALLY_VERIFIED,"Pada Tabel 15 di bawah ini, tercantum gejala dan tanda klinis gagal jantung pada anak, yang dibagi atas dua kelompok besar, yakni kelompok bayi dan balita, serta kelompok anak usia sekolah dan remaja"
P019-011,gagal-jantung-pada-anak,019_PNPK_2023_Tata_Laksana_Gagal_Jantung_Pada_Anak.pdf,43,investigation,3,,NOT_CLINICALLY_VERIFIED,"Sebagai alat skrining, pemeriksaan penunjang dilakukan pada anak yang tidak memiliki gejala dan tanda klinis gagal jantung atau tampak sehat"
P019-012,gagal-jantung-pada-anak,019_PNPK_2023_Tata_Laksana_Gagal_Jantung_Pada_Anak.pdf,43,investigation,3,,NOT_CLINICALLY_VERIFIED,"Pada anak yang mengalami gagal tumbuh atau malnutrisi, pemeriksaan penunjang dapat dilakukan untuk menyingkirkan kemungkinan penyebab kelainan jantung yang mendasarinya atau menilai adanya gagal jantung kronik"
P019-013,gagal-jantung-pada-anak,019_PNPK_2023_Tata_Laksana_Gagal_Jantung_Pada_Anak.pdf,46,investigation,3,,NOT_CLINICALLY_VERIFIED,"Pemeriksaan laboratorium rutin yang penting dilakukan serta manfaatnya dalam diagnosis dan tatalaksana gagal jantung pada anak, dapat dilihat pada Tabel 20 di bawah ini"
P019-014,gagal-jantung-pada-anak,019_PNPK_2023_Tata_Laksana_Gagal_Jantung_Pada_Anak.pdf,159,diagnosis,3,,NOT_CLINICALLY_VERIFIED,Diagnosis gagal jantung pada anak berdasarkan manifestasi klinis dan pemeriksaan penunjang yang terdiri dari pemeriksaan penunjang utama dan pemeriksaan penunjang tambahan
P020-001,penyakit-ginjal-kronik,020_PNPK_2023_Tata_Laksana_Penyakit_Ginjal_Kronik.pdf,5,definition,3,,NOT_CLINICALLY_VERIFIED,"PENYAKIT GINJAL KRONIK BAB I PENDAHULUAN A. Latar Belakang Upaya kesehatan adalah setiap kegiatan meningkatkan kesehatan yang bertujuan untuk mewujudkan derajat kesehatan yang optimal bagi masyarakat. Sarana kesehatan berfungsi untuk melakukan upaya kesehatan dasar, kesehatan rujukan dan upaya kesehatan penunjang. Upay"
P020-002,penyakit-ginjal-kronik,020_PNPK_2023_Tata_Laksana_Penyakit_Ginjal_Kronik.pdf,7,investigation,3,,NOT_CLINICALLY_VERIFIED,Belum semua fasilitas pelayanan kesehatan memiliki pemeriksaan penunjang laboratorium dan radiologi. 2. Belum semua tenaga kesehatan mampu mengidentifikasi penyakit ginjal kronik secara dini dan menempatkannya sesuai stadium penyakit dan memahami permasalahan di tiap stadium penyakit. Apalagi penyakit ginjal kronik awalnya tidak menunjukkan tanda dan gejala namun dapat
P020-003,penyakit-ginjal-kronik,020_PNPK_2023_Tata_Laksana_Penyakit_Ginjal_Kronik.pdf,7,symptoms,3,,NOT_CLINICALLY_VERIFIED,Apalagi penyakit ginjal kronik awalnya tidak menunjukkan tanda dan gejala namun dapat berjalan progresif menjadi gagal ginjal. 3
P020-005,penyakit-ginjal-kronik,020_PNPK_2023_Tata_Laksana_Penyakit_Ginjal_Kronik.pdf,11,symptoms,1,,NOT_CLINICALLY_VERIFIED,"Tanda dan gejala lainnya meliputi kelebihan volume cairan tubuh, hiperkalemia, asidosis metabolik, hipertensi, anemia, dan Gangguan Mineral dan Tulang (GMT), serta penyakit kardiovaskular"
P020-006,penyakit-ginjal-kronik,020_PNPK_2023_Tata_Laksana_Penyakit_Ginjal_Kronik.pdf,12,investigation,3,,NOT_CLINICALLY_VERIFIED,"biopsi ginjal. B. Etiologi Penyakit Ginjal Kronik Etiologi PGK adalah diabetes melitus, hipertensi, glomerulonefritis primer, nefritis tubulointersisial kronik, penyakit kista ginjal herediter, glomerulonephritis sekunder atau vaskulitis dan neoplasma. Pada anak, penyebab primer PGTA yang tersering adalah kelainan kong"
P020-007,penyakit-ginjal-kronik,020_PNPK_2023_Tata_Laksana_Penyakit_Ginjal_Kronik.pdf,12,definition,3,,NOT_CLINICALLY_VERIFIED,"Etiologi Penyakit Ginjal Kronik Etiologi PGK adalah diabetes melitus, hipertensi, glomerulonefritis primer, nefritis tubulointersisial kronik, penyakit kista ginjal herediter, glomerulonephritis sekunder atau vaskulitis dan neoplasma"
P020-008,penyakit-ginjal-kronik,020_PNPK_2023_Tata_Laksana_Penyakit_Ginjal_Kronik.pdf,17,investigation,3,,NOT_CLINICALLY_VERIFIED,Pemeriksaan laboratorium d. Pemeriksaan radiologi Rekomendasi 8: Identifikasi penyebab penyakit ginjal kronik memerlukan data akurat dan lengkap yang didapat dari serangkaian proses sesuai penemuan klinis. 5. Indikasi dilakukannya Ultrasonografi Ginjal Rekomendasi 9: Indikasi dilakukannya pemeriksaan ultrasonografi gin
P020-013,penyakit-ginjal-kronik,020_PNPK_2023_Tata_Laksana_Penyakit_Ginjal_Kronik.pdf,178,symptoms,1,,NOT_CLINICALLY_VERIFIED,"(c) Perawatan harus mempertimbangkan tujuan hidup pasien, kualitas hidup dan pengendalian gejala yang dialami. (d) Fungsi ginjal sisa memungkinkan peresepan DP yang berkurang; ini memungkinkan pengurangan beban pengobatan sejalan dengan tatalaksana multimorbiditas lain yang ada. (3) Situasi khusus Modalitas DP pada anak-anak: (a) Pada anak-anak, pemilihan modalitas dialisis harus didasarkan pada usia dan be"
P021-001,kanker-paru,021_PNPK_2023_Tata_Laksana_Kanker_Paru.pdf,9,definition,2,,NOT_CLINICALLY_VERIFIED,"Definisi Kanker paru mencakup semua penyakit keganasan di paru yang berasal dari paru (primer). Dalam pengertian klinis, yang dimaksud dengan kanker paru primer adalah tumor ganas yang berasal dari epitel bronkus (karsinoma bronkus/bronchogenic carcinoma). 2. Epidemiologi Berdasarkan data statistik dari Global Cancer Observatory (GLOBOCAN) tahun 2020 angka kejadian kanker par"
P021-003,kanker-paru,021_PNPK_2023_Tata_Laksana_Kanker_Paru.pdf,12,symptoms,2,,NOT_CLINICALLY_VERIFIED,"Deteksi dini kanker paru Deteksi dini adalah tindakan penemuan kasus pada kelompok dengan gejala dengan prosedur diagnostik yang sesuai dengan gejala yang ada. Gejala yang berkaitan dengan kanker paru di antaranya: batuk, batuk darah, nyeri dada, sesak napas, leher bengkak, benjolan pada leher, suara serak, berat badan turun dan gejala lainnya. Faktor risiko kanker paru lainnya adalah pajanan radiasi, paparan okupasi terhadap bahan karsinoge"
P021-004,kanker-paru,021_PNPK_2023_Tata_Laksana_Kanker_Paru.pdf,12,symptoms,2,,NOT_CLINICALLY_VERIFIED,"Gejala yang berkaitan dengan kanker paru di antaranya: batuk, batuk darah, nyeri dada, sesak napas, leher bengkak, benjolan pada leher, suara serak, berat badan turun dan gejala lainnya"
P021-005,kanker-paru,021_PNPK_2023_Tata_Laksana_Kanker_Paru.pdf,13,symptoms,2,,NOT_CLINICALLY_VERIFIED,Manifestasi klinis Kanker paru tidak memiliki gejala klinis yang khas
P021-006,kanker-paru,021_PNPK_2023_Tata_Laksana_Kanker_Paru.pdf,15,diagnosis,2,,NOT_CLINICALLY_VERIFIED,"Diagnosis 1. Penegakan Diagnosis Diagnosis kanker paru ditegakkan berdasarkan anamnesis, pemeriksaan fisis, pemeriksaan penunjang dan pemeriksaan patologi anatomi. a. Anamnesis Kumpulan gejala yang dapat mengarah ke kanker paru mencakup batuk, batuk darah, sesak nafas, nyeri dada, suara serak, leher bengkak, benjolan p"
P021-007,kanker-paru,021_PNPK_2023_Tata_Laksana_Kanker_Paru.pdf,15,investigation,2,,NOT_CLINICALLY_VERIFIED,"Penegakan Diagnosis Diagnosis kanker paru ditegakkan berdasarkan anamnesis, pemeriksaan fisis, pemeriksaan penunjang dan pemeriksaan patologi anatomi. a. Anamnesis Kumpulan gejala yang dapat mengarah ke kanker paru mencakup batuk, batuk darah, sesak nafas, nyeri dada, suara serak, leher bengkak, benjolan pada leher, hingga sulit atau nyeri menelan yang tidak membaik dengan pengobatan. Penurunan berat badan dalam"
P021-008,kanker-paru,021_PNPK_2023_Tata_Laksana_Kanker_Paru.pdf,15,symptoms,2,,NOT_CLINICALLY_VERIFIED,"Anamnesis Kumpulan gejala yang dapat mengarah ke kanker paru mencakup batuk, batuk darah, sesak nafas, nyeri dada, suara serak, leher bengkak, benjolan pada leher, hingga sulit atau nyeri menelan yang tidak membaik dengan pengobatan"
P021-009,kanker-paru,021_PNPK_2023_Tata_Laksana_Kanker_Paru.pdf,18,diagnosis,2,,NOT_CLINICALLY_VERIFIED,Diagnosis definitif kanker paru berdasarkan pemeriksaan mikroskopis dengan bahan yang dapat berasal dari tumor primer maupun tumor sekunder
P021-010,kanker-paru,021_PNPK_2023_Tata_Laksana_Kanker_Paru.pdf,21,investigation,2,,NOT_CLINICALLY_VERIFIED,"Spesimen untuk pemeriksaan sitologi dan histologi didapat melalui bilasan bronkus, sikatan bronkus, atau biopsi bronkus. Prosedur ini memberikan ketepatan diagnosis kanker paru hingga >90%, terutama untuk kanker paru dengan lesi pada regio sentral. Komplikasi yang dapat terjadi antara lain pneumotoraks dan perdarahan dan lainnya. Pemeriksaan Endobronchial Ultrasound (EBUS) dapat membantu menilai keterlibatan kelenjar geta"
P021-011,kanker-paru,021_PNPK_2023_Tata_Laksana_Kanker_Paru.pdf,22,investigation,2,,NOT_CLINICALLY_VERIFIED,"Tindakan biopsi lain, seperti bronkoskopi, aspirasi jarum halus kelenjar untuk pembesaran kelenjar getah bening, maupun biopsi pleura dapat dilakukan bila diperlukan untuk menegakkan diagnosis kanker paru. g"
P021-012,kanker-paru,021_PNPK_2023_Tata_Laksana_Kanker_Paru.pdf,31,differential,2,,NOT_CLINICALLY_VERIFIED,"Diagnosis banding Beberapa diagnosis banding dari kanker paru antara lain tumor mediastinum, metastasis tumor di paru dan tuberkulosis (tuberkuloma)"
P021-013,kanker-paru,021_PNPK_2023_Tata_Laksana_Kanker_Paru.pdf,59,diagnosis,2,,NOT_CLINICALLY_VERIFIED,Diagnosis definitif kanker paru berdasarkan pemeriksaan mikroskopik dengan bahan yang dapat berasal dari tumor primer maupun tumor sekunder
P021-014,kanker-paru,021_PNPK_2023_Tata_Laksana_Kanker_Paru.pdf,86,diagnosis,2,,NOT_CLINICALLY_VERIFIED,"Diagnosis kanker paru ditegakkan berdasarkan anamnesis, pemeriksaan fisik dan pemeriksaan patologi anatomi serta pemeriksaan lainnya"
P021-015,kanker-paru,021_PNPK_2023_Tata_Laksana_Kanker_Paru.pdf,86,diagnosis,2,,NOT_CLINICALLY_VERIFIED,Penegakan diagnosis kanker paru berdasarkan hasil patologi anatomi berupa sediaan sitologi atau histopatologi baik yang berasal dari lesi primer paru maupun lesi metastasisnya
P022-001,pulpa-periradikuler,022_PNPK_2023_Tata_Laksana_Pulpa_Periradikuler.pdf,5,definition,2,,NOT_CLINICALLY_VERIFIED,"PULPA DAN PERIRADIKULER BAB I PENDAHULUAN A. Latar Belakang Pulpitis atau inflamasi jaringan pulpa terjadi akibat dari karies gigi, trauma atau kelainan jaringan keras lanjut merupakan salah satu penyakit gigi mulut yang prevalensinya cukup tinggi sehingga perlu mendapat perhatian. Data menunjukkan bahwa 52% dari popul"
P022-003,pulpa-periradikuler,022_PNPK_2023_Tata_Laksana_Pulpa_Periradikuler.pdf,7,definition,2,,NOT_CLINICALLY_VERIFIED,Belum ada panduan nasional penanganan dan penatalaksanaan penyakit/kelainan jaringan pulpa dan periradikuler. C. Tujuan 1. Tujuan umum Menurunkan angka kejadian penyakit/kelainan jaringan pulpa dan periradikular yang merupakan kelanjutan dari proses karies atau kelainan jaringan keras gigi lanjut dengan prevalensi tinggi di Indonesia. 2. Tujuan khusus a. Membuat rekomendasi berdasarkan bukti ilmiah (sc
P022-005,pulpa-periradikuler,022_PNPK_2023_Tata_Laksana_Pulpa_Periradikuler.pdf,13,investigation,2,,NOT_CLINICALLY_VERIFIED,Beberapa penyakit/kelainan pulpa dan periradikuler lanjut memerlukan biopsi untuk menegakkan diagnosis definitif. Klasifikasi penyakit/kelainan pulpa dan periradikuler menurut American Assiociation Endodontist (AAE) dan Grossman dijabarkan pada Tabel 3.1. Hubungan penyakit pulpa dan periodontal Sistem klasifikasi penyakit pulpa periodontal awalnya dikembangkan oleh Simon pada tahun 1972
P022-006,pulpa-periradikuler,022_PNPK_2023_Tata_Laksana_Pulpa_Periradikuler.pdf,15,diagnosis,1,,NOT_CLINICALLY_VERIFIED,"Pulpitis Reversibel Diagnosis klinis berdasarkan pemeriksaan subjektif, objektif, dan radiografis yang menunjukkan adanya inflamasi pulpa masih dapat dikendalikan dan pulpa kembali normal"
P022-007,pulpa-periradikuler,022_PNPK_2023_Tata_Laksana_Pulpa_Periradikuler.pdf,15,diagnosis,1,,NOT_CLINICALLY_VERIFIED,"Pulpitis Irreversibel Diagnosis klinis berdasarkan pemeriksaan simptomatik subjektif, objektif, dan radiografis yang memperlihatkan pulpa terinflamasi lanjut dalam kondisi vital, pulpa tidak dapat terjadi penyembuhan"
P022-008,pulpa-periradikuler,022_PNPK_2023_Tata_Laksana_Pulpa_Periradikuler.pdf,15,diagnosis,1,,NOT_CLINICALLY_VERIFIED,"Pulpitis Irreversibel Diagnosis klinis berdasarkan pemeriksaan asimptomatik subjektif, objektif, dan radiografis yang memperlihatkan pulpa terinflamasi lanjut"
P022-009,pulpa-periradikuler,022_PNPK_2023_Tata_Laksana_Pulpa_Periradikuler.pdf,16,diagnosis,2,,NOT_CLINICALLY_VERIFIED,"Klasifikasi Penyakit/Kelainan Pulpa dan Periradikuler menurut AAE dan Grossman Grossman (2021) Pulpa Pulpitis Akut Diagnosis klinis berdasarkan pemeriksaan subjektif, objektif, dan radiografis memperlihatkan gigi dengan karies/ trauma/kelainan jaringan keras lanjut, mengalami inflamasi pulpa dalam kondisi vital dengan respon abnormal terhadap tes vitalitas pulpa (termal dingin/panas)"
P022-010,pulpa-periradikuler,022_PNPK_2023_Tata_Laksana_Pulpa_Periradikuler.pdf,21,symptoms,2,,NOT_CLINICALLY_VERIFIED,"Etiologi Penyakit/Kelainan Pulpa Periradikuler Etilogi penyakit/kelainan pulpa periradikuler serta gejala klinis dapat dibagi menjadi 2 garis besar, meliputi: 1. Etiologi Fisik Iritasi mekanis/trauma jaringan keras gigi Terjadinya trauma atau iritasi mekanis dapat disertai dengan atau tanpa adanya fraktur mahkota atau akar. Kondisi ini lebih"
P022-011,pulpa-periradikuler,022_PNPK_2023_Tata_Laksana_Pulpa_Periradikuler.pdf,52,symptoms,1,,NOT_CLINICALLY_VERIFIED,"Secara umum, gigi dengan penyakit abses apical kronis tidak akan memperlihatkan gejala klinis. Gigi tidak peka terhadap tes vitalitas pulpa, dan radiografi atau gambar akan menunjukkan gambaran radiolusensi apical tidak berbatas jelas. Biasanya gigi tidak sensitif terhadap tekanan gigitan tetapi terasa “berbeda"" pada perkusi. Entitas ini dibedakan dari periodontitis apikal asimtomatik karena adany"
P022-012,pulpa-periradikuler,022_PNPK_2023_Tata_Laksana_Pulpa_Periradikuler.pdf,119,diagnosis,2,,NOT_CLINICALLY_VERIFIED,Diagnosis Diagnosis penyakit/kelainan pulpa dan periradikuler dapat ditegakkan menurut American Association of Endodontist (AAE) dan Grossman dengan merujuk pada ICD-10 untuk standariasai diagnosis dan tata laksana pada fasilitas kesehatan mulai dari fasilitas kesehatan tingkat pertama (FKTP) sampai di rumah sakit
P023-001,retinopati-diabetika,023_PNPK_2023_Tata_Laksana_Retinopati_Diabetika.pdf,5,definition,2,,NOT_CLINICALLY_VERIFIED,RETINOPATI DIABETIKA BAB I PENDAHULUAN A. Latar Belakang Retinopati Diabetika (RD) adalah penyakit pada pembuluh darah mikro retina yang bersifat kronik progresif yang dapat mengancam penglihatan dan dikaitkan dengan hiperglikemi berkepanjangan dan kondisi-kondisi lain yang berhubungan dengan Diabetes Melitus (DM) sepe
P023-003,retinopati-diabetika,023_PNPK_2023_Tata_Laksana_Retinopati_Diabetika.pdf,9,diagnosis,2,,NOT_CLINICALLY_VERIFIED,"Telaah Kritis Penelusuran kepustakaan dilakukan melalui penelusuran database Pubmed dan Google Scholar, untuk artikel yang diterbitkan berkaitan dengan diagnosis dan tata laksana retinopati diabetika. Kata kunci digunakan dalam penelusuran adalah: retinopati diabetika, laser photocoagulation, dan Anti VEGF. Berdasarkan artikel yang didapat, dipilih relevansinya. Batasan yang dipakai adalah artikel jurnal dengan teks berbahasa Inggris, publik"
P023-005,retinopati-diabetika,023_PNPK_2023_Tata_Laksana_Retinopati_Diabetika.pdf,16,symptoms,2,,NOT_CLINICALLY_VERIFIED,Gejala klinis: a. Asimtomatik (tidak ada gejala); bila kelainan pada retinopati diabetika belum menyebabkan gangguan pada makula atau media penglihatan. b. Penglihatan buram. c. Floaters. d. Penglihatan mendadak terhalang (pada perdarahan vitreus). e. Flashes. f. Tirai bayangan (bila terjadi lepasnya retina). g. Rasa s
P024-003,stunting,024_PNPK_2022_Tata_Laksana_Stunting.pdf,20,diagnosis,1,,NOT_CLINICALLY_VERIFIED,"Selain itu, bila ditemukan pendek dengan status gizi baik atau gizi lebih diperlukan pemeriksaan penunjang untuk menyingkirkan diagnosis stunting, dan dilakukan evaluasi terhadap potensi tinggi genetik berdasarkan tinggi badan kedua orang tua, riwayat pranatal dan pascanatal, perlambatan pertumbuhan (weight faltering) dan malnutrisi sebelumnya. 1"
P024-004,stunting,024_PNPK_2022_Tata_Laksana_Stunting.pdf,21,differential,1,,NOT_CLINICALLY_VERIFIED,"Diagnosis banding anak dengan pendek (modifikasi). Beberapa penyakit infeksi berhubungan dengan kejadian stunting yaitu HIV-AIDS, sifilis, diare, tuberkulosis dan penyakit infeksi saluran pernapasan. Diare merupakan salah satu penyakit yang sering terjadi pada anak dan berhubungan dengan sanitasi dan higiene yang buruk"
P024-005,stunting,024_PNPK_2022_Tata_Laksana_Stunting.pdf,22,differential,1,,NOT_CLINICALLY_VERIFIED,"Analisis terhadap indeks antropometrik dan pola pertumbuhan dapat mengarahkan ke diagnosis banding stunting. Pendek yang didahului oleh suatu perlambatan pertumbuhan dapat diperkirakan sebagai stunting dengan menentukan apakah usia berat (weight age) < usia tinggi (height age) < usia kronologis (chronological age). Rekomendasi WHO mengenai pengukuran antropometrik pada bayi dan anak, terutama di ba"
P024-006,stunting,024_PNPK_2022_Tata_Laksana_Stunting.pdf,30,diagnosis,1,,NOT_CLINICALLY_VERIFIED,2) Memiliki status gizi buruk 3) Terdapat infeksi HIV 4) Kontak erat dengan pasien TBC Alur dan kriteria diagnosis TBC pada anak stunting sama seperti pada anak tanpa stunting yang mengacu pada buku Petunjuk Teknis Manajemen dan Tata Laksana TB Anak 2016 (gambar 10; tabel 4)
P024-007,stunting,024_PNPK_2022_Tata_Laksana_Stunting.pdf,33,diagnosis,1,,NOT_CLINICALLY_VERIFIED,"Diagnosis stunting ditegakkan berdasarkan anamnesis, pemeriksaan fisik, pemeriksaan antropometri dan pemeriksaan penunjang (Peringkat bukti 1, derajat rekomendasi A) 2"
P024-008,stunting,024_PNPK_2022_Tata_Laksana_Stunting.pdf,33,investigation,1,,NOT_CLINICALLY_VERIFIED,"Skrining TBC harus dilakukan pada semua anak stunting, dan pemeriksaan penunjang untuk menentukan ada tidaknya TBC pada anak stunting dilakukan pada yang terindikasi"
P024-009,stunting,024_PNPK_2022_Tata_Laksana_Stunting.pdf,46,diagnosis,1,,NOT_CLINICALLY_VERIFIED,"Diagnosis stunting ditegakkan menggunakan kriteria panjang atau tinggi badan menurut umur dan jenis kelamin kurang dari -2 SD berdasarkan kurva pertumbuhan WHO, disebabkan kekurangan gizi kronis dan peningkatan kebutuhan"
P024-010,stunting,024_PNPK_2022_Tata_Laksana_Stunting.pdf,47,diagnosis,1,,NOT_CLINICALLY_VERIFIED,"Diagnosis stunting ditegakkan berdasarkan anamnesis, pemeriksaan fisik, pemeriksaan antropometri dan pemeriksaan penunjang"
P025-003,karsinoma-sel-hati,025_PNPK_2022_Tata_Laksana_Karsinoma_Sel_Hati.pdf,7,diagnosis,2,,NOT_CLINICALLY_VERIFIED,"Mendukung usaha meningkatkan diagnosis dini pada populasi risiko tinggi, melalui program surveilans karsinoma sel hati. c"
P025-004,karsinoma-sel-hati,025_PNPK_2022_Tata_Laksana_Karsinoma_Sel_Hati.pdf,28,diagnosis,2,,NOT_CLINICALLY_VERIFIED,"SH dapat ditegakkan. Akan tetapi, apabila gambaran nodul tidak khas, maka langkah selanjutnya adalah melakukan biopsi nodul atau MRI dengan kontras Gd-EOB-DTPA atau CEUS. E. Diagnosis Karsinoma Sel Hati 1. Diagnosis Radiologik Karsinoma Sel Hati Kriteria diagnosis Karsinoma Sel Hati (KSH) ditentukan berdasarkan tiga faktor, yai"
P025-005,karsinoma-sel-hati,025_PNPK_2022_Tata_Laksana_Karsinoma_Sel_Hati.pdf,28,investigation,2,,NOT_CLINICALLY_VERIFIED,"Akan tetapi, apabila gambaran nodul tidak khas, maka langkah selanjutnya adalah melakukan biopsi nodul atau MRI dengan kontras Gd-EOB-DTPA atau CEUS. E. Diagnosis Karsinoma Sel Hati 1. Diagnosis Radiologik Karsinoma Sel Hati Kriteria diagnosis Karsinoma Sel Hati (KSH) ditentukan berdasarkan tiga faktor, yaitu latar belakang penyakit hati kronik, penanda tumor, dan pemeriksaan radiologi. Apabila terdapat sir"
P025-006,karsinoma-sel-hati,025_PNPK_2022_Tata_Laksana_Karsinoma_Sel_Hati.pdf,28,diagnosis,2,,NOT_CLINICALLY_VERIFIED,"Diagnosis Karsinoma Sel Hati 1. Diagnosis Radiologik Karsinoma Sel Hati Kriteria diagnosis Karsinoma Sel Hati (KSH) ditentukan berdasarkan tiga faktor, yaitu latar belakang penyakit hati kronik, penanda tumor, dan pemeriksaan radiologi. Apabila terdapat sirosis hati, atau hepatitis B kronik, atau hepatitis C kronik, pe"
P025-007,karsinoma-sel-hati,025_PNPK_2022_Tata_Laksana_Karsinoma_Sel_Hati.pdf,28,diagnosis,1,,NOT_CLINICALLY_VERIFIED,"Apabila terdapat sirosis hati, atau hepatitis B kronik, atau hepatitis C kronik, peningkatan kadar penanda tumor, dan gambaran khas pada imaging, maka diagnosis pasti KSH dapat ditegakkan. Yang dimaksud dengan gambaran khas pada radiologi adalah gambaran hipervaskular pada fase arterial dan washout pada fase vena porta atau fase delayed pada pemeriksaan CT scan atau MRI tiga fase. Apabila didapatkan gambaran hipervaskular pada fase arteri ta"
P025-008,karsinoma-sel-hati,025_PNPK_2022_Tata_Laksana_Karsinoma_Sel_Hati.pdf,28,diagnosis,2,,NOT_CLINICALLY_VERIFIED,Kriteria Diagnosis Karsinoma Sel Hati A. Penyakit hati yang mendasari (satu faktor positif) Penyakit hati terkait hepatitis B Penyakit hati terkait hepatitis C Sirosis hati B. Penanda tumor (salah satu pemeriksaan positif) AFP ≥ 200 ng/mL dan cenderung meningkat PIVKA-II (≥ 40 mAU/mL) dan cenderung meningkat C. Gambara
P025-009,karsinoma-sel-hati,025_PNPK_2022_Tata_Laksana_Karsinoma_Sel_Hati.pdf,29,investigation,1,,NOT_CLINICALLY_VERIFIED,"lanjutkan dengan biopsi hati (biopsi core) 4. Apabila didapatkan nodul dengan gambaran atipikal, khususnya nodul hipervaskular tanpa washout pada fase vena porta atau nodul hipovaskular pada fase arterial, pasien harus menjalani pemeriksaan lanjutan. Keterangan: Alfa-Fetoprotein (AFP), Proteins Induced by Vitamin K Absence-II (PIVKA-II"
P025-010,karsinoma-sel-hati,025_PNPK_2022_Tata_Laksana_Karsinoma_Sel_Hati.pdf,29,investigation,1,,NOT_CLINICALLY_VERIFIED,"Demikian pula, apabila nodul dengan gambaran khas KSH ditemukan pada pasien yang tidak menderita sirosis hati, diperlukan pemeriksaan lanjutan berupa biopsi atau pemeriksaan MRI dengan kontras Gd-EOB-DTPA"
P025-011,karsinoma-sel-hati,025_PNPK_2022_Tata_Laksana_Karsinoma_Sel_Hati.pdf,34,differential,1,,NOT_CLINICALLY_VERIFIED,"Diagnosis banding LR-M adalah KSH yang tidak memenuhi kriteria LR-5, kolangiokarsinoma intrahepatik, atau kombinasi KSH-kolangiokarsinoma; lainnya (metastasis, karsinoma atau sarkoma yang tidak berdiferensiasi, limfoma); entitas jinak (jarang)"
P025-012,karsinoma-sel-hati,025_PNPK_2022_Tata_Laksana_Karsinoma_Sel_Hati.pdf,51,symptoms,1,,NOT_CLINICALLY_VERIFIED,"Adapun untuk pasien KSH yang tidak direncanakan untuk transplantasi hati atau reseksi, pemeriksaan untuk mencari metastasis dilakukan apabila terdapat gejala yang"
P025-013,karsinoma-sel-hati,025_PNPK_2022_Tata_Laksana_Karsinoma_Sel_Hati.pdf,76,symptoms,1,,NOT_CLINICALLY_VERIFIED,"Pada kasus metastasis otak pada KSH, pasien dapat menerima whole brain radiotherapty untuk mengatasi gejala yang ditimbulkan. Teknik SBRT dapat dipertimbangkan untuk pasien KSH yang tidak dapat dilakukan reseksi, transplantasi hati, RFA, PEIT, atau TACE. (Rekomendasi C1) Teknik Stereotactic Body Radiotherapy (SBRT) dapat dilakukan pada pasien KSH apabila fungsi hati masih cukup baik (Child-Pugh A atau B (skor 7)) dan"
P025-014,karsinoma-sel-hati,025_PNPK_2022_Tata_Laksana_Karsinoma_Sel_Hati.pdf,91,symptoms,1,,NOT_CLINICALLY_VERIFIED,Gejala disfungsi organ akibat penyakit hati dapat menimbulkan tanda dan gejala yang dapat tsaling berumpang tindih dengan gejala irAEs
P025-015,karsinoma-sel-hati,025_PNPK_2022_Tata_Laksana_Karsinoma_Sel_Hati.pdf,91,symptoms,1,,NOT_CLINICALLY_VERIFIED,"Oleh karena itu, diperlukan interpretasi yang hati-hati untuk membedakan apakah gejala yang muncul disebabkan karena manifestasi hepatik dan ekstrahepatik dari sirosis atau merupakan gejala irAEs"
P026-003,impaksi-gigi,026_PNPK_2022_Tata_Laksana_Impaksi_Gigi.pdf,7,diagnosis,2,,NOT_CLINICALLY_VERIFIED,"Beragamnya kondisi gigi impaksi beserta jenis tindakan dan tata laksananya, sehingga memerlukan pengkajian dan penyetaraan untuk penegakan diagnosis, menentukan tata laksana, indikasi tindakan, teknik operasi serta prognosis dan komplikasinya berdasarkan bukti ilmu kedokteran gigi yang sahih dan mutakhir"
P026-004,impaksi-gigi,026_PNPK_2022_Tata_Laksana_Impaksi_Gigi.pdf,28,symptoms,2,,NOT_CLINICALLY_VERIFIED,"Terjadinya neuralgia lokal atau general di daerah kepala dan sakit kepala merupakan salah satu variasi gejala yang ditimbulkan oleh gigi impaksi. Terjadinya sakit kepala kebanyakan berlokasi di temporal dengan frekuensi yang paling tinggi yaitu sebesar 73,33%. Sisanya mengalami sakit kepala di daerah occipital sebanyak 26,67%. Hal tersebut diakibatkan karena adanya nyeri alih yang merupakan nyeri yang dirasakan di bagia"
P026-005,impaksi-gigi,026_PNPK_2022_Tata_Laksana_Impaksi_Gigi.pdf,28,symptoms,1,,NOT_CLINICALLY_VERIFIED,Gejala neuralgia tertentu menjadi keluhan yang kemungkinan disebabkan oleh tekanan pada saraf alveolaris inferior oleh gigi yang tidak erupsi pada rahang bawah
P026-006,impaksi-gigi,026_PNPK_2022_Tata_Laksana_Impaksi_Gigi.pdf,51,diagnosis,1,,NOT_CLINICALLY_VERIFIED,Diagnosis gigi yang terhambat dibuat berdasarkan temuan klinis dan radiografi
P026-007,impaksi-gigi,026_PNPK_2022_Tata_Laksana_Impaksi_Gigi.pdf,51,symptoms,1,,NOT_CLINICALLY_VERIFIED,Tanda-tanda klinis yang penting adalah retensi berlebihan pada gigi sulung sementara gigi permanen pada bagian kontralateral telah erupsi; reduksi substansial dalam ruang yang tersedia untuk erupsi gigi permanen atau penutupan ruang; rotasi dan kemiringan yang terjadi pada gigi yang berdekatan; elevasi jaringan lunak mukosa
P026-008,impaksi-gigi,026_PNPK_2022_Tata_Laksana_Impaksi_Gigi.pdf,55,symptoms,1,,NOT_CLINICALLY_VERIFIED,"Gambaran klinis mesiodens. b) Paramolar Merupakan gigi supernumerari di regio molar, baik pada posisi bukal, lingual/palatal"
P026-009,impaksi-gigi,026_PNPK_2022_Tata_Laksana_Impaksi_Gigi.pdf,55,diagnosis,2,,NOT_CLINICALLY_VERIFIED,"Penegakan Diagnosis Penegakan diagnosis gigi impaksi harus dilakukan secara sistematis berdasarkan anamnesis dan wawancara berupa keluhan utama dan riwayat penyakit, serta pemeriksaan klinis dan pemeriksaan penunjang lain yang dibutuhkan"
P026-010,impaksi-gigi,026_PNPK_2022_Tata_Laksana_Impaksi_Gigi.pdf,55,investigation,2,,NOT_CLINICALLY_VERIFIED,pemeriksaan penunjang lain yang dibutuhkan. Pengambilan foto radiografi panoramic/OPG harus dilakukan jika foto periapikal tidak didapatkan informasi yang cukup tentang gigi impaksi dan jaringan/struktur tulang di sekitarnya
P026-011,impaksi-gigi,026_PNPK_2022_Tata_Laksana_Impaksi_Gigi.pdf,66,diagnosis,2,,NOT_CLINICALLY_VERIFIED,Kriteria diagnosis utama embedded atau impaksi. a. Kegagalan erupsi gigi yang berhubungan dengan impaksi gigi. b. Gigi impaksi dengan posisi abnormal. c. Gigi impaksi malposisi. d. Gigi impaksi non-supernumerary. e. Gigi impaksi supernumerary. 5. Diagnosis Sekunder Penegakan diagnosis sekunder dapat dikaitkan dengan pe
P026-012,impaksi-gigi,026_PNPK_2022_Tata_Laksana_Impaksi_Gigi.pdf,120,diagnosis,2,,NOT_CLINICALLY_VERIFIED,"AB IV SIMPULAN DAN REKOMENDASI Penegakan diagnosis gigi impaksi dilakukan berdasarkan anamnesis, pemeriksaan fisik, dan pemeriksaan penunjang"
P026-013,impaksi-gigi,026_PNPK_2022_Tata_Laksana_Impaksi_Gigi.pdf,120,investigation,2,,NOT_CLINICALLY_VERIFIED,"Pemeriksaan penunjang yang dapat dilakukan untuk menentukan gigi impaksi adalah radiografi intraoral periapikal – termasuk shift scath/SLOB Teknik, Radiografi Oklusal mandibula, Radiografi Lateral Oblique Mandibula, Radiografi Panoramik (OPG), CT scan, Radiografi Cone Beam CT (CBCT)"
P027-005,cidera-otak-traumatik,027_PNPK_2022_Tata_Laksana_Cidera_Otak_Traumatik.pdf,29,definition,2,,NOT_CLINICALLY_VERIFIED,"2) Hiperglikemia reaktif sering didapatkan pada kondisi stres yang disebabkan kerusakan jaringan otak. 5. Tata laksana Nyeri pada Cedera Otak Traumatik (COT) Nyeri merupakan permasalahan yang umumnya dijumpai pada pasien COT. Setidaknya terdapat dua pertiga pasien cedera melaporkan nyeri sedang pada 12 bulan pasca onset, dimana 3 dari 4 pasien mengalami gangguan pada aktivitas hidup sehari hari Activity Daily Livi"
P027-006,cidera-otak-traumatik,027_PNPK_2022_Tata_Laksana_Cidera_Otak_Traumatik.pdf,33,investigation,1,,NOT_CLINICALLY_VERIFIED,"b) Penjelasan mengenai COT yang terjadi, hasil pemeriksaan penunjang, resiko dan komplikasi selama perawatan serta prognosis dan outcome. c) Penjelasan faktor resiko dan cara pencegahan rekurensi. d) Menjelaskan discharge planning (rencana kepulangan). e) Edukasi peraturan keselamatan kerja dan berkendaraan lalu lintas. f) Anjuran untuk melanjutkan terapi stimulasi otak sesuai program. 6"
P027-008,cidera-otak-traumatik,027_PNPK_2022_Tata_Laksana_Cidera_Otak_Traumatik.pdf,39,investigation,1,,NOT_CLINICALLY_VERIFIED,"Pemeriksaan Penunjang Pada pemeriksaan CT scan akan terlihat area hiperdens yang berbentuk konkaf atau crescent shaped (bulan sabit) mengikuti lengkungan permukaan jaringan otak, sulkus dan girus"
P027-010,cidera-otak-traumatik,027_PNPK_2022_Tata_Laksana_Cidera_Otak_Traumatik.pdf,42,investigation,1,,NOT_CLINICALLY_VERIFIED,"Pemeriksaan Penunjang Adanya SAH traumatik dapat terlihat jelas pada pemeriksaan CT scan non kontras yaitu gambaran hiperdens pada sulcus, fisura serta sisterna basalis, dapat disertai gambaran hiperdens pada ventrikel jika disertai adanya perdarahan Intraventrikel (IVH)"
P028-002,anestesiologi-dan-terapi-intensif,028_PNPK_2022_Tata_Laksana_Anestesiologi_dan_Terapi_Intensif.pdf,8,differential,1,,NOT_CLINICALLY_VERIFIED,Tabel 2.1 Oxford Center for Evidence-based Medicine 2009 Levels of Evidence Terapi/ Diagnosis Level pencegahan/ Prognosis Diagnosis banding/ studi etiologi/ harm prevalens gejala Ia Telaah Telaah Telaah Telaah sistematis RCT sistematis studi sistematis studi sistematis studi (dengan insepsi kohort diagnostik level kohort homogenitas*) (dengan I (dengan prospektif homogenitas*); homogenitas*); (dengan CDR” CDR” studi Ib homogenitas*)
P028-003,anestesiologi-dan-terapi-intensif,028_PNPK_2022_Tata_Laksana_Anestesiologi_dan_Terapi_Intensif.pdf,20,investigation,2,,NOT_CLINICALLY_VERIFIED,"Dokter Spesialis Anestesi dan Terapi Intensif juga akan menilai pemeriksaan laboratorium (terutama pasien dengan komorbiditas penyakit jantung, diabetes melitus, dan gangguan fungsi ginjal), elektrokardiogram, dan rontgen toraks"
P028-004,anestesiologi-dan-terapi-intensif,028_PNPK_2022_Tata_Laksana_Anestesiologi_dan_Terapi_Intensif.pdf,26,investigation,2,,NOT_CLINICALLY_VERIFIED,"Pemeriksaan praanestesi 1) Anamnesis, pemeriksaan fisis, pemeriksaan penunjang sesuai indikasi serta konsultasi dokter spesialis lain bila diperlukan. 2) Dokter Spesialis Anestesi dan Terapi Intensif dapat menunda atau menolak tindakan anestesi bila hasil evaluasi praanestesi dinilai belum dan atau tidak layak untuk tindakan anestesi. b"
P028-005,anestesiologi-dan-terapi-intensif,028_PNPK_2022_Tata_Laksana_Anestesiologi_dan_Terapi_Intensif.pdf,51,investigation,1,,NOT_CLINICALLY_VERIFIED,"c) Melakukan pemeriksaan penunjang yang diperlukan sesuai kondisi penyakit dan masalah pembedahan, masalah anestesi dan masalah yang berkaitan dengan penyakitnya. d) Melakukan terapi dan tindakan untuk mengurangi/ menghilangkan potensi penyulit peroperatif. e) menjelaskan rencana tindakan pada orang tua untuk memperoleh persetujuan tindakan kedokteran. f) melakukan dokumentasi semua prosedur dan rencana anestesi selama perioperatif. b"
P028-014,anestesiologi-dan-terapi-intensif,028_PNPK_2022_Tata_Laksana_Anestesiologi_dan_Terapi_Intensif.pdf,209,differential,1,,NOT_CLINICALLY_VERIFIED,f) Diagnosis Banding: (1) Solusio plasenta. (2) Ruptur uteri. (3) Vasa previa. (4) Varises dinding vagina. (5) Gangguan pembekuan darah. g) Terapi: (1) Indikasi rawat: (a) Perdarahan banyak (Hb ≤ 8 g/dL) tidak tergantung usia kehamilan  perbaikan KU  persiapkan terminasi dengan persiapan darah minimal PRC 4 unit. (b) Pe
P029-002,tuli-sensorineural-kongenital,029_PNPK_2022_Tata_Laksana_Tuli_Sensorineural_Kongenital.pdf,5,diagnosis,3,,NOT_CLINICALLY_VERIFIED,"Berdasarkan penelitian Calkoen dkk pada tahun 2019 di Eropa, dari 423 pasien dengan diagnosis tuli sensorineural kongenital terdapat 300 pasien (71%) dengan tuli sensorineural kongenital bilateral dan 123 pasien (29%) dengan tuli sensorineural kongenital unilateral"
P029-004,tuli-sensorineural-kongenital,029_PNPK_2022_Tata_Laksana_Tuli_Sensorineural_Kongenital.pdf,7,diagnosis,3,,NOT_CLINICALLY_VERIFIED,"Untuk menegakkan diagnosis tuli sensorineural kongenital diperlukan pemeriksaan Otoacoustic Emission (OAE), timpanometri, refleks akustik, Brainstem Evoked Response Audiometry (BERA), Auditory Steady State Response (ASSR) yang dilakukan sedini mungkin"
P029-005,tuli-sensorineural-kongenital,029_PNPK_2022_Tata_Laksana_Tuli_Sensorineural_Kongenital.pdf,10,diagnosis,3,,NOT_CLINICALLY_VERIFIED,Masih kurang dan belum meratanya sebaran fasilitas kesehatan yang mampu atau dapat melakukan deteksi dini dan mendiagnosis tuli sensorineural kongenital akibatnya diagnosis tuli sensorineural kongenital masih sering terlambat. 5
P029-006,tuli-sensorineural-kongenital,029_PNPK_2022_Tata_Laksana_Tuli_Sensorineural_Kongenital.pdf,10,diagnosis,3,,NOT_CLINICALLY_VERIFIED,"diagnosis tuli sensorineural kongenital masih sering terlambat. 5. Diagnosis dan tata laksana tuli sensorineural kongenital yang terdiri dari deteksi dini, diagnosis dan habilitasi pendengaran melibatkan berbagai ahli, bidang dan memerlukan biaya yang tinggi. 6. Belum adanya Pedoman Nasional Pelayanan Kedokteran (PNPK)"
P029-007,tuli-sensorineural-kongenital,029_PNPK_2022_Tata_Laksana_Tuli_Sensorineural_Kongenital.pdf,10,diagnosis,3,,NOT_CLINICALLY_VERIFIED,Tujuan umum Memiliki pedoman nasional pelayanan kedokteran (PNPK) yang komprehensif dalam diagnosis dan penatalaksanaan tuli sensorineural kongenital berdasarkan bukti ilmu kedokteran yang mutakhir dan sahih (Evidence Based Medicine). 2
P029-008,tuli-sensorineural-kongenital,029_PNPK_2022_Tata_Laksana_Tuli_Sensorineural_Kongenital.pdf,36,differential,1,,NOT_CLINICALLY_VERIFIED,Otoacoustic emissions (OAE) memberikan informasi penting tentang integritas sel rambut luar koklea serta menilai diagnosis banding auditory neuropathy spectrum disorder (ANSD) dan gangguan pendengaran sensorineural. c
P029-009,tuli-sensorineural-kongenital,029_PNPK_2022_Tata_Laksana_Tuli_Sensorineural_Kongenital.pdf,50,investigation,2,,NOT_CLINICALLY_VERIFIED,"Bila terdiagnosis tuli sensorineural sangat berat, pemeriksaan apalagi yang dilakukan untuk tata laksana? Pemeriksaan laboratorium tambahan dapat dipertimbangkan pada bayi baru lahir dengan diagnosis tuli sensorineural, untuk membantu menyingkirkan kemungkinan etiologi, yang dapat mempengaruhi perencanaan tata laksana"
P029-010,tuli-sensorineural-kongenital,029_PNPK_2022_Tata_Laksana_Tuli_Sensorineural_Kongenital.pdf,50,investigation,2,,NOT_CLINICALLY_VERIFIED,"Pemeriksaan lainnya yang dipertimbangkan Pemeriksaan laboratorium tambahan dapat dipertimbangkan pada bayi baru lahir dengan diagnosis tuli sensorineural, untuk membantu menyingkirkan kemungkinan etiologi, yang dapat mempengaruhi perencanaan tata laksana"
P029-012,tuli-sensorineural-kongenital,029_PNPK_2022_Tata_Laksana_Tuli_Sensorineural_Kongenital.pdf,156,differential,1,,NOT_CLINICALLY_VERIFIED,Otoacoustic emissions (OAE) OAE memberikan informasi penting tentang integritas sel rambut luar koklea serta menilai diagnosis banding auditory neuropathy spectrum disorder (ANSD) dan gangguan pendengaran sensorineural. 3
P030-001,rinosinusitis-kronik,030_PNPK_2022_Tata_Laksana_Rinosinusitis_Kronik.pdf,8,definition,2,,NOT_CLINICALLY_VERIFIED,Rinosinusitis kronik merupakan penyakit yang memiliki angka kekambuhan yang tinggi sehingga menyebabkan penurunan kualitas hidup. c
P030-002,rinosinusitis-kronik,030_PNPK_2022_Tata_Laksana_Rinosinusitis_Kronik.pdf,11,definition,2,,NOT_CLINICALLY_VERIFIED,Apakah alergi dan asma merupakan faktor yang memperberat penyakit atau menyebabkan rekurensi pada rinosinusitis kronik tanpa polip pada dewasa? 2. Apakah refluks laring faring merupakan faktor yang memperberat penyakit atau menyebabkan rekurensi pada rinosinusitis kronik tanpa polip pada dewasa? 3. Apakah karies gigi merupakan faktor yang memperberat penyakit atau menyebabkan rekurensi pada rinosinusitis kronik tan
P030-003,rinosinusitis-kronik,030_PNPK_2022_Tata_Laksana_Rinosinusitis_Kronik.pdf,11,investigation,2,,NOT_CLINICALLY_VERIFIED,Kapan dilakukan pemeriksaan histopatologi pada rinosinusitis kronik tanpa polip pada dewasa? TATA LAKSANA 10
P030-004,rinosinusitis-kronik,030_PNPK_2022_Tata_Laksana_Rinosinusitis_Kronik.pdf,19,symptoms,2,,NOT_CLINICALLY_VERIFIED,"Penyakit ini ditandai dengan adanya dua atau lebih gejala, yang salah satu diantaranya harus meliputi gejala utama. Gejala utama RSK adalah hidung tersumbat dan lendir hidung yang mengalir ke anterior atau posterior. Dapat disertai gejala tambahan berupa nyeri atau rasa tertekan pada wajah serta berkurangnya atau hilangnya penciuman (hiposmia/anosmia). Rinosinusitis kronik dibedakan atas RSK primer dan RSK sekunder. RS"
P030-006,rinosinusitis-kronik,030_PNPK_2022_Tata_Laksana_Rinosinusitis_Kronik.pdf,26,diagnosis,2,,NOT_CLINICALLY_VERIFIED,"Diagnosis Rinosinusitis Kronik a. Gejala Klinis Diagnosis RSK ditegakkan bila didapatkan dua atau lebih gejala, yang salah satunya berupa hidung tersumbat/kongesti atau beringus (lendir ke hidung anterior atau posterior), disertai nyeri/rasa tertekan pada wajah atau berkurangnya kemampuan membau atau tidak dapat menciu"
P030-007,rinosinusitis-kronik,030_PNPK_2022_Tata_Laksana_Rinosinusitis_Kronik.pdf,27,diagnosis,2,,NOT_CLINICALLY_VERIFIED,Pertanyaan Klinis PERTANYAAN KLINIS Apakah anamnesis dan pemeriksaan fisik tanpa nasoendoskopi dapat mendiagnosis rinosinusitis kronik tanpa polip pada dewasa? Diagnosis RSK pada pelayanan kesehatan primer ditegakkan berdasarkan anamnesis dan pemeriksaan fisik
P030-008,rinosinusitis-kronik,030_PNPK_2022_Tata_Laksana_Rinosinusitis_Kronik.pdf,33,investigation,1,,NOT_CLINICALLY_VERIFIED,"Pemeriksaan Mikrobiologi Pemeriksaan mikrobiologi sinonasal untuk mengetahui etiologi penting dilakukan pada kasus rinosinusitis akut bakterial, tetapi tidak direkomendasikan untuk dilakukan secara rutin pada RSK"
P030-009,rinosinusitis-kronik,030_PNPK_2022_Tata_Laksana_Rinosinusitis_Kronik.pdf,34,investigation,2,,NOT_CLINICALLY_VERIFIED,"Kapan dilakukan pemeriksaan histopatologi pada rinosinusitis kronik tanpa polip pada dewasa? Pemeriksaan histopatologi mukosa sinus paranasal perlu dilakukan pada saat tindakan operasi dilakukan, untuk menentukan endotipe"
P030-010,rinosinusitis-kronik,030_PNPK_2022_Tata_Laksana_Rinosinusitis_Kronik.pdf,35,diagnosis,2,,NOT_CLINICALLY_VERIFIED,"Diagnosis Banding Rinosinusitis Kronik RSK dapat dibedakan dengan penyakit-penyakit lain sebagai diagnosis pembanding berdasarkan gejala utama yang mirip dengan penyakit- penyakit lain tersebut, seperti rinitis alergi dan non-alergi, penyakit- penyakit dengan gangguan penghidu, dan penyakit-penyakit dengan nyeri wajah. a"
P030-011,rinosinusitis-kronik,030_PNPK_2022_Tata_Laksana_Rinosinusitis_Kronik.pdf,39,diagnosis,1,,NOT_CLINICALLY_VERIFIED,"Dokter Umum di layanan primer dapat menegakkan diagnosis rinosinusitis berdasarkan anamnesis yaitu didapatkannya dua gejala RSK yang salah satunya harus berupa hidung tersumbat dan/atau sekret mukopurulen, dapat disertai gejala nyeri/rasa tertekan pada wajah dan berkurangnya atau hilangnya penciuman yang berlangsung ≥12 minggu"
P030-012,rinosinusitis-kronik,030_PNPK_2022_Tata_Laksana_Rinosinusitis_Kronik.pdf,101,symptoms,2,,NOT_CLINICALLY_VERIFIED,"Penyakit ini ditandai dengan adanya dua atau lebih gejala, yang salah satu diantaranya harus meliputi gejala utama. Gejala utama RSK adalah hidung tersumbat/kongesti dan/atau beringus (lendir ke hidung anterior atau posterior), disertai gejala tambahan berupa nyeri/rasa tertekan pada wajah dan/atau berkurangnya kemampuan membau atau tidak dapat mencium bau (hiposmia/anosmia). Rinosinusitis kronik dibedakan atas RSK pri"
P030-013,rinosinusitis-kronik,030_PNPK_2022_Tata_Laksana_Rinosinusitis_Kronik.pdf,102,diagnosis,2,,NOT_CLINICALLY_VERIFIED,"Rinosinusitis kronik dapat dibedakan dengan penyakit-penyakit lain sebagai diagnosis pembanding berdasarkan gejala utama yang mirip dengan penyakit penyakit lain tersebut, seperti rinitis alergi dan non-alergi, penyakit penyakit dengan gangguan penghidu, dan penyakit penyakit dengan nyeri wajah (Tabel 9, 10, dan 11)"
P030-014,rinosinusitis-kronik,030_PNPK_2022_Tata_Laksana_Rinosinusitis_Kronik.pdf,103,symptoms,2,,NOT_CLINICALLY_VERIFIED,"Rinosinusitis kronik primer tipe 2 mempunyai keluhan yang dominan berupa penurunan penciuman dan hidung tersumbat/kongesti, disertai adanya riwayat N-ERD dan atau asma serta atopi, yang didukung dengan hasil pemeriksaan nasoendoskopi berupa polip dan lendir eosinofilik serta peningkatan IgE dan eosinofilia"
P031-001,batu-saluran-kemih,031_PNPK_2022_Tata_Laksana_Batu_Saluran_Kemih.pdf,5,definition,3,,NOT_CLINICALLY_VERIFIED,"BATU SALURAN KEMIH BAB I PENDAHULUAN A. Latar Belakang Batu Saluran Kemih (BSK) merupakan permasalahan yang paling sering dihadapi oleh ahli urologi dan ahli bedah. Insidensi batu sangat dipengaruhi oleh keadaan geografis, musim, etnis, diet, dan faktor genetik. Angka ini terus meningkat seiring dengan keadaan sosial"
P031-002,batu-saluran-kemih,031_PNPK_2022_Tata_Laksana_Batu_Saluran_Kemih.pdf,10,definition,3,,NOT_CLINICALLY_VERIFIED,"Definisi Batu Saluran Kemih (BSK) merupakan suatu penyakit berupa timbulnya satu atau lebih batu pada segmen traktus urinarius (kaliks renalis, pelvis renalis, ureter, buli-buli, dan uretra)"
P031-003,batu-saluran-kemih,031_PNPK_2022_Tata_Laksana_Batu_Saluran_Kemih.pdf,10,symptoms,1,,NOT_CLINICALLY_VERIFIED,"Selain itu, keluhan yang muncul juga dipengaruhi oleh lokasi batunya. Keluhan yang muncul berdasarkan lokasinya sebagai berikut: 1. Batu Ginjal Nyeri di lokasi ipsilateral sudut kostovertebra, sisi lateral dari otot sakrospinalis dan dibawah kosta ke-12. 2. Batu Ureter Proksimal Nyeri tipikal kolik dengan intensitas meningkat sesu"
P031-004,batu-saluran-kemih,031_PNPK_2022_Tata_Laksana_Batu_Saluran_Kemih.pdf,10,symptoms,1,,NOT_CLINICALLY_VERIFIED,"Keluhan yang muncul berdasarkan lokasinya sebagai berikut: 1. Batu Ginjal Nyeri di lokasi ipsilateral sudut kostovertebra, sisi lateral dari otot sakrospinalis dan dibawah kosta ke-12. 2. Batu Ureter Proksimal Nyeri tipikal kolik dengan intensitas meningkat sesuai dengan aktivitas peristaltik ureter, menjalar sampai de"
P031-005,batu-saluran-kemih,031_PNPK_2022_Tata_Laksana_Batu_Saluran_Kemih.pdf,15,diagnosis,1,,NOT_CLINICALLY_VERIFIED,"Analisis komposisi batu dengan fraksi sinar X atau infrared spektroskopi perlu dilakukan pasca operasi apabila tersedia fasilitas diagnostik. Analisis tersebut untuk mengetahui penyakit yang mendasari dan melakukan tindakan pencegahan. Tindakan ini dapat dilakukan pada kasus dengan risiko kekambuhan tinggi. Selain itu pemeriksaan analisis batu harus dilakukan apabila terjadi rekurensi saat masih dalam periode pengobatan medikamentosa, pembentukan"
P031-006,batu-saluran-kemih,031_PNPK_2022_Tata_Laksana_Batu_Saluran_Kemih.pdf,15,diagnosis,1,,NOT_CLINICALLY_VERIFIED,"Pemeriksaan penunjang untuk evaluasi diagnostik BSK pada anak, meliputi: 1) Analisis komposisi batu (sesuai hasil analisis BSK, evaluasi metabolik dapat dimodifikasi sesuai jenis batu). 2) Elektrolit, ureum dan kreatinin serum, kasium, fosfat, alkali fosfatase, asam urat, analisis gas darah vena, protein total, albumin, hormon paratiroid. 3) Urinalisis le"
P031-007,batu-saluran-kemih,031_PNPK_2022_Tata_Laksana_Batu_Saluran_Kemih.pdf,16,investigation,1,,NOT_CLINICALLY_VERIFIED,"Pedoman pemeriksaan laboratorium dan analisis batu Tingkat Rekomendasi Kekuatan Urin Tes dipstik sampel urin: Lemah • Sel darah merah; • Sel darah putih; • Nitrit; • Perkiraan pH urin; • Urin mikroskopis dan/atau kultur. • kristal (misalnya kristal asam urat (terutama jika pH urin <5,5); kristal kalsium fosfat atau kalsium oksalat (terutama jika pH urin >6,8); kristal sistin; kristal magnesium ammonium fosfat)"
P031-008,batu-saluran-kemih,031_PNPK_2022_Tata_Laksana_Batu_Saluran_Kemih.pdf,16,symptoms,1,,NOT_CLINICALLY_VERIFIED,"Pencitraan Pemilihan prosedur pencitraan perlu dilakukan dengan tepat untuk mendukung penilaian diagnosis klinis, khususnya pada kasus dengan gejala yang mirip (contohnya batu ginjal dan batu ureter). Bila diagnosis nyeri kolik diragukan, dan pasien demam atau"
P031-009,batu-saluran-kemih,031_PNPK_2022_Tata_Laksana_Batu_Saluran_Kemih.pdf,20,diagnosis,3,,NOT_CLINICALLY_VERIFIED,"diagnostik pada anak-anak harus sesuai dengan prinsip as low as reasonably achievable (ALARA). 1) USG ginjal dan saluran kemih merupakan pencitraan lini pertama, untuk menilai ginjal, buli-buli yang terisi penuh, dan ureter proksimal. 2) FPA dapat membantu dalam mendiagnosis batu radioopaque dan follow-up. 3) Protokol terbaru dalam penggunaan NCCT abdomen dosis rendah menunjukkan hasil yang baik"
P031-010,batu-saluran-kemih,031_PNPK_2022_Tata_Laksana_Batu_Saluran_Kemih.pdf,21,investigation,1,,NOT_CLINICALLY_VERIFIED,Ringkasan rekomendasi pemeriksaan penunjang dalam diagnosis BSK pada anak Tingkat Rekomendasi Kekuatan Lakukan evaluasi metabolik lengkap berdasarkan hasil Kuat analisis batu pada semua pasien anak dengan BSK
P031-011,batu-saluran-kemih,031_PNPK_2022_Tata_Laksana_Batu_Saluran_Kemih.pdf,49,symptoms,1,,NOT_CLINICALLY_VERIFIED,"Diagnosis batu buli-buli Gejala yang paling sering dikaitkan dengan batu buli-buli adalah peningkatan frekuensi BAK, hematuria (biasanya diakhir miksi), dan disuria atau nyeri suprapubik, terutama menjelang akhir miksi"
P031-012,batu-saluran-kemih,031_PNPK_2022_Tata_Laksana_Batu_Saluran_Kemih.pdf,49,diagnosis,1,,NOT_CLINICALLY_VERIFIED,"Oleh karena keluhan dan gejala pada batu buli-buli tidak begitu jelas, diagnosis pasti tidak dapat ditegakkan tanpa adanya pemeriksaan sistoskopi atau pencitraan"
P031-013,batu-saluran-kemih,031_PNPK_2022_Tata_Laksana_Batu_Saluran_Kemih.pdf,59,diagnosis,2,,NOT_CLINICALLY_VERIFIED,"Diagnosis BSK anak Penegakan diagnosis BSK pada anak dilakukan melalui gambaran klinis, penggalian riwayat kelainan bawaan ginjal dan saluran kemih, prematuritas, diet (terutama yang mengandung oksalat, purin, kalsium, fosfat, garam, minuman kola, teh, susu dan minuman energi), gangguan pendengaran, dan penyakit BSK di keluarga (pada 40% kasus)"
P031-014,batu-saluran-kemih,031_PNPK_2022_Tata_Laksana_Batu_Saluran_Kemih.pdf,69,investigation,3,,NOT_CLINICALLY_VERIFIED,"AB IV SIMPULAN PNPK Batu Saluran Kemih merupakan pedoman yang memuat mulai dari anamnesis, pemeriksaan fisik, pemeriksaan penunjang, tata laksana umum dan spesifik (batu ginjal, batu ureter, batu buli-buli, batu residu, batu pada kehamilan, batu pada anak) baik secara konservatif, farmakologis, intervensi aktif yang minimal invasif, maupun operasi terbuka, hingga edukasi, prognosis, dan follow-up"
P032-001,retinoblastoma,032_PNPK_2022_Tata_Laksana_Retinoblastoma.pdf,4,symptoms,1,,NOT_CLINICALLY_VERIFIED,"Retinoblastoma memiliki gejala klinis yang cukup khas, yaitu mata kucing (leukokoria). Gejala lain dapat berupa strabismus (mata juling), mata merah, dan mata menonjol. Di Indonesia, seringkali gejala ini terabaikan sehingga pasien baru datang degan kondisi yang sudah cukup parah. Di Amerika Serikat, insidensi retinoblastoma adalah 2-5% dalam"
P032-002,retinoblastoma,032_PNPK_2022_Tata_Laksana_Retinoblastoma.pdf,6,definition,1,,NOT_CLINICALLY_VERIFIED,Kerja sama multidisiplin ini merupakan hal yang penting dalam menentukan keberhasilan terapi retinoblastoma. B. Permasalahan 1. Retinoblastoma pada anak merupakan salah satu penyebab kebutaan yang dapat dicegah. 2. Keterlambatan dalam penanganan dapat menyebabkan gangguan penglihatan dan tumbuh kembang. 3. Kualitas penglihatan yang baik pada seorang anak akan sangat berperan dalam mencapai tumbuh kembang yang
P032-003,retinoblastoma,032_PNPK_2022_Tata_Laksana_Retinoblastoma.pdf,8,diagnosis,1,,NOT_CLINICALLY_VERIFIED,"Bagaimana pendekatan diagnosis dini retinoblastoma? 2. Bagaimana pemeriksaan pada pasien retinoblastoma? 3. Bagaimana tata laksana retinoblastoma? B. Strategi Pencarian Bukti/Literatur Penelusuran artikel dilakukan melalui kepustakaan elektronik dengan mengambil database PubMed, Google Scholar, dan ProQuest dengan menggunakan kata kunci “r"
P032-004,retinoblastoma,032_PNPK_2022_Tata_Laksana_Retinoblastoma.pdf,9,definition,1,,NOT_CLINICALLY_VERIFIED,Definisi Retinoblastoma (RB) adalah salah satu tumor ganas pada mata yang disebabkan oleh kelainan genetik pada tumor suppressor gene (RB-1) yang berfungsi sebagai pengatur apoptosis
P032-005,retinoblastoma,032_PNPK_2022_Tata_Laksana_Retinoblastoma.pdf,18,investigation,1,,NOT_CLINICALLY_VERIFIED,"Pemeriksaan Penunjang Retinoblastoma Jika ditemukan kecurigaan pada saat skrining, maka pasien akan dikonsulkan kepada dokter mata subspesialis Pediatrik Oftalmologi (PO), Vitreoretina, atau Tumor agar dilakukan pemeriksaan lebih lanjut dengan funduskopi indirek atau RetCam dan ultrasonografi (USG)"
P032-006,retinoblastoma,032_PNPK_2022_Tata_Laksana_Retinoblastoma.pdf,18,investigation,1,,NOT_CLINICALLY_VERIFIED,"pemeriksaan penunjang selanjutnya. 1. Pemeriksaan yang dapat dilakukan pada diagnosis retinoblastoma intraokular a. Ultrasonografi (USG) Fungsi: 1) menilai cairan subretina, kalsifikasi atau implantasi subretina/vitreus 2) melihat ukuran dan invasi tumor pada N. optikus, koroid, sklera dan orbit 3) menilai limfadenopat"
P032-007,retinoblastoma,032_PNPK_2022_Tata_Laksana_Retinoblastoma.pdf,18,diagnosis,1,,NOT_CLINICALLY_VERIFIED,"Pemeriksaan yang dapat dilakukan pada diagnosis retinoblastoma intraokular a. Ultrasonografi (USG) Fungsi: 1) menilai cairan subretina, kalsifikasi atau implantasi subretina/vitreus 2) melihat ukuran dan invasi tumor pada N. optikus, koroid, sklera dan orbit 3) menilai limfadenopati 4) membantu pemilihan modalitas tata laksana yang akan digunakan 5) USG pr"
P032-009,retinoblastoma,032_PNPK_2022_Tata_Laksana_Retinoblastoma.pdf,22,investigation,1,,NOT_CLINICALLY_VERIFIED,"sel tumor telah menginvasi intra dan trans-sklera dan ditemukan sel tumor di batas sayatan nervus optikus Pemeriksaan histopatologi pasca kemoreduksi pada retinoblastoma: dilaporkan ada atau tidak sel viabel, nekrosis dan kalsifikasi"
P032-010,retinoblastoma,032_PNPK_2022_Tata_Laksana_Retinoblastoma.pdf,27,diagnosis,1,,NOT_CLINICALLY_VERIFIED,diagnosis Kasus dengan kontraindikasi kemoterapi sistemik Intravitreal Retinoblastoma berulang/ residu penyemaian vitreus
P032-011,retinoblastoma,032_PNPK_2022_Tata_Laksana_Retinoblastoma.pdf,39,diagnosis,1,,NOT_CLINICALLY_VERIFIED,wal diagnosis retinoblastoma. Maka skrining menyeluruh pada saat awal diagnosis sangat penting. Sejumlah 60% dari pineal trilateral tidak memiliki gejala dan hampir semua tumor non-pineal didiagnosis dalam 1 tahun setelah diagnosis retinoblastoma. Skrining menggunakan pencitraan otak sangat penting untuk mengetahui kista p
P032-012,retinoblastoma,032_PNPK_2022_Tata_Laksana_Retinoblastoma.pdf,39,diagnosis,1,,NOT_CLINICALLY_VERIFIED,Sejumlah 60% dari pineal trilateral tidak memiliki gejala dan hampir semua tumor non-pineal didiagnosis dalam 1 tahun setelah diagnosis retinoblastoma. Skrining menggunakan pencitraan otak sangat penting untuk mengetahui kista pineal bahkan ketika tidak ada gejala. I. Monitoring Pasca Terapi 1. Protokol follow-up Follow-up dilakukan terhadap pasien untuk menilai manajemen dari terapi inisial dan resolusi dari tumor aktif. Follow-up pasca tera
P036-006,hemofilia,036_PNPK_2021_Tata_Laksana_Hemofilia.pdf,10,investigation,1,,NOT_CLINICALLY_VERIFIED,"Diagnosis laboratorium (apa saja pemeriksaan penunjang sederhana yang dapat dikerjakan untuk evaluasi pasien dengan kelainan pembekuan darah, hingga pemeriksaan untuk diagnosis pasti hemofilia) 4"
P036-007,hemofilia,036_PNPK_2021_Tata_Laksana_Hemofilia.pdf,10,diagnosis,1,,NOT_CLINICALLY_VERIFIED,diagnosis pasti hemofilia) 4. Apa saja morbiditas penyakit hemofilia ? a. Morbiditas apa yang paling sering dijumpai pada hemofilia ? b. Pemeriksaan penunjang apa yang dapat digunakan untuk menilai morbiditas dan derajatnya ? c. Bagaimana morbiditas tersebut di tata laksana ? d. Bagaimana pengaruh perdarahan terhadap k
P036-008,hemofilia,036_PNPK_2021_Tata_Laksana_Hemofilia.pdf,21,investigation,1,,NOT_CLINICALLY_VERIFIED,"Pemeriksaan penunjang a. Pemeriksaan laboratorium Pemeriksaan laboratorium berperan untuk memastikan diagnosis hemofilia dan mendeteksi komplikasi akibat terapi. 1) Pada pasien baru (belum tegak diagnosis hemofilia) dengan klinis perdarahan, perlu dilakukan pemeriksaan skrining hemostasis untuk mencari kemungkinan peny"
P036-009,hemofilia,036_PNPK_2021_Tata_Laksana_Hemofilia.pdf,21,investigation,1,,NOT_CLINICALLY_VERIFIED,"Pemeriksaan laboratorium Pemeriksaan laboratorium berperan untuk memastikan diagnosis hemofilia dan mendeteksi komplikasi akibat terapi. 1) Pada pasien baru (belum tegak diagnosis hemofilia) dengan klinis perdarahan, perlu dilakukan pemeriksaan skrining hemostasis untuk mencari kemungkinan penyebabnya, yaitu hitung tro"
P036-010,hemofilia,036_PNPK_2021_Tata_Laksana_Hemofilia.pdf,23,diagnosis,1,,NOT_CLINICALLY_VERIFIED,"(Level of evidence 1b, REKOMENDASI A) 6) Pemeriksaan kadar faktor pembekuan untuk diagnosis pasti hemofilia dikerjakan menggunakan teknik one stage assay dan chromogenic assay (LoE 4)"
P037-002,gagal-jantung,037_PNPK_2021_Tata_Laksana_Gagal_Jantung.pdf,11,definition,2,,NOT_CLINICALLY_VERIFIED,"AB III HASIL DAN PEMBAHASAN GAGAL JANTUNG A. Definisi Gagal jantung merupakan sindrom klinik yang sifatnya kompleks, dapat berakibat dari gangguan pada fungsi miokardium (fungsi sistolik dan diastolik), penyakit katup ataupun perikardium, atau apapun yang dapat membuat gangguan pada aliran darah dengan adanya retensi cairan, biasanya tampak sebag"
P037-003,gagal-jantung,037_PNPK_2021_Tata_Laksana_Gagal_Jantung.pdf,11,symptoms,2,,NOT_CLINICALLY_VERIFIED,"Secara klinis, gagal jantung merupakan kumpulan gejala yang kompleks dimana seseorang memiliki tampilan berupa: gejala gagal jantung, tanda khas gagal jantung, dan adanya bukti obyektif dari gangguan struktur atau fungsi jantung saat istirahat (Tabel 3 dan 4)"
P037-004,gagal-jantung,037_PNPK_2021_Tata_Laksana_Gagal_Jantung.pdf,12,symptoms,2,,NOT_CLINICALLY_VERIFIED,Manifestasi Klinis Gagal Jantung Gejala Tanda Tipikal Spesifik 1. Sesak nafas 1. Peningkatan JVP 2. Ortopneu 2. Refluks hepatojugular 3. Paroxysmal Nocturnal Dyspneu 3. Suara jantung S3 (gallop) 4. Toleransi aktifitas yang berkurang 4. Apex jantung bergeser ke lateral 5. Cepat lelah 6. Bengkak pada ekstremitas inferior
P037-005,gagal-jantung,037_PNPK_2021_Tata_Laksana_Gagal_Jantung.pdf,12,symptoms,2,,NOT_CLINICALLY_VERIFIED,Klasifikasi Klasifikasi gagal jantung dapat dijabarkan melalui dua kategori yakni kelainan struktural jantung atau berdasarkan gejala yang berkaitan dengan kapasitas fungsional dari New York Heart Association (NYHA)
P037-006,gagal-jantung,037_PNPK_2021_Tata_Laksana_Gagal_Jantung.pdf,13,diagnosis,2,,NOT_CLINICALLY_VERIFIED,"Diagnosis 1. Algoritma Diagnosis Gagal Jantung Algoritma diagnosis gagal jantung atau disfungsi ventrikel kiri diuraikan melalui Gambar 1. Penilaian klinis yang teliti diperlukan untuk mengetahui penyebab dari gagal jantung, karena meskipun terapi gagal jantung umumnya sama untuk sebagian besar pasien, namun pada keada"
P037-007,gagal-jantung,037_PNPK_2021_Tata_Laksana_Gagal_Jantung.pdf,14,diagnosis,2,,NOT_CLINICALLY_VERIFIED,"Algoritma diagnostik gagal jantung. Disadur dan diterjemahkan dari ESC Guidelines for the diagnosis and treatment of acute and chronic heart failure 2012. 2. Teknik Diagnostik Diagnosis gagal jantung bisa menjadi sulit, terutama pada stadium dini. Walaupun gejala yang membawa pasien untuk mencari pertolongan medis, banyak dari g"
P037-008,gagal-jantung,037_PNPK_2021_Tata_Laksana_Gagal_Jantung.pdf,14,symptoms,2,,NOT_CLINICALLY_VERIFIED,"Walaupun gejala yang membawa pasien untuk mencari pertolongan medis, banyak dari gejala gagal jantung yang tidak spesifik dan tidak membantu menyingkirkan dan membedakan antara gagal jantung dan penyakit lainnya"
P037-009,gagal-jantung,037_PNPK_2021_Tata_Laksana_Gagal_Jantung.pdf,14,diagnosis,2,,NOT_CLINICALLY_VERIFIED,"diagnostik. Uji diagnostik biasanya paling sensitif pada pasien gagal jantung dengan fraksi ejeksi rendah, sedangkan pada pasien dengan"
P037-010,gagal-jantung,037_PNPK_2021_Tata_Laksana_Gagal_Jantung.pdf,15,diagnosis,2,,NOT_CLINICALLY_VERIFIED,"raksi ejeksi normal, uji diagnostik menjadi kurang sensitif. Ekokardiografi merupakan metode yang paling berguna dalam melakukan evaluasi disfungsi sistolik dan diastolik. a. Elektrokardiogram (EKG) Pemeriksaan elektrokardiogram harus dikerjakan pada semua pasien diduga gagal jantung. Abnormalitas EKG sering di jumpai pada gagal jantung (Tabel"
P037-011,gagal-jantung,037_PNPK_2021_Tata_Laksana_Gagal_Jantung.pdf,17,investigation,2,,NOT_CLINICALLY_VERIFIED,"Pemeriksaan Laboratorium Pemeriksaan laboratorium rutin pada pasien diduga gagal jantung adalah darah perifer lengkap (hemoglobin, leukosit, trombosit, hitung jenis), elektrolit, kreatinin, estimasi laju filtrasi glomerulus (eGFR), glukosa, tes fungsi hati, dan urinalisis"
P037-012,gagal-jantung,037_PNPK_2021_Tata_Laksana_Gagal_Jantung.pdf,18,investigation,2,,NOT_CLINICALLY_VERIFIED,"Abnormalitas pemeriksaan laboratorium yang sering dijumpai pada gagal jantung Abnormalitas Kemungkinan penyebab Implikasi klinis Peningkatan kreatinin Gagal jantung, penyakit Hitung eGFR, serum (≥150 μmol/L ginjal, ACE-I, ARB, modifikasi dosis ACE- atau ≥1,6 mg/dL) diuretik I/ARB/ antagonis mineralokortikoid/diu retik, periksa kada"
P037-013,gagal-jantung,037_PNPK_2021_Tata_Laksana_Gagal_Jantung.pdf,57,diagnosis,2,,NOT_CLINICALLY_VERIFIED,"Ketiga penyakit tersebut dapat mengakibatkan kesulitan dalam mendiagnosis gagal jantung karena kemiripan manifestasi klinis. Pada pasien gagal jantung, dianjurkan untuk dilakukan penapisan PPOK dan asma melalui pemeriksaan spirometri. Diagnosis pasti PPOK adalah rasio volume ekspirasi paksa pada satu detik pertama dan kapasitas vital paksa (FEV1/FVC) < 0,70 post bronkodilator. P"
P037-014,gagal-jantung,037_PNPK_2021_Tata_Laksana_Gagal_Jantung.pdf,110,investigation,2,,NOT_CLINICALLY_VERIFIED,"Mencapai terapi gagal jantung yang optimal, termasuk pemeriksaan penunjang yang dapat mengubah dosis atau pemberian jenis terapi a"
P038-002,fraktur-kraniomaksilofasial,038_PNPK_2021_Fraktur_Kraniomaksilofasial.pdf,7,definition,2,,NOT_CLINICALLY_VERIFIED,"Permasalahan Prevalensi cedera nasional adalah 8,2% dan kecelakaan lalu lintas, kecelakaan kerja, dan jatuh dari ketinggian masih menjadi penyebab utama fraktur kraniomaksilofasial di Indonesia. Kasus fraktur kraniomaksilofasial seringkali merupakan kasus kedaruratan yang perlu ditangani dengan cepat. Keterlambatan diagnosis fraktur kraniomaksilofasial dapat mengancam jiwa serta menyebabkan gangguan anatomi dan fungsi yang berat. Kasus frakt"
P038-003,fraktur-kraniomaksilofasial,038_PNPK_2021_Fraktur_Kraniomaksilofasial.pdf,7,diagnosis,2,,NOT_CLINICALLY_VERIFIED,Keterlambatan diagnosis fraktur kraniomaksilofasial dapat mengancam jiwa serta menyebabkan gangguan anatomi dan fungsi yang berat
P038-004,fraktur-kraniomaksilofasial,038_PNPK_2021_Fraktur_Kraniomaksilofasial.pdf,13,symptoms,1,,NOT_CLINICALLY_VERIFIED,"Gejala klinis fraktur sinus frontal cukup bervariasi. Keluhan yang dapat ditemui seperti: bengkak pada area frontal, cairan jernih dari hidung atau post nasal drip yang terasa asin sebagai pertanda kebocoran cairan serebrospinal/Cerebrospinalis Fluid (CSF), rasa kebas pada area VI serta defisit neurosensori. Tanda yang"
P038-005,fraktur-kraniomaksilofasial,038_PNPK_2021_Fraktur_Kraniomaksilofasial.pdf,18,symptoms,1,,NOT_CLINICALLY_VERIFIED,"Fraktur dengan displaced minimal tanpa cedera NFOT dan kebocoran CSF; dan - Bersamaan dengan fraktur tabula anterior dengan atau tanpa cedera NFOT tanpa gejala klinis dan radiologi cedera intrakranial. • Kranialisasi, dengan indikasi, yaitu: - Fraktur displaced dengan atau tanpa bukti cedera NFO, dengan atau tanpa kebocoran CSF; dan - Fraktur tabula posterior sedang hingga berat. • Obliterasi, dengan indikasi, yaitu: - Fraktur displaced ti"
P038-006,fraktur-kraniomaksilofasial,038_PNPK_2021_Fraktur_Kraniomaksilofasial.pdf,33,investigation,1,,NOT_CLINICALLY_VERIFIED,"5) Pemeriksaan Penunjang lain Dalam diagnosis fraktur nasal secara subyektif dan obyektif, dapat dilakukan berbagai cara untuk mendapatkan diagnosis dan mengatasi keluhan pasien secara komprehensif"
P038-007,fraktur-kraniomaksilofasial,038_PNPK_2021_Fraktur_Kraniomaksilofasial.pdf,37,diagnosis,1,,NOT_CLINICALLY_VERIFIED,Diagnosis secara umum ditegakkan berdasarkan pemeriksaan fisik. Foto polos lateral hidung dan Waters dapat membantu mengidentifikasi fraktur tulang. Radiologi foto polos tidak mampu untuk mengidentifikasi kelainan pada kartilago dan para ahli klinis sering salah dalam menginterpretasikan sutura normal sebagai fraktur y
P038-008,fraktur-kraniomaksilofasial,038_PNPK_2021_Fraktur_Kraniomaksilofasial.pdf,42,diagnosis,1,,NOT_CLINICALLY_VERIFIED,"Penegakkan diagnosis fraktur blow out berdasarkan pada anamnesis, pemeriksaan oftalmologis dan pemeriksaan penunjang"
P038-009,fraktur-kraniomaksilofasial,038_PNPK_2021_Fraktur_Kraniomaksilofasial.pdf,44,symptoms,1,,NOT_CLINICALLY_VERIFIED,"b) CT-scan Pemeriksaan CT-scan merupakan standar emas yang harus dilakukan pada pasien dengan tanda dan gejala klinis yang khas fraktur blow out untuk dapat menegakkan ada tidaknya fraktur, dan mencari abnormalitas jaringan lunak seperti prolaps jaringan lemak orbita, terperangkapnya otot ekstraokular atau adanya hematom intraorbita"
P038-010,fraktur-kraniomaksilofasial,038_PNPK_2021_Fraktur_Kraniomaksilofasial.pdf,111,investigation,2,,NOT_CLINICALLY_VERIFIED,Pemeriksaan penunjang fraktur kraniomaksilofasial 10. Terapi Nutrisi Pada Fraktur Kraniomaksilofasial Tujuan terapi nutrisi pada fraktur kraniomaksilofasial adalah untuk memenuhi kebutuhan tubuh terhadap zat gizi dengan kondisi hipermetabolisme dan mendukung proses penyembuhan pasca fraktur. Kebutuhan energi total (KET
P038-011,fraktur-kraniomaksilofasial,038_PNPK_2021_Fraktur_Kraniomaksilofasial.pdf,122,diagnosis,1,,NOT_CLINICALLY_VERIFIED,"Diagnosis 1. Diagnosis Suspek Fraktur: a. Rasa sakit. b. Pembengkakan, hematoma. c. Gangguan fungsi (functiolaesa) mis trismus, gangguan menelan dan bicara. d. Maloklusi. e. Parestetesi. 2. Diagnosis Pasti Fraktur: a. Dislokasi. b. Pergerakan tulang yang tidak normal. c. Krepitasi. d. Tampak fragmen patahan tulang. 3"
P038-012,fraktur-kraniomaksilofasial,038_PNPK_2021_Fraktur_Kraniomaksilofasial.pdf,122,diagnosis,1,,NOT_CLINICALLY_VERIFIED,Diagnosis Pasti Fraktur: a. Dislokasi. b. Pergerakan tulang yang tidak normal. c. Krepitasi. d. Tampak fragmen patahan tulang. 3. Diagnosis Gangguan Fungsi a. Gangguan fungsi mengunyah. b. Gangguan fungsi menelan. c. Gangguan fungsi komunikasi (bicara dan bahasa). d. Gangguan fungsi lingkup gerak sendi. e. Gangguan fun
P038-013,fraktur-kraniomaksilofasial,038_PNPK_2021_Fraktur_Kraniomaksilofasial.pdf,122,investigation,2,,NOT_CLINICALLY_VERIFIED,"Pemeriksaan Penunjang CT-scan kepala, wajah dan leher menjadi prioritas apabila ada fasilitas untuk fraktur kraniomaksilofasial C"
P040-001,skoliosis-idiopatik-remaja,040_PNPK_2021_Tata_Laksana_Skoliosis_Idiopatik_Remaja.pdf,5,definition,3,,NOT_CLINICALLY_VERIFIED,SKOLIOSIS IDIOPATIK REMAJA BAB I PENDAHULUAN A. Latar Belakang Skoliosis adalah suatu kondisi kelainan tulang belakang yang sering dijumpai di fasilitas pelayanan kesehatan dan mempengaruhi sekitar 2%- 4% dari populasi remaja. Skoliosis didefinisikan sebagai terdapatnya kurva lateral tulang belakang dengan sudut lebih
P040-002,skoliosis-idiopatik-remaja,040_PNPK_2021_Tata_Laksana_Skoliosis_Idiopatik_Remaja.pdf,7,diagnosis,3,,NOT_CLINICALLY_VERIFIED,"Membuat rekomendasi berdasarkan bukti ilmiah (scientific evidence) untuk membantu para praktisi dalam melakukan diagnosis, evaluasi, dan tata laksana kasus skoliosis idiopatik remaja. b"
P040-004,skoliosis-idiopatik-remaja,040_PNPK_2021_Tata_Laksana_Skoliosis_Idiopatik_Remaja.pdf,16,diagnosis,3,,NOT_CLINICALLY_VERIFIED,"Patofisiologi Progesivitas Sudut Skoliosis Begitu diagnosis skoliosis idiopatik remaja ditegakkan, perhatian utama adalah apakah ada penyebab dasar dan apakah sudut kelengkungan kurva tulang belakang akan bertambah/progresif"
P040-005,skoliosis-idiopatik-remaja,040_PNPK_2021_Tata_Laksana_Skoliosis_Idiopatik_Remaja.pdf,18,investigation,1,,NOT_CLINICALLY_VERIFIED,Berdasarkan Derajat Keparahan Angulasi Tulang Belakang Penentuan besaran derajat dari sudut kurva tulang belakang pada skoliosis diukur melalui pemeriksaan radiologis yaitu foto rontgen polos dengan posisi berdiri dari arah frontal untuk menilai sudut kurva tulang belakang pada bidang frontal/koronal menurut Metode Cobb
P040-006,skoliosis-idiopatik-remaja,040_PNPK_2021_Tata_Laksana_Skoliosis_Idiopatik_Remaja.pdf,20,symptoms,1,,NOT_CLINICALLY_VERIFIED,"Anamnesis Adanya nyeri dan/atau asimetris pada area bahu atau punggung merupakan keluhan-keluhan yang seringkali dilaporkan oleh pasien dengan skoliosis. Adanya riwayat skoliosis pada keluarga perlu ditelusuri dan dicatat. Pada skoliosis dengan onset infantile dan juvenille, pemeriksaan prenatal menyeluruh yang mencakup riwayat kelahiran, riwayat pertumbuhan, dan perkembangan pasien anak perlu digali. Pada"
P040-007,skoliosis-idiopatik-remaja,040_PNPK_2021_Tata_Laksana_Skoliosis_Idiopatik_Remaja.pdf,24,diagnosis,3,,NOT_CLINICALLY_VERIFIED,Pemeriksaan Radiologis Penegakkan diagnosis skoliosis sebagai dasar pemberian program tata laksana dan penentuan prognosis skoliosis idiopatik remaja memerlukan pemeriksaan penunjang yaitu pemeriksaan radiologi
P040-008,skoliosis-idiopatik-remaja,040_PNPK_2021_Tata_Laksana_Skoliosis_Idiopatik_Remaja.pdf,24,investigation,1,,NOT_CLINICALLY_VERIFIED,pemeriksaan penunjang yaitu pemeriksaan radiologi. Jenis pemeriksaan radiologis yang direkomendasikan untuk penegakkan diagnosis skoliosis adalah foto rontgen polos (radiograf) vertebra dari servikothoraksis hingga tulang panggul dalam beberapa posisi. Pemeriksaan foto rontgen polos dilakukan untuk menilai derajat sudu
P040-009,skoliosis-idiopatik-remaja,040_PNPK_2021_Tata_Laksana_Skoliosis_Idiopatik_Remaja.pdf,24,investigation,1,,NOT_CLINICALLY_VERIFIED,Jenis pemeriksaan radiologis yang direkomendasikan untuk penegakkan diagnosis skoliosis adalah foto rontgen polos (radiograf) vertebra dari servikothoraksis hingga tulang panggul dalam beberapa posisi
P040-010,skoliosis-idiopatik-remaja,040_PNPK_2021_Tata_Laksana_Skoliosis_Idiopatik_Remaja.pdf,24,diagnosis,3,,NOT_CLINICALLY_VERIFIED,Teknik Radiografi Skolisis Tujuan radiografi skoliosis idiopatik remaja adalah menghasilkan radiografi yang memiliki nilai diagnostik dan berkualitas tinggi dari perbatasan servikotorasik sampai mencakup tulang panggul untuk mengevaluasi deformitas tulang belakang
P040-011,skoliosis-idiopatik-remaja,040_PNPK_2021_Tata_Laksana_Skoliosis_Idiopatik_Remaja.pdf,40,diagnosis,3,,NOT_CLINICALLY_VERIFIED,) Edukasi Edukasi diberikan kepada pasien dan keluarga saat diagnosis skoliosis idiopatik remaja sudah ditegakkan. Edukasi berperan penting dalam meningkatkan pemahaman dalam mengenal tanda-tanda skoliosis serta untuk meningkatkan partisipasi aktif dari pasien maupun keluarga dalam mencegah perburukan kondisi pasien maupun upaya dalam mengoptimalkan pencapaian keberhasilan prog
P042-003,tumor-otak,042_PNPK_2020_Tata_Laksana_Tumor_Otak.pdf,18,investigation,2,,NOT_CLINICALLY_VERIFIED,"Pemeriksaan Laboratorium Pemeriksaan sistemik dilakukan baik yang berhubungan dengan tumor otak, komorbid maupun efek terapi"
P042-004,tumor-otak,042_PNPK_2020_Tata_Laksana_Tumor_Otak.pdf,18,investigation,2,,NOT_CLINICALLY_VERIFIED,Pemeriksaan Radiologis Prinsip gambaran tumor otak dan spinal merupakan daftar modalitas gambaran yang tersedia dan digunakan utamanya di bagian neuro-onkologi untuk membuat keputusan pengobatan
P042-005,tumor-otak,042_PNPK_2020_Tata_Laksana_Tumor_Otak.pdf,18,symptoms,2,,NOT_CLINICALLY_VERIFIED,"Gambaran selalu direkomendasikan untuk mengidentifikasi tanda atau gejala yang muncul. MRI dari otak dan spinal (dengan atau tanpa kontras), merupakan standar baku emas dan mampu menyediakan sebuah gambaran ‘statis’ dari tumor. Keuntungannya, MRI menyediakan sebuah penggambaran yang cukup baik dari tumor, tumor dengan derajat yang lebih tinggi dan metastasis"
P042-007,tumor-otak,042_PNPK_2020_Tata_Laksana_Tumor_Otak.pdf,57,differential,1,,NOT_CLINICALLY_VERIFIED,"MR spekstroskopi digunakan untuk menegakkan diagnosis banding, pemilihan lokasi biopsi, monitoring respons terapi, dan membedakan tumor dengan efek terapi"
P042-008,tumor-otak,042_PNPK_2020_Tata_Laksana_Tumor_Otak.pdf,57,diagnosis,2,,NOT_CLINICALLY_VERIFIED,"Walaupun karakteristik imaging dan klinis dapat memperkirakan jenis tumor otak spesifik, namun biopsi tetap diperlukan untuk diagnosis definitif. Biopsi dapat membedakan tumor dengan lesi lainnya, serta penting untuk klasifikasi. Klasifikasi dan gambaran histopatologi astrositoma berdasarkan anamnesis, pemeriksaan fisik, laboratorium dan patologi anatomi. Dalam pemeriksaan patologi anatomi yang menjadi karakteristik penilaian adalah hipersel"
P042-009,tumor-otak,042_PNPK_2020_Tata_Laksana_Tumor_Otak.pdf,61,investigation,1,,NOT_CLINICALLY_VERIFIED,"Pada pasien dengan low grade glioma reseksi tumor awal secara keseluruhan memiliki tingkat survival rate lebih tinggi dibandingkan dengan tindakan biopsi dan observasi progresivitas. Pasien dengan anaplastik oligodendroglima sebaiknya dilakukan reseksi radikal. Khususnya glioblastoma multiforme, pembedahan dilakukan untuk mengurangi massa tumor (debulking) dan diagnosa patologi anatomi. Reseksi luas setelah biopsi awal bergantung kepada pert"
P042-010,tumor-otak,042_PNPK_2020_Tata_Laksana_Tumor_Otak.pdf,96,symptoms,2,,NOT_CLINICALLY_VERIFIED,"Kemungkinan lesi lain yang memberikan gejala klinis yang mirip dengan neuroma akustik, seperti, kista arachnoid, kista neurenterik, granuloma kolesterol, lipoma, aneurisma, ectasia dolikhobasilar, sistiserkosis, perluasan dari glioma batang otak/serebelum, adenoma hipofise, kranioparingioma, khordoma, tumor ventrikel IV, khoroid plexus papilloma, glomus jugularis"
P042-011,tumor-otak,042_PNPK_2020_Tata_Laksana_Tumor_Otak.pdf,96,diagnosis,1,,NOT_CLINICALLY_VERIFIED,"Diagnosis pasti tetap dengan patologi anatomi, yakni ditemukan daerah yang selularitasnya jarang dan padat, yang disebut sebagai Antoni A dan B. pemeriksaan IHK(Imunohistokimia) untuk protein S100 biasanya positif pada tumor jinak dan maligna"
P042-012,tumor-otak,042_PNPK_2020_Tata_Laksana_Tumor_Otak.pdf,103,diagnosis,1,,NOT_CLINICALLY_VERIFIED,Diagnosis pasti ditegakkan setelah melakukan pemeriksaan histopatologis jaringan tumor yang diperoleh melalui tindakan operasi. f
P042-013,tumor-otak,042_PNPK_2020_Tata_Laksana_Tumor_Otak.pdf,142,differential,1,,NOT_CLINICALLY_VERIFIED,) Diagnosis Banding Berikut adalah diagnosis banding yang baru dipastikan setelah mendapatkan jenis histopatologis melalui biopsi atau pembedahan terbuka: a) Neoplasma (1) Germinal (a) Germinoma (b) Non–germinoma - Karsinoma embrional - Tumor yolk sac - Koriokarsinoma - Teratoma: matur dan imatur - Teratoma dengan malfor
P042-014,tumor-otak,042_PNPK_2020_Tata_Laksana_Tumor_Otak.pdf,148,symptoms,2,,NOT_CLINICALLY_VERIFIED,"Anamnesis dan Pemeriksaan Fisik Dari anamnesis dan pemeriksaan fisik, dapat dijumpai tanda dan gejala seperti pada tumor otak primer, berupa tanda peningkatan tekanan intrakranial seperti sakit kepala (50%), kelemahan fokal (40%), perubahan status mental (30%), kejang (15%), dan ataksia (10%) yang memburuk seiring berjalannya waktu dan"
P042-015,tumor-otak,042_PNPK_2020_Tata_Laksana_Tumor_Otak.pdf,150,diagnosis,2,,NOT_CLINICALLY_VERIFIED,"Diagnosis Diagnosis tumor otak sekunder ditegakkan berdasarkan anamnesis, pemeriksaan fisik, dan pemeriksaan penunjang"
P042-016,tumor-otak,042_PNPK_2020_Tata_Laksana_Tumor_Otak.pdf,156,diagnosis,2,,NOT_CLINICALLY_VERIFIED,"Diagnosis Tumor otak sekunder pada keganasan hematologik ditegakkan berdasarkan anamnesis, pemeriksaan fisik, dan pemeriksaan penunjang. e"
P043-003,katarak-pada-anak,043_PNPK_2020_Tata_Laksana_Katarak_Pada_Anak.pdf,8,diagnosis,2,,NOT_CLINICALLY_VERIFIED,"Bagaimana pendekatan diagnosis dari katarak pada anak? 2. Bagaimana pendekatan operasi pada katarak pada anak? (teknik operasi dan indikasi, pemilihan lensa tanam) 3. Bagaimana persiapan pre operasi katarak pada anak? 4. Bagaimana tata laksana pasca operasi katarak pada anak? B. Strategi pencarian bukti / literatur Penelusuran artikel dila"
P043-004,katarak-pada-anak,043_PNPK_2020_Tata_Laksana_Katarak_Pada_Anak.pdf,10,symptoms,1,,NOT_CLINICALLY_VERIFIED,Bayi dengan katarak bilateral tanpa riwayat penyakit keluarga yang jelas dan tanda klinis seperti gagal tumbuh (failure to thrive) harus dilakukan pemeriksaan metabolik yang lengkap untuk menyingkirkan kemungkinan galaktosemia
P043-006,katarak-pada-anak,043_PNPK_2020_Tata_Laksana_Katarak_Pada_Anak.pdf,13,symptoms,2,,NOT_CLINICALLY_VERIFIED,"Dokter Mata Subspesialis Mata Anak (Oftalmologi Pediatri) memastikan bahwa manifestasi klinis yang timbul pada pasien (misalnya leukokoria) adalah benar berasal dari katarak pada anak, bukan penyakit mata lainnya. 3"
P043-007,katarak-pada-anak,043_PNPK_2020_Tata_Laksana_Katarak_Pada_Anak.pdf,27,diagnosis,2,,NOT_CLINICALLY_VERIFIED,"Bagaimana pendekatan diagnosis dari katarak pada anak? 1. Riwayat penyakit pasien harus didapat secara lengkap melalui anamnesis, termasuk penyakit mata yang diderita sebelumnya dan riwayat kehamilan, kelahiran, dan tumbuh kembang anak. Selain itu harus dilakukan pemeriksaan visus lengkap, termasuk fungsi binokular dan ambliopia (Peringkat"
P046-001,dermatitis-seboroik,046_PNPK_2019_Tata_Laksana_Dermatitis_Seboroik.pdf,5,definition,2,,NOT_CLINICALLY_VERIFIED,Permasalahan Dermatitis seboroik adalah penyakit yang bersifat kronis kambuhan yang dapat terjadi pada bayi maupun dewasa
P046-002,dermatitis-seboroik,046_PNPK_2019_Tata_Laksana_Dermatitis_Seboroik.pdf,9,definition,2,,NOT_CLINICALLY_VERIFIED,"Definisi Dermatitis Seboroik Dermatitis seboroik (DS) merupakan suatu penyakit inflamasi kronis kambuhan pada kulit di bagian tubuh yang banyak mengandung kelenjar sebasea seperti wajah, kulit kepala berambut, telinga, batang tubuh bagian atas, dan daerah lipatan"
P046-003,dermatitis-seboroik,046_PNPK_2019_Tata_Laksana_Dermatitis_Seboroik.pdf,11,symptoms,2,,NOT_CLINICALLY_VERIFIED,Gambaran Klinis Bentuk dermatitis seboroik ada 2 yakni dermatitis seboroik infantil dan dermatitis seboroik dewasa
P046-004,dermatitis-seboroik,046_PNPK_2019_Tata_Laksana_Dermatitis_Seboroik.pdf,11,symptoms,2,,NOT_CLINICALLY_VERIFIED,Gambaran klinis dari dermatitis seboroik bervariasi tergantung pada area kulit yang terlibat
P046-005,dermatitis-seboroik,046_PNPK_2019_Tata_Laksana_Dermatitis_Seboroik.pdf,16,diagnosis,2,,NOT_CLINICALLY_VERIFIED,Diagnosis Banding Dermatitis seboroik dapat menyerupai berbagai penyakit kulit bergantung pada lokasi keterlibatannya
P046-006,dermatitis-seboroik,046_PNPK_2019_Tata_Laksana_Dermatitis_Seboroik.pdf,16,differential,2,,NOT_CLINICALLY_VERIFIED,Berikut adalah daftar diagnosis banding dari dermatitis seboroik sesuai dengan lokasi
P046-007,dermatitis-seboroik,046_PNPK_2019_Tata_Laksana_Dermatitis_Seboroik.pdf,19,diagnosis,2,,NOT_CLINICALLY_VERIFIED,"Algoritma Diagnostik Dermatitis Seboroik Penegakan diagnosis dermatitis seboroik dilakukan dengan memperhatikan identitas pasien, anamnesis, pemeriksaan klinis, diagnosis banding, serta pemeriksaan penunjang bila diperlukan"
P046-008,dermatitis-seboroik,046_PNPK_2019_Tata_Laksana_Dermatitis_Seboroik.pdf,19,diagnosis,2,,NOT_CLINICALLY_VERIFIED,"diagnosis banding, serta pemeriksaan penunjang bila diperlukan. DB: Diagnosis banding PP: Pemeriksaan penunjang Gambar 2. Algoritma diagnostik dermatitis seboroik pada dewasa"
P046-009,dermatitis-seboroik,046_PNPK_2019_Tata_Laksana_Dermatitis_Seboroik.pdf,19,investigation,2,,NOT_CLINICALLY_VERIFIED,pemeriksaan penunjang bila diperlukan. DB: Diagnosis banding PP: Pemeriksaan penunjang Gambar 2. Algoritma diagnostik dermatitis seboroik pada dewasa
P046-010,dermatitis-seboroik,046_PNPK_2019_Tata_Laksana_Dermatitis_Seboroik.pdf,19,differential,2,,NOT_CLINICALLY_VERIFIED,Diagnosis banding PP: Pemeriksaan penunjang Gambar 2. Algoritma diagnostik dermatitis seboroik pada dewasa
P046-011,dermatitis-seboroik,046_PNPK_2019_Tata_Laksana_Dermatitis_Seboroik.pdf,19,investigation,2,,NOT_CLINICALLY_VERIFIED,Pemeriksaan penunjang Gambar 2. Algoritma diagnostik dermatitis seboroik pada dewasa
P046-012,dermatitis-seboroik,046_PNPK_2019_Tata_Laksana_Dermatitis_Seboroik.pdf,20,diagnosis,2,,NOT_CLINICALLY_VERIFIED,"Diagnosis banding PP: Pemeriksaan penunjang Gambar 3. Algoritma diagnostik dermatitis seboroik pada bayi G. Tata Laksana Pengobatan dermatitis seboroik (DS) bertujuan untuk menghilangkan atau memperbaiki tanda dan gejala klinis, khususnya pruritus, serta mempertahankan remisi. Selain itu, tujuan lain terapi DS adalah m"
P046-013,dermatitis-seboroik,046_PNPK_2019_Tata_Laksana_Dermatitis_Seboroik.pdf,20,investigation,2,,NOT_CLINICALLY_VERIFIED,"Pemeriksaan penunjang Gambar 3. Algoritma diagnostik dermatitis seboroik pada bayi G. Tata Laksana Pengobatan dermatitis seboroik (DS) bertujuan untuk menghilangkan atau memperbaiki tanda dan gejala klinis, khususnya pruritus, serta mempertahankan remisi. Selain itu, tujuan lain terapi DS adalah memperbaiki fungsi dan"
P047-003,stroke,047_PNPK_2019_Tata_Laksana_Stroke.pdf,7,diagnosis,1,,NOT_CLINICALLY_VERIFIED,Belum semua rumah sakit memiliki perangkat diagnostik maupun tim stroke yang lengkap untuk menunjang pelayanan stroke terpadu. 4
P047-004,stroke,047_PNPK_2019_Tata_Laksana_Stroke.pdf,8,diagnosis,1,,NOT_CLINICALLY_VERIFIED,"Menjadikan PNPK stroke sebagai acuan rumah sakit dalam penyediaan perangkat diagnostik dan tenaga kesehatan dalam pelayanan stroke. d. Menjadikan PNPK stroke sebagai pedoman dalam pelayanan terpadu mulai dari pra-rumah sakit, terapi definitif di rumah sakit, pencegahan primer dan sekunder, serta sistem rujukan yang benar. e. Meningkatkan pelayanan stroke terpadu secara nasional agar mampu menu"
P047-005,stroke,047_PNPK_2019_Tata_Laksana_Stroke.pdf,27,diagnosis,1,,NOT_CLINICALLY_VERIFIED,"Tata laksana di ruang gawat darurat 1) Evaluasi cepat dan diagnosis Karena jendela terapi dalam pengobatan stroke akut sangat pendek, evaluasi dan diagnosis klinik harus dilakukan dengan cepat, sistematik dan cermat (kelas I, peringkat bukti B)"
P047-006,stroke,047_PNPK_2019_Tata_Laksana_Stroke.pdf,27,investigation,1,,NOT_CLINICALLY_VERIFIED,"d) Pemeriksaan penunjang Pemeriksaan penunjang yang dianjurkan segera dilakukan pada setiap pasien stroke akut di ruang gawat darurat meliputi pemeriksaan CT-scan tanpa kontras (kelas I, peringkat bukti B), kadar gula darah, elektrolit serum, tes fungsi ginjal, elektrokardiografi (EKG), penanda iskemik jantung"
P047-007,stroke,047_PNPK_2019_Tata_Laksana_Stroke.pdf,28,diagnosis,1,,NOT_CLINICALLY_VERIFIED,"CT dan MRI multimodal sangat membantu dalam diagnosis stroke iskemik (kelas I, peringkat bukti A). Tetapi, pencitraan multimodal tidak boleh menunda pemberian rtPA (Alteplase) (kelas IV, peringkat bukti B). (3) Pencitraan vaskular (CT angiografi) diperlukan untuk persiapan pemberian obat intra-arterial, tindakan bedah atau intervensi endovaskular (kelas II, peri"
P047-008,stroke,047_PNPK_2019_Tata_Laksana_Stroke.pdf,37,diagnosis,1,,NOT_CLINICALLY_VERIFIED,") Diagnosis klinis stroke dengan defisit neurologis yang jelas. c) Onset ≤4,5 jam atau ≤6 jam d) Tidak ada gambaran perdarahan intrakranial pada CT-scan / MRI (DWI) e) Pasien atau keluarga mengerti dan menerima keuntungan dan risiko yang mungkin timbul"
P047-009,stroke,047_PNPK_2019_Tata_Laksana_Stroke.pdf,45,investigation,1,,NOT_CLINICALLY_VERIFIED,"Pemeriksaan penunjang pada stroke akut Banyak kemajuan telah dicapai dalam tes diagnostik untuk menyokong diagnosis klinis stroke akut, tetapi tes ini tidak bertindak sebagai pengganti anamnesis dan pemeriksaan fisik. a"
P047-010,stroke,047_PNPK_2019_Tata_Laksana_Stroke.pdf,45,investigation,1,,NOT_CLINICALLY_VERIFIED,"Rekomendasi pemeriksaan penunjang yang segera harus dilakukan: Semua pasien dengan suspek stroke akut harus dilakukan beberapa pemeriksaan saat masuk ke unit gawat darurat, meliputi : 1) Elektrokardiografi (EKG). 2) Pencitraan otak: CT-scan (kelas I, peringkat bukti A) non- kontras atau MRI (kelas I, peringkat bukti A) dengan perf"
P047-013,stroke,047_PNPK_2019_Tata_Laksana_Stroke.pdf,95,symptoms,1,,NOT_CLINICALLY_VERIFIED,"2) Gejala klinis Tipe kejang pasca-stroke umumnya kejang fokal simpleks (61%), diikuti oleh kejang umum sekunder (28%)"
P048-001,asfiksia,048_PNPK_2019_Tata_Laksana_Asfiksia.pdf,9,definition,1,,NOT_CLINICALLY_VERIFIED,asfiksia. Berikut ini definisi asfiksia dari beberapa sumber : a. WHO Asfiksia neonatorum adalah kegagalan bernapas secara spontan dan teratur segera setelah lahir. b. National Neonatology Forum of India Asfiksia merupakan keadaan yang ditandai dengan megap- megap dan pernapasan tidak efektif atau kurangnya usaha napas
P048-002,asfiksia,048_PNPK_2019_Tata_Laksana_Asfiksia.pdf,9,definition,1,,NOT_CLINICALLY_VERIFIED,National Neonatology Forum of India Asfiksia merupakan keadaan yang ditandai dengan megap- megap dan pernapasan tidak efektif atau kurangnya usaha napas pada menit pertama setelah kelahiran. c
P048-003,asfiksia,048_PNPK_2019_Tata_Laksana_Asfiksia.pdf,10,symptoms,1,,NOT_CLINICALLY_VERIFIED,Suatu penelitian di Nepal Selatan melaporkan korelasi bermakna antara beberapa gejala klinis maternal dalam 7 hari sebelum persalinan dengan kejadian asfiksia neonatorum
P048-004,asfiksia,048_PNPK_2019_Tata_Laksana_Asfiksia.pdf,17,diagnosis,1,,NOT_CLINICALLY_VERIFIED,"Diagnosis asfiksia pada bayi baru lahir Fasilitas diagnostik pada sarana pelayanan kesehatan terbatas seringkali menimbulkan kesulitan dalam mendiagnosis asfiksia sehingga beberapa negara memiliki kriteria diagnosis asfiksia yang berbeda, disesuaikan dengan kondisi kelengkapan fasilitas kesehatan masing-masing"
P048-005,asfiksia,048_PNPK_2019_Tata_Laksana_Asfiksia.pdf,18,diagnosis,1,,NOT_CLINICALLY_VERIFIED,"Diagnosis asfiksia neonatorum dapat ditegakkan apabila minimal 1 dari 4 kriteria ditemukan pada bayi, namun hal ini sulit dipenuhi pada kondisi berbasis komunitas dan fasilitas terbatas. b"
P048-006,asfiksia,048_PNPK_2019_Tata_Laksana_Asfiksia.pdf,19,diagnosis,1,,NOT_CLINICALLY_VERIFIED,Kriteria diagnosis asfiksia neonatorum berdasarkan ACOG/AAP dan standar emas di tingkat pelayanan kesehatan Sumber: Lincetto O
P048-007,asfiksia,048_PNPK_2019_Tata_Laksana_Asfiksia.pdf,20,diagnosis,1,,NOT_CLINICALLY_VERIFIED,"India India dahulu hanya menggunakan nilai Apgar menit pertama, kini menggunakan 3 dari 4 kriteria diagnosis asfiksia mengacu ke ACOG / AAP, berupa : 1) pH analisis gas darah <7,2 dalam 1 jam pertama kehidupan, 2) nilai Apgar ≤6 pada menit ke-5, 3) kebutuhan bantuan ventilasi tekanan positif (VTP) lebih dari 10 menit, 4) tanda gawat janin"
P048-008,asfiksia,048_PNPK_2019_Tata_Laksana_Asfiksia.pdf,20,diagnosis,1,,NOT_CLINICALLY_VERIFIED,Penetapan konsensus definisi asfiksia harus dilakukan agar diagnosis dapat ditegakkan sesegera mungkin agar mencegah keterlambatan tata laksana di Indonesia
P048-009,asfiksia,048_PNPK_2019_Tata_Laksana_Asfiksia.pdf,20,investigation,1,,NOT_CLINICALLY_VERIFIED,"Selain itu, beberapa pemeriksaan laboratorium dasar juga dapat digunakan untuk menunjang diagnosis asfiksia neonatorum pada fasilitas terbatas"
P048-012,asfiksia,048_PNPK_2019_Tata_Laksana_Asfiksia.pdf,87,symptoms,1,,NOT_CLINICALLY_VERIFIED,"3) EHI derajat sedang atau berat* a) Tanda dan gejala sesuai dengan EHI derajat sedang atau berat, dan / atau b) Tanda ensefalopati pada amplitudo EEG (aEEG) 4) Bukti asfiksia peripartum (minimal 1)*, yaitu : a) Nilai Apgar <5 pada menit ke-10, ATAU b) Bayi masih membutuhkan ventilasi mekanik (balon / T-piece resuscitator dengan sungkup atau intubasi endo"
P049-001,penatalaksanaan-fraktur,049_PNPK_2019_Tata_Laksana_Penatalaksanaan_Fraktur.pdf,5,investigation,1,,NOT_CLINICALLY_VERIFIED,"Setelah dilakukan survei primer dilanjutkan dengan survei sekunder yang meliputi pemeriksaan penunjang termasuk pemeriksaan radiologi. Berbagai macam metode tata laksana definitif fraktur dapat dilakukan mulai dari nonoperatif hingga operatif. Tata laksana operatif meliputi pemasangan fiksasi interna dan fiksasi eksterna. Menurut salter, penting mengetahui indikasi dan kontraindikasi dalam pemiliha"
P049-002,penatalaksanaan-fraktur,049_PNPK_2019_Tata_Laksana_Penatalaksanaan_Fraktur.pdf,9,symptoms,1,,NOT_CLINICALLY_VERIFIED,"Rasa nyeri, kebiruan dan bengkak merupakan gejala yang biasa terjadi karena fraktur melibatkan cedera jaringan lunak"
P049-003,penatalaksanaan-fraktur,049_PNPK_2019_Tata_Laksana_Penatalaksanaan_Fraktur.pdf,9,diagnosis,1,,NOT_CLINICALLY_VERIFIED,"Untuk kasus muskuloskeletal khususnya fraktur, deformitas, dan kerusakan jaringan lunak merupakan tanda dari adanya fraktur dan penting dalam mendiagnosis fraktur khususnya pada pasien yang tidak sadar. Pemeriksaan muskuloskeletal dilakukan secara menyeluruh dari ekstremitas atas secara bilateral. Prinsip pemeriksaan muskuloskeletal meliputi look, feel dan move. Look (lihat) apakah teradapat pembengkakan, memar dan deformitas yang terlihat"
P049-004,penatalaksanaan-fraktur,049_PNPK_2019_Tata_Laksana_Penatalaksanaan_Fraktur.pdf,10,investigation,1,,NOT_CLINICALLY_VERIFIED,"Ada beberapa pemeriksaan penunjang yang dapat dilakukan. Salah satu modalitas sederhana dan wajib dilakukan adalah pemeriksaan sinar- X atau foto polos. Aturan yang wajib dilakukan dalam pemeriksaan ini adalah rule of two: 1. Two view, fraktur dapat tidak terlihat jika hanya dengan satu film xray. minimal 2 pandangan (anterposterio"
P049-007,penatalaksanaan-fraktur,049_PNPK_2019_Tata_Laksana_Penatalaksanaan_Fraktur.pdf,33,diagnosis,1,,NOT_CLINICALLY_VERIFIED,Lokasi fraktur mungkin dapat menunjukkan diagnosis. Pasien dengan osteoporosis involusional biasanya mengalami fraktur pada corpus vertebra dan pada cocticocancellous junction dari tulang panjang. Fraktur pada batang dari tulang panjang pada pasien tua adalah fraktur patologis sampai terbukti sebaliknya. Pemeriksaan umum dapat memberikan banyak informasi pent
P049-008,penatalaksanaan-fraktur,049_PNPK_2019_Tata_Laksana_Penatalaksanaan_Fraktur.pdf,35,diagnosis,1,,NOT_CLINICALLY_VERIFIED,"ocal radiogy mononuclide imaging dapat membantu menegakkan diagnosis. Whole body scanning penting untuk mencari dan menyingkirkan beberapa penyebab fraktur kerapuhan. Beberapa lesi bersifat tipikal sehingga biopsi biasanya tidak diperlukan (solitary cyst, defek kortikal fibrosa, Paget’s disease). Beberapa jenis lesi lainnya mungkin memliki gambaran yang tidak begitu jelas, unt"
P049-009,penatalaksanaan-fraktur,049_PNPK_2019_Tata_Laksana_Penatalaksanaan_Fraktur.pdf,35,diagnosis,2,,NOT_CLINICALLY_VERIFIED,"Beberapa jenis lesi lainnya mungkin memliki gambaran yang tidak begitu jelas, untuk itu biopsi dibutuhkan untuk menegakkan diagnosis. Jika reduksi terbuka dari fraktur diindikasikan, biopsi dapat dilakukan pada waktu yang bersamaan. 4. Tata laksana Perawatan yang tepat telah terbukti mempercepat proses penyembuhan. Penatalaksanaan yang cepat, efektif, dan multidisipliner dapat meningkatkan kualitas hidup pasien dan juga menurunkan biaya pe"
P049-010,penatalaksanaan-fraktur,049_PNPK_2019_Tata_Laksana_Penatalaksanaan_Fraktur.pdf,35,investigation,2,,NOT_CLINICALLY_VERIFIED,"Jika reduksi terbuka dari fraktur diindikasikan, biopsi dapat dilakukan pada waktu yang bersamaan. 4. Tata laksana Perawatan yang tepat telah terbukti mempercepat proses penyembuhan. Penatalaksanaan yang cepat, efektif, dan multidisipliner dapat meningkatkan kualitas hidup pasien dan juga menurunkan biaya perawatannya. Algoritma penatalaksanaan osteoporosis terdapat"
P049-011,penatalaksanaan-fraktur,049_PNPK_2019_Tata_Laksana_Penatalaksanaan_Fraktur.pdf,49,differential,1,,NOT_CLINICALLY_VERIFIED,"Deformitas ini kadang sulit dibedakan dari kerusakan diskus yang biasanya juga terlibat. Diskus inter-vertebra juga mengalami perubahan yang cukup dramatis seiring dengan usia. Melalui proses penuaan, fibril kolagen di dalam diskus meningkat baik jumlah maupun diameternya. Perubahan ini kadang menyertai fraktur. Kesimpulannya, manajemen nyeri pun"
P049-012,penatalaksanaan-fraktur,049_PNPK_2019_Tata_Laksana_Penatalaksanaan_Fraktur.pdf,52,diagnosis,1,,NOT_CLINICALLY_VERIFIED,"2) Apikal Oblique view dapat membantu dalam mendiagnosis fraktur displace minimal, terutama pada anak-anak. View ini diambil dengan bahu miring 45 derajat ke arah sumber sinar- X, miring 20 derajat cephalad. 3) Rontgen dada memungkinkan perbandingan antara sisi dengan sisi lainnya, termasuk panjang normal. 4) CT (Computed tomography) scan mungkin berguna, teruta"
P049-013,penatalaksanaan-fraktur,049_PNPK_2019_Tata_Laksana_Penatalaksanaan_Fraktur.pdf,60,differential,1,,NOT_CLINICALLY_VERIFIED,3) Abrasi jaringan lunak dan laserasi minor harus dibedakan dari fraktur terbuka 4) Ekstensi intra-artikular dari fraktur terbuka dapat ditentukan oleh injeksi intra artikular cairan salin dari jarak jauh dari lokasi luka dan mencatat ekstravasasi cairan dari luka
P049-015,penatalaksanaan-fraktur,049_PNPK_2019_Tata_Laksana_Penatalaksanaan_Fraktur.pdf,130,symptoms,1,,NOT_CLINICALLY_VERIFIED,"Rasa nyeri, kebiruan dan bengkak merupakan gejala yang biasa terjadi karena fraktur melibatkan cedera jaringan lunak"
P051-003,bibir-sumbing,051_PNPK_2019_Tata_Laksana_Bibir_Sumbing.pdf,6,diagnosis,2,,NOT_CLINICALLY_VERIFIED,"Membuat rekomendasi berdasarkan bukti ilmiah (scientific evidence) untuk membantu para praktisi dalam melakukan diagnosis, evaluasi dan tata laksana bibir sumbing dan lelangit. b"
P051-005,bibir-sumbing,051_PNPK_2019_Tata_Laksana_Bibir_Sumbing.pdf,23,diagnosis,2,,NOT_CLINICALLY_VERIFIED,"Diagnosis sumbing harus mencakup jenis sumbing yaitu bibir sumbing, bibir sumbing dan lelangit, dan sumbing lelangit saja, sisi celah unilateral sinistra atau dextra atau bilateral, celah komplet atau inkomplet"
P051-006,bibir-sumbing,051_PNPK_2019_Tata_Laksana_Bibir_Sumbing.pdf,23,diagnosis,2,,NOT_CLINICALLY_VERIFIED,Penulisan diagnosis dapat mengikuti nomenklatur yang ada. F. Terapi nutrisi Terapi nutrisi pada bayi sumbing memerlukan teknik dan alat tertentu karena tidak dapat tercapainya kondisi vakum pada rongga mulut untuk proses pengisapan sehingga bayi tidak dapat mengisap ASI secara optimal. Pada bibir sumbing jarang terjadi masalah p
P051-007,bibir-sumbing,051_PNPK_2019_Tata_Laksana_Bibir_Sumbing.pdf,42,diagnosis,2,,NOT_CLINICALLY_VERIFIED,Diagnosis Diagnosis bibir sumbing dan lelangit dapat dilakukan sejak prenatal
P052-002,luka-bakar,052_PNPK_Tata_Laksana_Luka_Bakar.pdf,5,definition,2,,NOT_CLINICALLY_VERIFIED,"Epidemiologi Luka bakar masih merupakan tantangan bagi para tenaga kesehatan dan juga salah satu masalah kesehatan utama bagi masyarakat secara global dimana berdampak kepada gangguan permanen pada penampilan dan fungsi diikuti oleh ketergantungan pasien, kehilangan pekerjaan dan ketidakpastian akan masa depan"
P052-003,luka-bakar,052_PNPK_Tata_Laksana_Luka_Bakar.pdf,28,diagnosis,2,,NOT_CLINICALLY_VERIFIED,Diagnosis luka bakar harus memperkirakan luas permukaan B tubuh total body surface area (TBSA) dengan menggunakan metode standar dan menggambarkan karakteristik yang memerlukan perhatian segera dari pusat luka bakar yang ditunjuk. 2
P052-005,luka-bakar,052_PNPK_Tata_Laksana_Luka_Bakar.pdf,43,investigation,1,,NOT_CLINICALLY_VERIFIED,"Dilakukan monitoring setiap hari meliputi:(11) kondisi klinis, tanda vital, dan Penyembuhan luka, toleransi saluran cerna, analisis asupan energy dan zat gizi, pemeriksaan laboratorium, dan penunjang lainnya sesuai kondisi pasien, antropometri (seminggu sekali, segera setelah edema berakhir), kapasitas fungsional, dan kebutuhan nutrisi tindak lanjut saat pasien rawat jalan. i"
P052-006,luka-bakar,052_PNPK_Tata_Laksana_Luka_Bakar.pdf,62,diagnosis,2,,NOT_CLINICALLY_VERIFIED,"Ketiga, pemberian terapi antibiotik harus segera dilakukan setelah diagnosis pasien luka bakar yang terinfeksi atau sepsis dibuat. Jika pemberian antibiotik diberikan terlambat lebih dari 6 jam, resiko mortalitas pasien dengan sepsis akan meningkat. Agar terapi sespsi berhasil, jika diagnosis sepsis/ infeksi sudah dibuat, terapi antibiotik empiris dapat dilakukan. Namun, terapi antibi"
P052-008,luka-bakar,052_PNPK_Tata_Laksana_Luka_Bakar.pdf,90,diagnosis,2,,NOT_CLINICALLY_VERIFIED,"Evaluasi berkesinambungan diperlukan untuk diagnosis dan tata laksana pasien ini. Tata laksana untuk GSPT selain antidepresan dan antiansietas, teknik seperti terapi pemaparan (exposure), strategi koping terhadap stres, eye movement desensitization and reprocessing (EMDR), dan social skills training juga terbukti efektif membantu pasien luka bakar dengan GSPT"
P052-009,luka-bakar,052_PNPK_Tata_Laksana_Luka_Bakar.pdf,95,symptoms,2,,NOT_CLINICALLY_VERIFIED,"2) Indikasi dan teknik Prosedur intubasi dan ventilasi harus dipertimbangkan bila pasien luka bakar menunjukkan gejala klinis respiratory distress, hipoksia dan hiperkarbia yang bertambah parah, gangguan pada reflek pernapasan atau keinginan untuk bernapas, trauma dada yang parah, atau terdapat obstruksi saluran napas atas akibat edema"
P052-012,luka-bakar,052_PNPK_Tata_Laksana_Luka_Bakar.pdf,114,diagnosis,2,,NOT_CLINICALLY_VERIFIED,Diagnosis definitif dengan evaluasi endoskopi. Foto x-ray dada dan abdomen; CT scan dada/abdomen dapat menunjukkan kerusakan extra-lumen. Eksplorasi bedah dan pembersihan jaringan nekrosis diperlukan. Steroid tidak terbukti memberikan keuntungan. Seringkali terbentuk striktur esophagus. 2) Mata: Luka bakar kimia yang m
P053-001,penyakit-paru-obstruktif,053_PNPK_2019_Tata_Laksana_Penyakit_Paru_Obstruktif.pdf,5,definition,3,,NOT_CLINICALLY_VERIFIED,"Latar belakang Penyakit paru obstruktif kronik (PPOK) adalah penyakit paru yang dapat dicegah dan diobati, ditandai dengan adanya gejala pernafasan dan keterbatasan aliran udara yang persisten dan umumnya bersifat progresif, berhubungan dengan respon inflamasi kronik yang berlebihan pada saluran nafas dan parenkim paru akibat gas atau partikel berbahaya"
P053-002,penyakit-paru-obstruktif,053_PNPK_2019_Tata_Laksana_Penyakit_Paru_Obstruktif.pdf,6,diagnosis,3,,NOT_CLINICALLY_VERIFIED,Emfisema merupakan diagnosis patologik. 2. Bronkitis kronik merupakan diagnosis klinis. Selain itu keduanya tidak selalu mencerminkan hambatan aliran udara dalam saluran nafas. Penyakit paru obstruktif kronik (PPOK) merupakan salah satu penyakit tidak menular yang menjadi masalah kesehatan masyarakat di Indonesia. Penyebabnya antara lain
P053-003,penyakit-paru-obstruktif,053_PNPK_2019_Tata_Laksana_Penyakit_Paru_Obstruktif.pdf,6,definition,3,,NOT_CLINICALLY_VERIFIED,Penyakit paru obstruktif kronik (PPOK) merupakan salah satu penyakit tidak menular yang menjadi masalah kesehatan masyarakat di Indonesia
P053-005,penyakit-paru-obstruktif,053_PNPK_2019_Tata_Laksana_Penyakit_Paru_Obstruktif.pdf,22,symptoms,1,,NOT_CLINICALLY_VERIFIED,"Diagnosis Gejala dan tanda PPOK sangat bervariasi, mulai dari tanda dan gejala ringan hingga berat. Pada pemeriksaan fisis pun mulai dari tidak ada kelainan sampai ditemukan kelainan yang jelas dan tanda inflasi paru. Diagnosis PPOK dipertimbangkan bila timbul tanda dan gejala yang secara rinci dapat dilihat pada Tabel 2. Tabel 2. Indikator kunci untuk mendiagnosis PPOK Gejala Ke"
P053-006,penyakit-paru-obstruktif,053_PNPK_2019_Tata_Laksana_Penyakit_Paru_Obstruktif.pdf,26,investigation,1,,NOT_CLINICALLY_VERIFIED,"Pemeriksaan penunjang lanjutan a. Faal paru lengkap 1) Volume residu (VR), Kapasitas Residu Fungsional (KRF), kapasitas paru total (KPT), VR/KRF, dan VR/KPT meningkat 2) DLCO menurun pada emfisema 3) Tahanan saluran nafas/Airway resistance (Raw) meningkat pada bronkitis kronik 4) Specific airway conductance (Sgaw) meni"
P053-007,penyakit-paru-obstruktif,053_PNPK_2019_Tata_Laksana_Penyakit_Paru_Obstruktif.pdf,29,differential,2,,NOT_CLINICALLY_VERIFIED,Diagnosis banding Beberapa penyakit paru atau di luar paru bisa memberikan gambaran menyerupai PPOK
P053-008,penyakit-paru-obstruktif,053_PNPK_2019_Tata_Laksana_Penyakit_Paru_Obstruktif.pdf,74,differential,1,,NOT_CLINICALLY_VERIFIED,"Komorbid ini dapat terjadi pada berbagai derajat PPOK dan seringkali menyebabkan sulitnya diagnosis banding. Terlepas dari berhubungan atau tidaknya PPOK dengan kondisi komorbid lain, tata laksana pasien PPOK harus meliputi komorbidnya. Berikut adalah beberapa komorbid dan tata laksana pada PPOK stabil, tetapi tetap tidak dapat menggantikan panduan manajemen untuk masing-masing komorbid. a. Penyakit kardiov"
P053-010,penyakit-paru-obstruktif,053_PNPK_2019_Tata_Laksana_Penyakit_Paru_Obstruktif.pdf,86,diagnosis,2,,NOT_CLINICALLY_VERIFIED,"Beberapa kondisi yang membutuhkan penanganan spesialistik untuk evaluasi diagnosis lebih lanjut antara lain : a. Keraguan diagnosis, terutama bila ada kecurigaan diagnosis lain yang harus disingkirkan (misalnya bronkiektasis, fibrosis pasca-TB, SOPT (Sindrom Obstruksi Pasca-TB), bronkiolitis, fibrosis paru, hipertensi pulmoner, penyakit kardiovaskular, dan penyakit lain yang menimbulkan gej"
P053-011,penyakit-paru-obstruktif,053_PNPK_2019_Tata_Laksana_Penyakit_Paru_Obstruktif.pdf,86,diagnosis,2,,NOT_CLINICALLY_VERIFIED,"Keraguan diagnosis, terutama bila ada kecurigaan diagnosis lain yang harus disingkirkan (misalnya bronkiektasis, fibrosis pasca-TB, SOPT (Sindrom Obstruksi Pasca-TB), bronkiolitis, fibrosis paru, hipertensi pulmoner, penyakit kardiovaskular, dan penyakit lain yang menimbulkan gejala respirasi)"
P053-012,penyakit-paru-obstruktif,053_PNPK_2019_Tata_Laksana_Penyakit_Paru_Obstruktif.pdf,87,diagnosis,2,,NOT_CLINICALLY_VERIFIED,Pasien dengan komorbid yang dapat mempengaruhi diagnosis dan tata laksana penyakit respirasi. 2. Rujukan pengobatan Setelah diagnosis PPOK ditegakkan pengobatan dilaksanakan oleh spesialis paru. Untuk tindak lanjut pengobatan dapat dilakukan di fasilitas layanan primer dengan sistem rujuk balik ke dokter spesialis paru secara berkala untuk evaluasi pengobatan selan
P053-013,penyakit-paru-obstruktif,053_PNPK_2019_Tata_Laksana_Penyakit_Paru_Obstruktif.pdf,87,diagnosis,1,,NOT_CLINICALLY_VERIFIED,Rujukan pengobatan Setelah diagnosis PPOK ditegakkan pengobatan dilaksanakan oleh spesialis paru
P053-014,penyakit-paru-obstruktif,053_PNPK_2019_Tata_Laksana_Penyakit_Paru_Obstruktif.pdf,91,symptoms,2,,NOT_CLINICALLY_VERIFIED,"Pemeriksaan fisis, laboratorium, radiologi, dan faal paru dilakukan sesuai dengan manifestasi klinis yang dijumpai. B. Bagaimana edukasi pada PPOK? 1. Pengetahuan dasar tentang PPOK. 2. Penggunaan, manfaat, dan efek samping obat-obatan. 3. Cara pencegahan pemburukan penyakit. 4. Menghindari pencetus (berhenti merokok) 5. Penyesuaian aktivitas dengan kemampuan yang dimiliki. C. Bagaimana cara mengata"
P054-004,osteosarkoma,054_PNPK_2019_Tata_Laksana_Osteosarkoma.pdf,8,investigation,1,,NOT_CLINICALLY_VERIFIED,"Pemeriksaan Penunjang a. Radiografi konvensional Merupakan pemeriksaan radiologi pertama pada kasus-kasus osteosarkoma. 1) Osteosarkoma konvensional menunjukkan lesi litik motheaten atau permeatif, lesi blastik, destruksi korteks, reaksi periosteal tipe agresif (segitiga Codman, sunburst, haironend), massa jaringan lun"
P056-003,kusta,056_PNPK_2019_Tata_Laksana_Kusta.pdf,7,investigation,1,,NOT_CLINICALLY_VERIFIED,"pemeriksaan penunjang. Sedangkan fasilitas pemeriksaan penunjang untuk penegakkan diagnosis belum tersedia di semua fasilitas pelayanan kesehatan perjalanan penyakit kusta yang sangat panjang sehingga reaksi yang timbul setelah pengobatan tidak terpantau, belum adanya keseragaman dalam penatalaksanaan kusta"
P056-004,kusta,056_PNPK_2019_Tata_Laksana_Kusta.pdf,10,symptoms,1,,NOT_CLINICALLY_VERIFIED,"leprae mempunyai patogenitas dan daya invasi yang rendah, sebab penderita yang mengandung kuman lebih banyak belum tentu memberikan gejala yang lebih berat, bahkan dapat sebaliknya. Basil kusta masuk ke tubuh manusia melalui kontak langsung dengan kulit atau mukosa nasal yang berasal dari droplet. Basil dari droplet akan bertahan hidup selama 2 hari dalam lingkungan yang kering, bahkan hingga 10 hari pada lingkungan yang lembab dan suhu yang"
P056-005,kusta,056_PNPK_2019_Tata_Laksana_Kusta.pdf,13,diagnosis,1,,NOT_CLINICALLY_VERIFIED,diagnosis klinis ditegakkan. Pemeriksaan elektrofisiologi dapat mendeteksi neuropati sebelum timbul manifestasi klinis. Indikasi pemeriksaan elektrofisiologi pada pasien kusta ialah: 1) Segera setelah diagnosis kusta untuk mengetahui data dasar dan asesmen keterlibatan saraf 2) Bila muncul gejala dan tanda neuritis ata
P056-006,kusta,056_PNPK_2019_Tata_Laksana_Kusta.pdf,13,symptoms,1,,NOT_CLINICALLY_VERIFIED,Pemeriksaan elektrofisiologi dapat mendeteksi neuropati sebelum timbul manifestasi klinis. Indikasi pemeriksaan elektrofisiologi pada pasien kusta ialah: 1) Segera setelah diagnosis kusta untuk mengetahui data dasar dan asesmen keterlibatan saraf 2) Bila muncul gejala dan tanda neuritis atau kerusakan fungsi saraf Gambar 2. Saraf Perifer yang Banyak Terlibat dan Mengalami Pembesaran Pada
P056-007,kusta,056_PNPK_2019_Tata_Laksana_Kusta.pdf,14,symptoms,1,,NOT_CLINICALLY_VERIFIED,Pemeriksaan elektrofisiologi dapat mendeteksi neuropati sebelum timbul manifestasi klinis. Indikasi pemeriksaan elektrofisiologi pada pasien kusta ialah: 1) Sebagai pemeriksaan penunjang (bila diperlukan) pada pasien dengan kecurigaan diagnosis kusta 2) Segera setelah diagnosis kusta untuk mengetahui data dasar dan asesmen keterlibatan saraf 3) Bila muncul gejala dan tanda neuritis atau k
P056-008,kusta,056_PNPK_2019_Tata_Laksana_Kusta.pdf,14,investigation,1,,NOT_CLINICALLY_VERIFIED,1) Sebagai pemeriksaan penunjang (bila diperlukan) pada pasien dengan kecurigaan diagnosis kusta 2) Segera setelah diagnosis kusta untuk mengetahui data dasar dan asesmen keterlibatan saraf 3) Bila muncul gejala dan tanda neuritis atau kerusakan fungsi saraf 3
P056-009,kusta,056_PNPK_2019_Tata_Laksana_Kusta.pdf,19,symptoms,1,,NOT_CLINICALLY_VERIFIED,"Hal ini menyebabkan gambaran klinis kusta bergeser kearah tipe tuberkuloid. Walaupun belum diketahui dengan pasti faktor pencetus terjadinya reaksi, namun diperkirakan proses reaksi ini berhubungan dengan reaksi hipersensitivitas tipe lambat. Reaksi biasanya terjadi pada masa pengobatan MDT 6 bulan pertama. Gejala klinis yang timbul pada"
P056-010,kusta,056_PNPK_2019_Tata_Laksana_Kusta.pdf,23,diagnosis,1,,NOT_CLINICALLY_VERIFIED,"Diagnosis dan Pemeriksaan Penunjang 1. Diagnosis Diagnosis penyakit kusta ditetapkan berdasarkan temuan satu dari tiga tanda kardinal kusta berikut ini, yaitu: a. Kelainan kulit atau lesi yang khas kusta, dapat berbentuk hipopigmentasi atau eritema yang mati rasa (anestesi) b. Penebalan saraf perifer disertai dengan ga"
P056-011,kusta,056_PNPK_2019_Tata_Laksana_Kusta.pdf,28,diagnosis,1,,NOT_CLINICALLY_VERIFIED,"anda-tanda tersebut merupakan tanda-tanda tersangka kusta dan belum dapat digunakan sebagai dasar diagnosis penyakit kusta. Jika diagnosis kusta masih belum dapat ditegakkan, tindakan yang dapat dilakukan adalah: a. Pikirkan kemungkinan penyakit kulit lain (seperti panu, kurap, kudis, psoriasis, vitiligo) b. Pengambilan kerokan jaringan kulit untuk pemeriksaan BTA c. Bila tidak ada petugas terlatih dan tidak tersed"
P056-012,kusta,056_PNPK_2019_Tata_Laksana_Kusta.pdf,28,diagnosis,1,,NOT_CLINICALLY_VERIFIED,"Jika ditemukan tanda utama, diagnosis kusta dapat ditegakkan. Bila masih meragukan, pasien tersangka harus dirujuk. Perlu diingat bahwa tanda-tanda utama tersebut dapat tetap ditemukan pada pasien yang sudah sembuh atau release from treatment (RFT). Anamnesis yang teliti perlu dilakukan untuk menghindari pengobatan ulang yang tidak perlu. 2. Peme"
P056-013,kusta,056_PNPK_2019_Tata_Laksana_Kusta.pdf,31,differential,1,,NOT_CLINICALLY_VERIFIED,"Diagnosis Banding Kusta disebut sebagai the greatest imitator, karena secara klinis menyerupai berbagai penyakit kulit lain"
P056-014,kusta,056_PNPK_2019_Tata_Laksana_Kusta.pdf,32,differential,1,,NOT_CLINICALLY_VERIFIED,erbagai diagnosis banding penyakit kusta dapat dilihat pada gambar berikut (Gambar 6 hingga 12)
P056-015,kusta,056_PNPK_2019_Tata_Laksana_Kusta.pdf,59,investigation,1,,NOT_CLINICALLY_VERIFIED,"Kesimpulan Berdasarkan pemeriksaan klinis dan pemeriksaan penunjang, dibuat tata alur diagnostik dan klasifikasi kusta untuk memudahkan petugas kesehatan di lapangan"
P056-016,kusta,056_PNPK_2019_Tata_Laksana_Kusta.pdf,61,diagnosis,1,,NOT_CLINICALLY_VERIFIED,"Diperlukan asesmen komprehensif dan uji fungsi, A termasuk pemeriksaan penunjang medik untuk menegakkan diagnosis fungsional berdasarkan ICF 4. Pasien diberikan pencegahan sindroma dekondisi B pada saat perawatan reaksi kusta, seperti proper positioning untuk mencegah kontraktur sehingga mencapai aktivitas fungsional yang optimal sesuai B toleransi. 5. Penggunaan splint penting diberikan untuk B mencapai target posisi se"
P057-002,kanker-nasofaring,057_PNPK_2019_Tata_Laksana_Kanker_Nasofaring.pdf,5,symptoms,2,,NOT_CLINICALLY_VERIFIED,"Di Indonesia, dari seluruh kanker kepala dan leher, kanker nasofaring menunjukkan entitas yang berbeda secara epidemiologi, manifestasi klinis, marker biologi, faktor risiko, dan faktor prognostik"
P057-006,kanker-nasofaring,057_PNPK_2019_Tata_Laksana_Kanker_Nasofaring.pdf,11,investigation,2,,NOT_CLINICALLY_VERIFIED,Pemeriksaan patologi anatomi Kanker nasofaring dibuktikan melalui pemeriksaan patologi anatomi dengan spesimen berasal dari biopsi nasofaring. Hasil biopsi menunjukkan jenis keganasan dan derajat diferensiasi. Pengambilan spesimen biopsi dari nasofaring dapat dikerjakan dengan panduan nasoendoskopi rigid/fiber dengan anestesi lokal ataupun dengan anestesi umum
P057-007,kanker-nasofaring,057_PNPK_2019_Tata_Laksana_Kanker_Nasofaring.pdf,12,diagnosis,1,,NOT_CLINICALLY_VERIFIED,) Biopsi nasofaring Diagnosis pasti berdasarkan pemeriksaan PA dari biopsi nasofaring. Sementara biopsi aspirasi jarum halus (BAJH) atau biopsi insisional/eksisional kelenjar getah bening leher bukan merupakan diagnosis pasti. Biopsi dilakukan dengan menggunakan tang biopsi yang dimasukkan melalui hidung atau mulut dengan tuntunan rinosko
P057-008,kanker-nasofaring,057_PNPK_2019_Tata_Laksana_Kanker_Nasofaring.pdf,12,diagnosis,2,,NOT_CLINICALLY_VERIFIED,Sementara biopsi aspirasi jarum halus (BAJH) atau biopsi insisional/eksisional kelenjar getah bening leher bukan merupakan diagnosis pasti. Biopsi dilakukan dengan menggunakan tang biopsi yang dimasukkan melalui hidung atau mulut dengan tuntunan rinoskopi posterior atau tuntunan nasofaringoskopi rigid/fiber. Pelaporan diagnosis kanker nasofaring berdasarkan kriteria WHO yaitu: a) Karsinoma sel skuamosa tidak berkeratin b) Karsinoma sel sku
P057-009,kanker-nasofaring,057_PNPK_2019_Tata_Laksana_Kanker_Nasofaring.pdf,12,diagnosis,2,,NOT_CLINICALLY_VERIFIED,"Pelaporan diagnosis kanker nasofaring berdasarkan kriteria WHO yaitu: a) Karsinoma sel skuamosa tidak berkeratin b) Karsinoma sel skuamosa berkeratin c) Karsinoma sel skuamosa basaloid Pemeriksaan laboratorium yang dilakukan adalah; hematologik berupa pemeriksaan darah perifer lengkap, LED, hitung jenis, Alkali fosfatase, LDH, dan fungsi liver seperti SGPT-SGOT"
P057-010,kanker-nasofaring,057_PNPK_2019_Tata_Laksana_Kanker_Nasofaring.pdf,12,investigation,2,,NOT_CLINICALLY_VERIFIED,"Eksplorasi nasofaring dengan anestesi umum dilakukan jika dari biopsi dengan anestesi lokal tidak didapatkan hasil yang positif sedangkan gejala dan tanda yang ditemukan menunjukkan ciri kanker nasofaring, atau suatu kanker yang tidak diketahui primernya (unknown primary cancer)"
P057-011,kanker-nasofaring,057_PNPK_2019_Tata_Laksana_Kanker_Nasofaring.pdf,13,investigation,2,,NOT_CLINICALLY_VERIFIED,"biopsi aspirasi jarum halus (BAJH). 4. Diagnosis banding Diagnosis banding dari kanker nasofaring adalah limfoma malignum, proses non keganasan (TB kelenjar), dan metastasis (tumor sekunder). C. Stadium th Klasifikasi berdasarkan klasifikasi TNM (AJCC, 8 ed, 2017), dapat ditentukan dengan menilai karakteristik massa tu"
P057-012,kanker-nasofaring,057_PNPK_2019_Tata_Laksana_Kanker_Nasofaring.pdf,13,diagnosis,2,,NOT_CLINICALLY_VERIFIED,"Diagnosis banding Diagnosis banding dari kanker nasofaring adalah limfoma malignum, proses non keganasan (TB kelenjar), dan metastasis (tumor sekunder)"
P057-014,kanker-nasofaring,057_PNPK_2019_Tata_Laksana_Kanker_Nasofaring.pdf,52,diagnosis,1,,NOT_CLINICALLY_VERIFIED,"Diagnosis pasti berdasarkan pemeriksaan PA dari biopsi nasofaring, bukan dari biopsi aspirasi jarum halus (BAJH) atau biopsi insisional/eksisional kelenjar getah bening leher"
P058-002,sindroma-koroner-akut,058_PNPK_2019_Tata_Laksana_Sindroma_Koroner_Akut.pdf,11,diagnosis,1,,NOT_CLINICALLY_VERIFIED,Diagnosis STEMI ditegakkan jika terdapat keluhan angina pektoris akut disertai elevasi segmen ST yang persisten di dua sandapan yang bersebelahan
P058-003,sindroma-koroner-akut,058_PNPK_2019_Tata_Laksana_Sindroma_Koroner_Akut.pdf,11,diagnosis,1,,NOT_CLINICALLY_VERIFIED,Diagnosis NSTEMI dan UAP ditegakkan jika terdapat keluhan angina pektoris akut tanpa elevasi segmen ST yang persisten di dua sadapan yang bersebelahan
P058-004,sindroma-koroner-akut,058_PNPK_2019_Tata_Laksana_Sindroma_Koroner_Akut.pdf,13,differential,1,,NOT_CLINICALLY_VERIFIED,"Pemeriksaan fisik Pemeriksaan fisik dilakukan untuk mengidentifikasi faktor pencetus iskemia, komplikasi iskemia, penyakit penyerta dan menyingkirkan diagnosis banding. Regurgitasi katup mitral akut, suara jantung tiga (S3), ronkhi basah halus dan hipotensi hendaknya selalu diperiksa untuk mengidentifikasi komplikasi iskemia. Ditemukannya tanda-tanda regurgitasi katup mitral akut, hipotensi, diaphoresis, ronkhi basah halus atau edema paru me"
P058-005,sindroma-koroner-akut,058_PNPK_2019_Tata_Laksana_Sindroma_Koroner_Akut.pdf,17,diagnosis,3,,NOT_CLINICALLY_VERIFIED,"Tujuan pemeriksaan adalah untuk membuat diagnosis banding, identifikasi komplikasi dan penyakit penyerta. B. Tatalaksana awal sindroma koroner akut Berdasarkan langkah diagnostik yang telah dijelaskan sebelumnya, dokter perlu segera menetapkan diagnosis kerja yang akan menjadi dasar strategi penanganan selanjutnya. Yang dimaksud dengan terapi awal adalah ter"
P058-006,sindroma-koroner-akut,058_PNPK_2019_Tata_Laksana_Sindroma_Koroner_Akut.pdf,17,diagnosis,3,,NOT_CLINICALLY_VERIFIED,"Tatalaksana awal sindroma koroner akut Berdasarkan langkah diagnostik yang telah dijelaskan sebelumnya, dokter perlu segera menetapkan diagnosis kerja yang akan menjadi dasar strategi penanganan selanjutnya"
P058-008,sindroma-koroner-akut,058_PNPK_2019_Tata_Laksana_Sindroma_Koroner_Akut.pdf,38,symptoms,1,,NOT_CLINICALLY_VERIFIED,"Sejauh ini belum ada nilai rujukan definitif pada pasien-pasien dengan tanda dan gejala gagal jantung setelah infark akut, dan nilai yang didapatkan perlu diinterpretasikan berdasarkan keadaan klinis pasien"
P058-009,sindroma-koroner-akut,058_PNPK_2019_Tata_Laksana_Sindroma_Koroner_Akut.pdf,39,symptoms,1,,NOT_CLINICALLY_VERIFIED,Pasien dengan jejas miokardium luas dalam fase akut dapat menunjukkan tanda dan gejala gagal jantung kronik. Diagnosis ini memerlukan penatalaksanaan sesuai panduan gagal jantung kronik. Beberapa pasien dengan gagal jantung kronik simtomatis di mana fraksi ejeksi berkurang atau terdapat dis-sinkroni elektrik yang ditunjukkan dengan pemanjangan QRS memenuhi kriteria implantasi defibrilato
P058-012,sindroma-koroner-akut,058_PNPK_2019_Tata_Laksana_Sindroma_Koroner_Akut.pdf,54,differential,1,,NOT_CLINICALLY_VERIFIED,"diagnosis banding yang tidak jelas. Penemuan oklusi trombotik akut, misalnya pada arteri sirkumfleksa, sangat penting pada pasien yang sedang mengalami gejala atau peningkatan troponin namun tidak ditemukan perubahan EKG diagnostik. Pada pasien dengan penyakit pembuluh multipel dan mereka dengan stenosis arteri utama k"
P058-013,sindroma-koroner-akut,058_PNPK_2019_Tata_Laksana_Sindroma_Koroner_Akut.pdf,74,definition,2,,NOT_CLINICALLY_VERIFIED,Rehabilitasi medik pada sindrom koroner akut a. Pendahuluan Rehabilitasi jantung merupakan sejumlah aktivitas dan tahapan kegiatan pasien penyakit jantung koroner agar mereka dapat kembali beraktivitas dalam kehidupan sehari-hari dan berpartisipasi pada kegiatan di masyarakat secara optimal. Konsep rehabilitasi jantung pada SKA adalah pencegahan seku
P059-003,malaria,059_PNPK_2019_Tata_Laksana_Malaria.pdf,10,symptoms,1,,NOT_CLINICALLY_VERIFIED,Masa inkubasi adalah rentang waktu sejak sporozoit masuk ke tubuh manusia sampai timbulnya gejala klinis yang ditandai dengan demam. Masa inkubasi bervariasi tergantung spesies plasmodium (Tabel 1). Masa prepaten adalah rentang waktu sejak sporozoit masuk ke tubuh manusia sampai parasit dapat dideteksi dalam sel darah merah dengan pemeriksaan mikroskopik. Tabel 1. Masa inkubasi penyakit malaria Plasmodium Ma
P059-004,malaria,059_PNPK_2019_Tata_Laksana_Malaria.pdf,13,diagnosis,1,,NOT_CLINICALLY_VERIFIED,Diagnosis malaria Diagnosis malaria dapat ditegakkan berdasarkan manifestasi klinis malaria yang bervariasi dari ringan sampai membahayakan jiwa
P059-005,malaria,059_PNPK_2019_Tata_Laksana_Malaria.pdf,13,diagnosis,1,,NOT_CLINICALLY_VERIFIED,Diagnosis pasti malaria apabila ditemukan parasit malaria dan / atau produknya dalam darah
P059-006,malaria,059_PNPK_2019_Tata_Laksana_Malaria.pdf,14,diagnosis,1,,NOT_CLINICALLY_VERIFIED,Pemeriksaan laboratorium Diagnosis pasti malaria dilakukan dengan pemeriksaan darah. Pemeriksaan tersebut dilakukan melalui cara berikut: a. Pemeriksaan mikroskopik Pemeriksaan dengan mikroskopik merupakan gold standard (baku emas) untuk diagnosis pasti malaria. Pemeriksaan mikroskopik dilakukan dengan membuat sediaan darah tebal dan tipis. Pe
P059-007,malaria,059_PNPK_2019_Tata_Laksana_Malaria.pdf,14,diagnosis,1,,NOT_CLINICALLY_VERIFIED,Pemeriksaan mikroskopik Pemeriksaan dengan mikroskopik merupakan gold standard (baku emas) untuk diagnosis pasti malaria. Pemeriksaan mikroskopik dilakukan dengan membuat sediaan darah tebal dan tipis. Pemeriksaan ulang darah dapat sampai 72 jam (untuk antisipasi P.vivax). Pemeriksaan sediaan darah tebal dan tipis di rumah sakit / puskesmas / laboratorium untuk menentukan : 1) Ada tidaknya parasit malaria
P059-008,malaria,059_PNPK_2019_Tata_Laksana_Malaria.pdf,15,investigation,1,,NOT_CLINICALLY_VERIFIED,"Pemeriksaan dengan tes diagnostik cepat (rapid diagnostic test / RDT) Mekanisme kerja tes ini berdasarkan deteksi antigen parasit malaria, dengan menggunakan metode imunokromatografi"
P059-009,malaria,059_PNPK_2019_Tata_Laksana_Malaria.pdf,15,investigation,1,,NOT_CLINICALLY_VERIFIED,"Selain pemeriksaan di atas, pada malaria berat pemeriksaan penunjang yang perlu dilakukan adalah"
P059-010,malaria,059_PNPK_2019_Tata_Laksana_Malaria.pdf,16,symptoms,1,,NOT_CLINICALLY_VERIFIED,Gejala klinis berupa demam atau pucat. Pengobatan yang diberikan adalah pengobatan radikal malaria dengan membunuh semua stadium parasit yang ada di dalam tubuh manusia termasuk stadium gametosit. Adapun tujuan pengobatan radikal untuk mendapat kesembuhan klinis dan parasitologik serta memutuskan rantai penularan
P059-011,malaria,059_PNPK_2019_Tata_Laksana_Malaria.pdf,17,symptoms,1,,NOT_CLINICALLY_VERIFIED,"Diagnosis banding malaria Manifestasi klinis malaria sangat bervariasi dari gejala yang ringan sampai berat, terutama dengan penyakit-penyakit di bawah ini : 1"
P059-012,malaria,059_PNPK_2019_Tata_Laksana_Malaria.pdf,29,investigation,1,,NOT_CLINICALLY_VERIFIED,"Lahir – 6 bulan 9 6 – 12 bulan 11 1 – 2 tahun 12 2 – 5 tahun 13 Lebih dari 5 tahun 14 Hasil pemeriksaan laboratorium pada malaria berat sebagai berikut : a. Hipoglikemi (gula darah <40 mg%). b. Asidosis metabolik (bikarbonat plasma <15 mmol/L). c. Anemia berat (pada anak Hb <5 gr% untuk endemis tinggi, Hb <7 gr% untuk endemis sedang-rendah, pada dewasa Hb <7 gr% atau hematokrit <15%). d. Hiperparasitemia (par"
P059-013,malaria,059_PNPK_2019_Tata_Laksana_Malaria.pdf,48,symptoms,1,,NOT_CLINICALLY_VERIFIED,"Rawat inap Evaluasi pengobatan dilakukan setiap hari dengan memonitor gejala klinis dan pemeriksaan mikroskopik. Evaluasi dilakukan sampai bebas demam dan tidak ditemukan parasit aseksual dalam darah selama 3 hari berturut-turut. Setelah pasien dipulangkan harus kontrol pada hari ke-7, hari ke-14, hari ke-21 dan ke-28 sejak hari pertama mendapatkan obat anti malaria untuk dimonitor kadar"
P059-014,malaria,059_PNPK_2019_Tata_Laksana_Malaria.pdf,50,diagnosis,1,,NOT_CLINICALLY_VERIFIED,Diagnosis malaria ditegakkan dengan pemeriksaan mikroskopik dan atau dengan RDT. 3
P060-003,nyeri,060_PNPK_2019_Tata_Laksana_Nyeri.pdf,7,symptoms,1,,NOT_CLINICALLY_VERIFIED,Nyeri merupakan keluhan yang paling banyak dialami oleh pasien di rumah sakit yang dapat menyebabkan konsekuensi fisiologis dan psikologis bagi pasien dan bahkan dapat berdampak sosial. 2
P060-004,nyeri,060_PNPK_2019_Tata_Laksana_Nyeri.pdf,8,diagnosis,1,,NOT_CLINICALLY_VERIFIED,Mengkaji penegakan diagnosis nyeri secara sistematis. b. Mengkaji dan menyetarakan tata laksana farmakologi dan non farmakologi pada nyeri akut dan kronik. c. Mengkaji dan menyetarakan penentuan indikasi tindakan intervensi nyeri yang sesuai untuk tatalaksana nyeri. d. Mengkaji dan menyetarakan penentuan indikasi pembedahan dan
P060-005,nyeri,060_PNPK_2019_Tata_Laksana_Nyeri.pdf,9,diagnosis,1,,NOT_CLINICALLY_VERIFIED,"diagnosis, terapi, dan prognosis. Kriteria eligibilitas studi Seluruh studi terkait pasien nyeri, baik nyeri akut maupun kronik dan kanker. Kriteria inklusi studi diagnostik dan terapi pada nyeri mencakup tulisan dalam textbook, tinjauan sistematik, Evidenced based medicine, studi uji acak terkontrol, kohort, kasus kon"
P060-006,nyeri,060_PNPK_2019_Tata_Laksana_Nyeri.pdf,9,diagnosis,1,,NOT_CLINICALLY_VERIFIED,"Kriteria inklusi studi diagnostik dan terapi pada nyeri mencakup tulisan dalam textbook, tinjauan sistematik, Evidenced based medicine, studi uji acak terkontrol, kohort, kasus kontrol, studi serial kasus khusus untuk penelitian serta meta-analisis"
P060-007,nyeri,060_PNPK_2019_Tata_Laksana_Nyeri.pdf,13,diagnosis,1,,NOT_CLINICALLY_VERIFIED,"Jenis penanganan nyeri yang diberikan ke pasien dengan nyeri sangat tergantung dari diagnosis, jenis dan intensitas nyeri yang dialami. 2. Penanganan nyeri dengan modalitas farmakologi adalah penggunaan modalitas obat-obatan analgesia yang digunakan untuk mengurangi nyeri yang ada berdasarkan patomekanisme terjadinya nyeri. Analgesia yang termasuk di dalamnya adalah analgesia opioid, seperti opioid ku"
P060-008,nyeri,060_PNPK_2019_Tata_Laksana_Nyeri.pdf,15,diagnosis,1,,NOT_CLINICALLY_VERIFIED,Semakin kompleks diagnosis nyeri yang dihadapi pasien maka semakin komprehensif penanganannya dan membutuhkan beberapa modalitas dari disiplin yang berbeda untuk mendapatkan hasil yang optimal seperti pada banyak kasus nyeri kronik dan kanker
P060-009,nyeri,060_PNPK_2019_Tata_Laksana_Nyeri.pdf,28,investigation,1,,NOT_CLINICALLY_VERIFIED,"pemeriksaan penunjang yang tidak relevan dan tidak diperlukan. Anamnesis yang baik juga sangat penting dalam menyingkirkan red flags pada saat diperlukan tata laksana nyeri yang lebih invasif. Anamnesis didahului oleh introduksi sederhana tentang pasien, yang meliputi umur, pendidikan, pekerjaan, tempat tinggal, istri/"
P060-010,nyeri,060_PNPK_2019_Tata_Laksana_Nyeri.pdf,33,investigation,1,,NOT_CLINICALLY_VERIFIED,Pemeriksaan penunjang Pemeriksaan penunjang diperlukan bila: 1) Temuan anamnesis dan pemeriksaan klinis belum cukup untuk menegakkan diagnosis dan menetukan sumber nyeri. 2) Dicurigai adanya atau diperlukan kepastian tidak adanya red flags yang menyebabkan tata laksana nyeri tidak dapat dilakukan dengan optimal. 3) Dip
P060-011,nyeri,060_PNPK_2019_Tata_Laksana_Nyeri.pdf,33,investigation,1,,NOT_CLINICALLY_VERIFIED,"Pada saat temuan anamnesis, pemeriksaan klinis dan atau pemeriksaan penunjang masih belum dapat mengarah kepada diagnosis dan sumber penyebab nyeri, blok diagnostik merupakan"
P061-001,malnutrisi-pada-dewasa,061_PNPK_2019_Tata_Laksana_Malnutrisi_Pada_Dewasa.pdf,5,definition,2,,NOT_CLINICALLY_VERIFIED,"DEWASA BAB I PENDAHULUAN A. Latar belakang Disease-Related Malnutrition ( DRM ) adalah penyakit dasar yang sering menyertai malnutrisi dan malnutrisi akan memperberat penyakit dasarnya, terutama bila tidak mendapat terapi nutrisi medis yang adekuat. Malnutrisi merupakan masalah yang sering ditemukan pada pasien yang di"
P061-003,malnutrisi-pada-dewasa,061_PNPK_2019_Tata_Laksana_Malnutrisi_Pada_Dewasa.pdf,24,diagnosis,2,,NOT_CLINICALLY_VERIFIED,"Penurunan status fungsional yang diukur dengan hand grip Berdasarkan kriteria menurut ASPEN tersebut, diagnosis malnutrisi pada dewasa dibedakan berdasarkan sifat penyakit dan derajat malnutrisi yang dapat dilihat pada Tabel 7"
P061-004,malnutrisi-pada-dewasa,061_PNPK_2019_Tata_Laksana_Malnutrisi_Pada_Dewasa.pdf,25,symptoms,1,,NOT_CLINICALLY_VERIFIED,Klasifikasi malnutrisi berdasarkan anamnesis dan gejala klinis Karakteristi Malnutrisi karena Malnutrisi karena Malnutrisi k Penyakit Akut atau Penyakit Kronik karena Keadaan Cedera Sosial atau Klinis Lingkungan Sedang Berat Sedang Berat Sedang Berat Analisis <75% dari ≤50% dari <75% ≤75% dari <75% ≤50% Asupan kebutuha kebutuhan dari kebutuhan dari dari (Intake) n en
P061-005,malnutrisi-pada-dewasa,061_PNPK_2019_Tata_Laksana_Malnutrisi_Pada_Dewasa.pdf,29,investigation,1,,NOT_CLINICALLY_VERIFIED,"Pemeriksaan laboratorium Selain pemeriksaan antropometri dan pemeriksaan klinis, pemeriksaan laboratorium menggunakan beberapa parameter biokimia juga dapat digunakan untuk mendeteksi derajat malnutrisi"
P061-006,malnutrisi-pada-dewasa,061_PNPK_2019_Tata_Laksana_Malnutrisi_Pada_Dewasa.pdf,30,diagnosis,1,,NOT_CLINICALLY_VERIFIED,"BP (mg/dL) <2,1 2,1 - 2,4 2,5 - 2,9 TLC/mm3 <800 800 - 1200 -1500 RBP (retinol binding protein), TLC (total lymphocytes count) Diagnosis Malnutrisi ditegakkan apabila pasien memenuhi kriteria pada pemeriksaan antropometri atau pemeriksaan klinis, dan atau pemeriksaan laboratorium"
P061-009,malnutrisi-pada-dewasa,061_PNPK_2019_Tata_Laksana_Malnutrisi_Pada_Dewasa.pdf,139,diagnosis,1,,NOT_CLINICALLY_VERIFIED,"Diagnosis Diagnosis malnutrisi ditegakkan berdasarkan anamnesis, pemeriksaan antropometri dan pemeriksaan klinis"
P061-010,malnutrisi-pada-dewasa,061_PNPK_2019_Tata_Laksana_Malnutrisi_Pada_Dewasa.pdf,140,diagnosis,2,,NOT_CLINICALLY_VERIFIED,"Penurunan status fungsional yang diukur dengan hand grip Berdasarkan kriteria menurut ASPEN tersebut, diagnosis malnutrisi pada dewasa dibedakan berdasarkan sifat penyakit dan derajat malnutrisi yang dapat dilihat pada Tabel berikut"
P061-011,malnutrisi-pada-dewasa,061_PNPK_2019_Tata_Laksana_Malnutrisi_Pada_Dewasa.pdf,140,symptoms,1,,NOT_CLINICALLY_VERIFIED,Klasifikasi malnutrisi berdasarkan anamnesis dan gejala klinis Karakteristi Malnutrisi karena Malnutrisi karena Malnutrisi k Penyakit Akut atau Penyakit Kronik karena Keadaan Cedera Sosial atau Klinis Lingkungan Sedang Berat Sedang Berat Sedang Berat
P061-012,malnutrisi-pada-dewasa,061_PNPK_2019_Tata_Laksana_Malnutrisi_Pada_Dewasa.pdf,142,investigation,1,,NOT_CLINICALLY_VERIFIED,"Pemeriksaan laboratorium Selain pemeriksaan antropometri dan pemeriksaan klinis, pemeriksaan laboratorium menggunakan beberapa parameter biokimia juga dapat digunakan untuk mendeteksi derajat malnutrisi"
P061-013,malnutrisi-pada-dewasa,061_PNPK_2019_Tata_Laksana_Malnutrisi_Pada_Dewasa.pdf,142,diagnosis,1,,NOT_CLINICALLY_VERIFIED,"Diagnosis Malnutrisi ditegakkan apabila pasien memenuhi kriteria pada pemeriksaan antropometri atau pemeriksaan klinis, dan atau pemeriksaan laboratorium"
P061-014,malnutrisi-pada-dewasa,061_PNPK_2019_Tata_Laksana_Malnutrisi_Pada_Dewasa.pdf,142,investigation,2,,NOT_CLINICALLY_VERIFIED,pemeriksaan laboratorium. (Rekomendasi C) D. Tata laksana umum terapi medik gizi Untuk memulai pemberian terapi medik gizi pada pasien dewasa dengan malnutrisi perlu dilakukan skrining gizi untuk menentukan derajat dan jenis malnutrisi. Disamping itu sangat penting dilakukan skrining risiko “Refeeding Syndrome.”(Rekome
P062-002,hiperbilirubinemia,062_PNPK_2019_Tata_Laksana_Hiperbilirubinemia.pdf,9,definition,1,,NOT_CLINICALLY_VERIFIED,Hiperbilirubinemia adalah keadaan transien yang sering ditemukan baik pada bayi cukup bulan (50- 70%) maupun bayi prematur (80-90%)
P062-003,hiperbilirubinemia,062_PNPK_2019_Tata_Laksana_Hiperbilirubinemia.pdf,10,symptoms,1,,NOT_CLINICALLY_VERIFIED,"tanda klinis dari bilirubin ensefalopati akut. (lihat lampiran 2) B. Epidemiologi hiperbilirubinemia Berdasarkan data dari Riset Kesehatan Dasar 2007, mengenai penyebab kematian neonatal didapatkan bahwa ikterus menjadi penyebab nomor 5 morbiditas neonatal setelah gangguan nafas, prematuritas, sepsis dan hipotermi deng"
P062-004,hiperbilirubinemia,062_PNPK_2019_Tata_Laksana_Hiperbilirubinemia.pdf,17,diagnosis,1,,NOT_CLINICALLY_VERIFIED,"Diagnosis hiperbilirubinemia 1. Anamnesis Dalam anamnesis, diagnosis hiperbilirubinemia dapat digunakan untuk mencari faktor risiko penyebab hiperbilirubinemia sehingga dapat diklasifikasikan apakah bayi yang lahir ini termasuk dalam kategori risiko tinggi atau risiko rendah. Anamnesis tersebut mencakup: a. Riwayat kel"
P062-005,hiperbilirubinemia,062_PNPK_2019_Tata_Laksana_Hiperbilirubinemia.pdf,20,diagnosis,1,,NOT_CLINICALLY_VERIFIED,"Petugas kesehatan seyogyanya tidak menggunakan visual estimation sebagai sarana dalam diagnosis hiperbilirubinemia sebelum dilakukan pemeriksaan TSB. Pada pemeriksaan fisik, hal-hal yang dapat dicari antara lain : a. Tanda-tanda prematuritas b. Kecil masa kehamilan, kemungkinan berhubungan dengan polisitemia c. Tanda infeksi intrauterin, misalnya mikrosefali, kecil masa kehamilan d. Perdarahan ekstravas"
P063-001,hepatitis-b,063_PNPK_2019_Tata_Laksana_Hepatitis_B.pdf,5,diagnosis,1,,NOT_CLINICALLY_VERIFIED,"diagnostik tersebut. Sirosis dan Karsinoma Hepatoselular (KHS) adalah dua keluaran klinis hepatitis B kronik yang tidak diterapi dengan tepat. Insidens kumulatif 5 tahun sirosis pada pasien dengan hepatitis B yang tidak diterapi menunjukkan angka 8-20%, dengan 20% dari jumlah ini akan berkembang menjadi sirosis dekompe"
P063-003,hepatitis-b,063_PNPK_2019_Tata_Laksana_Hepatitis_B.pdf,9,diagnosis,1,,NOT_CLINICALLY_VERIFIED,"Diagnosis Diagnosis hepatitis B ditegakkan berdasarkan anamnesis, pemeriksaan fisik, dan pemeriksaan penunjang"
P063-006,hepatitis-b,063_PNPK_2019_Tata_Laksana_Hepatitis_B.pdf,10,diagnosis,1,,NOT_CLINICALLY_VERIFIED,Anamnesis pasien dengan faktor risiko merupakan hal penting dalam diagnosis infeksi VHB. Pasien-pasien dengan faktor resiko merupakan kandidat untuk dilakukannya penapisan infeksi. Faktor risiko seseorang infeksi VHB antara lain: 1) Lahir dari daerah endemis infeksi VHB 2) Belum pernah mendapatkan vaksinasi dan lahir dari orang tua yang tinggal di daerah endemis hepatitis B 3) Berhub
P063-007,hepatitis-b,063_PNPK_2019_Tata_Laksana_Hepatitis_B.pdf,11,definition,1,,NOT_CLINICALLY_VERIFIED,HBsAg yang positif selama lebih dari 6 bulan merupakan kriteria diagnosis infeksi hepatitis B kronik. 2) HBcAg dan anti-HBc HbcAg merupakan protein inti dari virus dan diselimuti oleh HBsAg sehingga tidak terdeteksi di serum
P063-008,hepatitis-b,063_PNPK_2019_Tata_Laksana_Hepatitis_B.pdf,13,investigation,1,,NOT_CLINICALLY_VERIFIED,"emeriksaan fibrosis secara histologis dilakukan melalui biopsi hati. Biopsi hati merupakan standar emas untuk pemeriksaan gangguan hati dan tes paling spesifik untuk menilai Diagnosis hepatitis B dapat ditegakkan dari anamnesis, pemeriksaan fisik yang sesuai, dan pemeriksaan penunjang yang meliputi pemeriksaan serologi, pemeriksaan jumlah virus (DNA VHB), USG, transient ela"
P063-009,hepatitis-b,063_PNPK_2019_Tata_Laksana_Hepatitis_B.pdf,13,diagnosis,1,,NOT_CLINICALLY_VERIFIED,"Biopsi hati merupakan standar emas untuk pemeriksaan gangguan hati dan tes paling spesifik untuk menilai Diagnosis hepatitis B dapat ditegakkan dari anamnesis, pemeriksaan fisik yang sesuai, dan pemeriksaan penunjang yang meliputi pemeriksaan serologi, pemeriksaan jumlah virus (DNA VHB), USG, transient elastografi, dan biopsi perjalanan, maupun grading dan staging penyakit hati tertentu"
P063-010,hepatitis-b,063_PNPK_2019_Tata_Laksana_Hepatitis_B.pdf,13,diagnosis,1,,NOT_CLINICALLY_VERIFIED,Kriteria Diagnosis Infeksi VHB Hepatitis B Kronik 1. HBsAg seropositif > 6 bulan 2. DNA VHB serum >20.000 IU/mL (nilai yang lebih rendah 2000-20.000 IU/mL ditemukan pada HBeAg negatif) 3. Peningkatan ALT yang persisten maupun intermiten 4. Biopsi hati yang menunjukkan hepatitis kronik dengan derajat nekroinflamasi seda
P063-011,hepatitis-b,063_PNPK_2019_Tata_Laksana_Hepatitis_B.pdf,13,investigation,1,,NOT_CLINICALLY_VERIFIED,Biopsi hati yang menunjukkan hepatitis kronik dengan derajat nekroinflamasi sedang sampai berat Pengidap Inaktif 1
P063-012,hepatitis-b,063_PNPK_2019_Tata_Laksana_Hepatitis_B.pdf,17,investigation,1,,NOT_CLINICALLY_VERIFIED,"pemeriksaan penunjang lainnya. Indikasi terapi hepatitis B kronik dibedakan atas terapi pada kelompok pasien non sirosis dengan HBeAg positif, pasien non sirosis dengan HBeAg negatif, dan pasien sirosis. Indikasi terapi pada pasien HBeAg positif adalah sebagai berikut: a. HBV DNA > 2 x 104 IU/mL dengan kadar ALT >2x ba"
P064-003,hepatitis-c,064_PNPK_2019_Tata_Laksana_Hepatitis_C.pdf,12,symptoms,1,,NOT_CLINICALLY_VERIFIED,Manifestasi klinis infeksi hepatitis C akut bervariasi mulai dari asimptomatik (80%) sampai bergejala (20%) baik ringan maupun berat
P064-004,hepatitis-c,064_PNPK_2019_Tata_Laksana_Hepatitis_C.pdf,13,diagnosis,1,,NOT_CLINICALLY_VERIFIED,"Diagnosis Diagnosis hepatitis C ditegakkan berdasarkan anamnesis, pemeriksaan fisik, dan pemeriksaan penunjang"
P064-005,hepatitis-c,064_PNPK_2019_Tata_Laksana_Hepatitis_C.pdf,13,diagnosis,1,,NOT_CLINICALLY_VERIFIED,"Diagnosis hepatitis C akut dapat ditegakkan jika terjadi serokonversi anti-HCV pada pasien yang sebelumnya telah diketahui anti- HCV negatif, oleh karena tidak adanya penanda serologi yang dapat membuktikan infeksi akut VHC"
P064-006,hepatitis-c,064_PNPK_2019_Tata_Laksana_Hepatitis_C.pdf,13,symptoms,1,,NOT_CLINICALLY_VERIFIED,"Pada kasus pasien dengan gejala yang sesuai (alanine aminotransferase (ALT) >10x nilai batas atas normal, ikterik) tanpa adanya riwayat penyakit hati kronik atau penyebab lain hepatitis akut, dan/atau sumber penularan dapat diidentifikasi maka dapat di curigai hepatitis C akut, meskipun 80% infeksi hepatitis C akut bersifat asimptomatik"
P064-007,hepatitis-c,064_PNPK_2019_Tata_Laksana_Hepatitis_C.pdf,13,diagnosis,1,,NOT_CLINICALLY_VERIFIED,Diagnosis hepatitis C kronik dapat ditegakkan apabila anti-HCV dan RNA-VHC tetap terdeteksi >6 bulan sejak terinfeksi dengan atau tanpa gejala-gejala penyakit hati kronik
P064-011,hepatitis-c,064_PNPK_2019_Tata_Laksana_Hepatitis_C.pdf,18,diagnosis,1,,NOT_CLINICALLY_VERIFIED,"Diagnosis hepatitis C dapat ditegakkan dari anamnesis, pemeriksaan fisik yang sesuai, dan pemeriksaan penunjang yang meliputi pemeriksaan serologi, pemeriksaan jumlah virus (RNA VHC), USG, transient elastografi, dan biopsi"
P064-012,hepatitis-c,064_PNPK_2019_Tata_Laksana_Hepatitis_C.pdf,52,diagnosis,1,,NOT_CLINICALLY_VERIFIED,Pasien pasca transplantasi hati yang mengalami re-infeksi hepatitis C harus dipertimbangkan pemberian terapi antivirus setelah diagnosis hepatitis C kronik ditegakkan dan telah dibuktikan dengan histologi
P064-013,hepatitis-c,064_PNPK_2019_Tata_Laksana_Hepatitis_C.pdf,56,investigation,1,,NOT_CLINICALLY_VERIFIED,Pada umumnya pasien anak dengan infeksi hepatitis C tidak perlu dilakukan biopsi hati sebelum diterapi karena hasil biopsi hati tersebut tidak akan berpengaruh pada keputusan terapi
P064-014,hepatitis-c,064_PNPK_2019_Tata_Laksana_Hepatitis_C.pdf,62,differential,1,,NOT_CLINICALLY_VERIFIED,"Anamnesis dan pemeriksaan fisis penting untukdiagnosishepatitis C dan menyingkirkan diagnosis banding. (A1) 2. Pemeriksan anti-HCV dengan menggunakan teknik enzyme immunoassay atau chemiluminescent immunoassay (EIA atau CLIA) atau Rapid Diagnostic Test merupakan alat diagnostik awal untuk mendeteksi infeksi hepatitis C. (A1 untuk EIA atau CLIA, B1 untuk RDT) 3. Pemeriksaan RNA VHC dan muatan virus VHC"
P065-003,kanker-payudara,065_PNPK_2018_Tata_Laksana_Kanker_Payudara.pdf,13,diagnosis,2,,NOT_CLINICALLY_VERIFIED,"Kriteria Diagnosis 1. Anamnesis Pada anamnesis pasien, beberapa keluhan utama terkait yang biasanya digali dari pasien kanker payudara meliputi, ukuran dan letak benjolan payudara, kecepatan benjolannya tumbuh, apakah disertai dengan sakit, reaksi puting susu, apakah ada nipple discharge atau krusta, kelainan pada kuli"
P065-004,kanker-payudara,065_PNPK_2018_Tata_Laksana_Kanker_Payudara.pdf,19,symptoms,1,,NOT_CLINICALLY_VERIFIED,"Massa yang teraba adalah gambaran klinis tersering dari karsinoma payudara invasif. Selain itu dapat dijumpai retraksi kulit, inversi puting (nipple), nipple discharge dan dapat pula terdapat perubahan ukuran dan tekstur kulit payudara. Meskipun jarang, pasien dapat datang karena pembesaran kelenjar getah bening aksilla tanpa kelainan di payud"
P065-005,kanker-payudara,065_PNPK_2018_Tata_Laksana_Kanker_Payudara.pdf,23,investigation,2,,NOT_CLINICALLY_VERIFIED,Grade adalah faktor prognostik utama yang wajib dilaporkan dalam pelaporan hasil pemeriksaan histopatologi karsinoma payudara. Nilai grading adalah komponen kunci dalam penetapan clinical decision- making tools seperti Nottingham Prognostic Index dan Adjuvant! Online. Ini adalah program online yang dapat membantu tenaga kesehatan dan pasien dengan kanker awal untuk mendiskusikan risiko dan keuntung
P065-007,kanker-payudara,065_PNPK_2018_Tata_Laksana_Kanker_Payudara.pdf,36,diagnosis,2,,NOT_CLINICALLY_VERIFIED,"Rekomendasi Saat ini penetapan diagnosis kanker payudara sudah tidak bisa hanya berdasarkan gambaran morfologi, patologi, anatomi saja"
P065-010,kanker-payudara,065_PNPK_2018_Tata_Laksana_Kanker_Payudara.pdf,81,investigation,2,,NOT_CLINICALLY_VERIFIED,"Selain itu, perlu dinilai adanya kekambuhan, kekambuhan secara klinis melalui anamnesa, pemeriksaan fisik, pemeriksaan laboratorium, biomarker, dan pencitraan. Pandya et. al. melaporkan dari 175 penderita dengan kanker payudara yang mengalami kekambuhan, 38% mempunyai keluhan, 18.3% ditemukan pada pemeriksaan diri sendiri oleh penderita, 19.4% ditemukan dengan pemeriksaan oleh dokter, 12% dengan kelainan pada pemeriksaan da"
P065-011,kanker-payudara,065_PNPK_2018_Tata_Laksana_Kanker_Payudara.pdf,89,investigation,2,,NOT_CLINICALLY_VERIFIED,"Kanker payudara stadium 0 (TIS/T0, N0M0) pilihan terapi definitif pada T0 bergantung pada pemeriksaan histopatologi. Lokasi didasarkan pada hasil pemeriksaan radiologik. Kanker payudara stadium dini/operabel (stadium I dan II) dilakukan tindakan operasi Breast Conserving Therapy (BCT) (harus memenuhi persyaratan tertentu) lalu dilanjutkan terapi ajuvan operasi kemoterapi atau radioterapi. Kemoterapi ajuvan"
P065-012,kanker-payudara,065_PNPK_2018_Tata_Laksana_Kanker_Payudara.pdf,94,diagnosis,2,,NOT_CLINICALLY_VERIFIED,"use of complete pedigree information and the effect of misspecified ages at diagnosis of affected relatives. Springer-Verlag 1998:102:348-356 6. Haryono, Samuel J. 2012. Kanker payudara familial: penelusuran gena predisposisi terwaris dan perhitungan resiko. Disertasi Fakultas Kedokteran Universitas Gadjah Mada Yogyakarta, 2012 7. Monica Morrow, Phisical Examination of the Breast. In. Haris JR"
P065-013,kanker-payudara,065_PNPK_2018_Tata_Laksana_Kanker_Payudara.pdf,108,diagnosis,2,,NOT_CLINICALLY_VERIFIED,Diagnosis histopatologi masih merupakan diagnosis pasti (standar baku) untuk kanker payudara
P066-001,tindakan-resusitasi-stabilitasi-dan-tranpor-bayi-berat-lahir-r,066_PNPK_2018_Tata_Laksana_Tindakan_Resusitasi_Stabilitasi_dan_Tranpor_Bayi_Berat_Lahir_R.pdf,6,definition,1,,NOT_CLINICALLY_VERIFIED,Hal ini menunjukkan bahwa upaya resusitasi dan mengatasi gangguan pernapasan di awal kehidupan atau segera pasca-lahir merupakan faktor penting dalam menurunkan mortalitas bayi baru lahir
P066-002,tindakan-resusitasi-stabilitasi-dan-tranpor-bayi-berat-lahir-r,066_PNPK_2018_Tata_Laksana_Tindakan_Resusitasi_Stabilitasi_dan_Tranpor_Bayi_Berat_Lahir_R.pdf,39,definition,2,,NOT_CLINICALLY_VERIFIED,"STABILISASI PASCA-RESUSITASI Pencatatan perkembangan keadaan bayi maupun tindakan medis adalah penting. Dokumentasi ditulis dalam satu format formulir pemantauan yang mudah diisi, jelas, dan singkat. Pasca-resusitasi di kamar bersalin, bayi yang bermasalah harus distabilisasi untuk selanjutnya dirujuk ke perawatan yang lebih memadai. Upaya stabilisasi"
P066-005,tindakan-resusitasi-stabilitasi-dan-tranpor-bayi-berat-lahir-r,066_PNPK_2018_Tata_Laksana_Tindakan_Resusitasi_Stabilitasi_dan_Tranpor_Bayi_Berat_Lahir_R.pdf,85,diagnosis,1,,NOT_CLINICALLY_VERIFIED,Memerlukan uji diagnostik ataupun terapi khusus Tenaga kesehatan perujuk harus memiliki kompetensi melaksanakan stabilisasi dan resusitasi neonatus
P067-001,otitis-media-supuratif-kronik,067_PNPK_2018_Tata_Laksana_Otitis_Media_Supuratif_Kronik.pdf,7,diagnosis,2,,NOT_CLINICALLY_VERIFIED,"Pencarian studi individual dilakukan melalui situs PubMed, EBSCO, Cochrane, dan Science Direct menggunakan kata kunci suppurative otitis media, diagnosis, treatment, dan prognosis beserta sinonimnya yang dapat dilihat pada tabel"
P067-003,otitis-media-supuratif-kronik,067_PNPK_2018_Tata_Laksana_Otitis_Media_Supuratif_Kronik.pdf,25,symptoms,3,,NOT_CLINICALLY_VERIFIED,"Biopsi Massa Liang Telinga atau Telinga Tengah Kondisi yang jarang ditemukan, seperti inflamasi, tumor, atau pseudotumor di telinga tengah dapat menyebabkan tanda dan gejala yang menyerupai otitis media kronik dengan manifestasi umum berupa polip telinga tengah yang meluas ke liang telinga"
P067-004,otitis-media-supuratif-kronik,067_PNPK_2018_Tata_Laksana_Otitis_Media_Supuratif_Kronik.pdf,25,diagnosis,3,,NOT_CLINICALLY_VERIFIED,"Penelitian potong lintang oleh Xenellis J, dkk memperlihatkan hasil pemeriksaan histologis (biopsi) pada pasien dengan diagnosis otitis media kronik yang disertai polip di telinga tengah"
P067-005,otitis-media-supuratif-kronik,067_PNPK_2018_Tata_Laksana_Otitis_Media_Supuratif_Kronik.pdf,28,diagnosis,3,,NOT_CLINICALLY_VERIFIED,"2) Kriteria Diagnosis a) Anamnesis Yen Y, dkk mendapati bahwa 17.82% pasien dengan otitis media kronik mengalami gangguan pendengaran sensorineural dalam jangka waktu 1 tahun setelah diagnosis, 24.75% dalam jangka waktu 1-2 tahun, 22.77% dalam kurun waktu 3-4 tahun, dan 34.65% setelah lebih dari 5 tahun"
P067-006,otitis-media-supuratif-kronik,067_PNPK_2018_Tata_Laksana_Otitis_Media_Supuratif_Kronik.pdf,28,diagnosis,3,,NOT_CLINICALLY_VERIFIED,"Dengan demikian, pemeriksaan berkala untuk mendeteksi gangguan pendengaran sensorineural direkomendasikan, terutama dalam jangka waktu 4 tahun setelah diagnosis awal otitis media kronik. Perlu disingkirkan penyebab lain dari gangguan pendengaran sensorineural seperti riwayat trauma kepala, riwayat operasi di daerah telinga yang melibatkan pengeboran tulang, riwayat penyakit meningitis, serta penyakit sistemik yang dapat mempengaruhi pendenga"
P067-007,otitis-media-supuratif-kronik,067_PNPK_2018_Tata_Laksana_Otitis_Media_Supuratif_Kronik.pdf,31,definition,3,,NOT_CLINICALLY_VERIFIED,"Labirintitis juga dapat disebabkan oleh karena meningitis, baik yang merupakan komplikasi otitis media (timpanogenik) maupun tidak. Labirintitis serosa dan suppurativa dapat bersifat akut atau kronik. Tahap akhir dari labirintitis adalah sklerosis labirin.13Angka insidensi kelainan ini kecil (0.1% di Brazil), tetapi di negara berkembang masih menjadi permasalahan karena menimbulkan morbiditas bermakna seper"
P067-008,otitis-media-supuratif-kronik,067_PNPK_2018_Tata_Laksana_Otitis_Media_Supuratif_Kronik.pdf,32,definition,3,,NOT_CLINICALLY_VERIFIED,"iagnosis labirintitis supuratif akibat otitis media merupakan diagnosis klinis yaitu dengan adanya bukti infeksi telinga tengah disertai dengan gejala: (1) Vertigo tipe perifer yang berlangsung hingga beberapa hari (2) Nistagmus (3) Tinitus (4) Muntah (5) Gangguan pendengaran tipe sensorineural Jika infeksi berasal dari telinga tengah (dan/atau mastoid), ge"
P067-011,otitis-media-supuratif-kronik,067_PNPK_2018_Tata_Laksana_Otitis_Media_Supuratif_Kronik.pdf,105,diagnosis,2,,NOT_CLINICALLY_VERIFIED,A histological examination in the cases of initial diagnosis as chronic otitis media with a polypoid mass in the external ear canal
P068-001,katarak-pada-dewasa,068_PNPK_2018_Tata_Laksana_Katarak_Pada_Dewasa.pdf,5,definition,1,,NOT_CLINICALLY_VERIFIED,"Kekeruhan lensa mata yang disebut sebagai penyakit katarak dapat terjadi pada semua kelompok usia. Proses degenerasi merupakan penyebab katarak tersering, disamping faktor risiko lainnya, seperti paparan ultraviolet, penggunaan obat steroid dalam waktu lama, riwayat diabetes melitus, trauma mata, merokok dan lain-lain. Katarak masih merupakan penyebab utama kebutaan di"
P068-002,katarak-pada-dewasa,068_PNPK_2018_Tata_Laksana_Katarak_Pada_Dewasa.pdf,7,diagnosis,1,,NOT_CLINICALLY_VERIFIED,"Membuat rekomendasi berdasarkan bukti ilmiah untuk membantu para tenaga kesehatan, baik dokter umum maupun dokter spesialis mata dalam menegakkan diagnosis, mengevaluasi dan penatalaksanaan katarak. b. Memberikan rekomendasi bagi rumah sakit atau penentu kebijakan untuk penyusunan protokol setempat atau Panduan Praktik Klinis (PPK) dengan melakukan adaptasi terhadap Pedoman Nasional Pelayanan Kedokteran (PNPK) ini. D. Sasaran 1. Semua tenaga"
P068-003,katarak-pada-dewasa,068_PNPK_2018_Tata_Laksana_Katarak_Pada_Dewasa.pdf,10,definition,2,,NOT_CLINICALLY_VERIFIED,"(A) Anatomi mata, (B) Diagram lensa mata pada manusia dewasa Katarak adalah kekeruhan lensa yang menyebabkan penurunan ketajaman visual dan/atau cacat fungsional yang dirasakan oleh pasien"
P068-004,katarak-pada-dewasa,068_PNPK_2018_Tata_Laksana_Katarak_Pada_Dewasa.pdf,12,symptoms,1,,NOT_CLINICALLY_VERIFIED,Manifestasi Klinis Kekeruhan lensa terbentuk secara gradual pada sebagian besar jenis katarak
P068-005,katarak-pada-dewasa,068_PNPK_2018_Tata_Laksana_Katarak_Pada_Dewasa.pdf,12,symptoms,1,,NOT_CLINICALLY_VERIFIED,"Penurunan visus, merupakan keluhan yang paling sering dikeluhkan pasien dengan katarak senilis. 2"
P068-006,katarak-pada-dewasa,068_PNPK_2018_Tata_Laksana_Katarak_Pada_Dewasa.pdf,13,diagnosis,1,,NOT_CLINICALLY_VERIFIED,Penegakkan Diagnosis Diagnosis pasti katarak dilakukan dengan melihat kekeruhan pada lensa
P068-007,katarak-pada-dewasa,068_PNPK_2018_Tata_Laksana_Katarak_Pada_Dewasa.pdf,16,investigation,1,,NOT_CLINICALLY_VERIFIED,Pemeriksaan Penunjang Operasi katarak saat ini sebaiknya disertai dengan implantasi lensa intra okular (Intra Ocular Lens = IOL) yang disesuaikan dengan kondisi refraktif mata pasien
P068-008,katarak-pada-dewasa,068_PNPK_2018_Tata_Laksana_Katarak_Pada_Dewasa.pdf,30,investigation,1,,NOT_CLINICALLY_VERIFIED,"pemeriksaan mikrobiologi. G. Pelatihan dan Sertifikasi Operasi katarak membutuhkan pelatihan dan sertifikasi. Saat ini pendidikan operasi katarak sudah diberikan oleh institusi pendidikan pada pendidikan program pendidikan dokter spesialis (PPDS) mata di Indonesia, dimana sebagian besar memberikan pendidikan untuk tekn"
P069-003,tonsilitis,069_PNPK_2018_Tata_Laksana_Tonsilitis.pdf,16,symptoms,1,,NOT_CLINICALLY_VERIFIED,"Pada tonsilitis akut akibat infeksi virus, gejala yang timbul menyerupai common cold dan disertai nyeri tenggorok. 2)"
P069-005,tonsilitis,069_PNPK_2018_Tata_Laksana_Tonsilitis.pdf,17,symptoms,1,,NOT_CLINICALLY_VERIFIED,"Apabila terdapat pembesaran tonsil dan adenoid, keluhan yang timbul ialah gangguan bernafas saat tidur. Keluhan lainnya ialah bernafas lebih dominan menggunakan mulut, suara sengau, hidung berair yang kronis, infeksi telinga rekuren, mengorok, hingga sleep apnea. b. Gejala tonsilitis dapat timbul mendadak, mulai dari asimptomatik hingga gejala yang berat. Gejala ini"
P069-006,tonsilitis,069_PNPK_2018_Tata_Laksana_Tonsilitis.pdf,17,symptoms,1,,NOT_CLINICALLY_VERIFIED,"Gejala tonsilitis dapat timbul mendadak, mulai dari asimptomatik hingga gejala yang berat. Gejala ini antara lain: demam yang berlangsung 4-5 hari, rasa mengganjal di tenggorokan, tenggorokan terasa kering, pernafasan bau, pada pemeriksaan tonsil membesar dengan permukaan tidak rata, hiperemis, kriptus membesar dan terisi detritus, tidak nafsu makan, mudah lelah, pucat, letargi, nyeri kepa"
P069-007,tonsilitis,069_PNPK_2018_Tata_Laksana_Tonsilitis.pdf,18,diagnosis,1,,NOT_CLINICALLY_VERIFIED,Diagnosis Penetapan diagnosis klinik tonsilitis dalam praktik sangat beragam. Diagnosis tonsilitis dapat ditegakkan berdasarkan temuan klinik atau laboratorium atau tes tertentu. Gambar 3.1 Besar ukuran tonsil Diambil dari: Goldberg DC. Respiratory Disease or Quinsy. Canadian Health&Care Mall. Updated 15 Sept 2016. Available from: https:/
P069-008,tonsilitis,069_PNPK_2018_Tata_Laksana_Tonsilitis.pdf,18,diagnosis,1,,NOT_CLINICALLY_VERIFIED,Diagnosis tonsilitis dapat ditegakkan berdasarkan temuan klinik atau laboratorium atau tes tertentu
P069-009,tonsilitis,069_PNPK_2018_Tata_Laksana_Tonsilitis.pdf,26,diagnosis,1,,NOT_CLINICALLY_VERIFIED,"Diagnosis Banding a. Tonsilitis Difteri Gejala terbagi menjadi tiga golongan besar, yaitu gejala umum, gejala lokal, dan gejala akibat eksotoksin. Gejala umum sama seperti gejala infeksi lain, yaitu demam subfebris, nyeri kepala, tidak nafsu makan, badan lemah, nadi lambat dan keluhan nyeri menelan. Gejala lokal yang t"
P069-012,tonsilitis,069_PNPK_2018_Tata_Laksana_Tonsilitis.pdf,35,investigation,1,,NOT_CLINICALLY_VERIFIED,Tonsilitis yang membutuhkan biopsi untuk menentukan patologi anatomi terutama untuk hipertrofi tonsil unilateral. • Tonsilitis yang menimbulkan kejang demam. b) Indikasi relatif • Terjadi 3 episode atau lebih infeksi tonsil tiap tahun dengan terapi antibiotik adekuat. • Halitosis akibat tonsilitis kronik yang tidak membaik dengan pemberian terapi
P069-013,tonsilitis,069_PNPK_2018_Tata_Laksana_Tonsilitis.pdf,48,investigation,1,,NOT_CLINICALLY_VERIFIED,"AB IV SIMPULAN DAN REKOMENDASI Penegakan diagnosis tonsilitis dilakukan dari anamnesis, pemeriksaan fisik, dan pemeriksaan penunjang. Skor Centor dapat digunakan untuk memperkirakan diagnosis tonsilitis akibat infeksi streptokokus. Adapun pemeriksaan penunjang yang dapat dilakukan pada kasus tonsilitis ialah Rapid Antigen Test (RAT) dan kultur swab tenggorok. Tata laksana tonsilitis dengan pemberian antibiotik seharusnya terbat"
P069-014,tonsilitis,069_PNPK_2018_Tata_Laksana_Tonsilitis.pdf,48,investigation,1,,NOT_CLINICALLY_VERIFIED,Adapun pemeriksaan penunjang yang dapat dilakukan pada kasus tonsilitis ialah Rapid Antigen Test (RAT) dan kultur swab tenggorok
P070-002,kanker-serviks,070_PNPK_2018_Tata_Laksana_Kanker_Serviks.pdf,10,symptoms,1,,NOT_CLINICALLY_VERIFIED,"Bila telah menjadi kanker invasif, gejala yang paling umum adalah perdarahan (contact bleeding, perdarahan saat berhubungan intim) dan keputihan"
P070-003,kanker-serviks,070_PNPK_2018_Tata_Laksana_Kanker_Serviks.pdf,10,diagnosis,1,,NOT_CLINICALLY_VERIFIED,"Diagnosis Diagnosis ditegakkan atas dasar anamnesis, pemeriksaan klinik. Pemeriksaan klinik ini meliputi inspeksi, kolposkopi, biopsi serviks, sistoskopi, rektoskopi, USG, BNO-IVP, foto toraks dan bone scan, CT scan atau MRI, serta PET scan. Kecurigaan metastasis ke kandung kemih atau rektum harus dikonfirmasi dengan biopsi dan"
P070-004,kanker-serviks,070_PNPK_2018_Tata_Laksana_Kanker_Serviks.pdf,10,investigation,1,,NOT_CLINICALLY_VERIFIED,"Pemeriksaan klinik ini meliputi inspeksi, kolposkopi, biopsi serviks, sistoskopi, rektoskopi, USG, BNO-IVP, foto toraks dan bone scan, CT scan atau MRI, serta PET scan"
P070-005,kanker-serviks,070_PNPK_2018_Tata_Laksana_Kanker_Serviks.pdf,10,investigation,2,,NOT_CLINICALLY_VERIFIED,"Kecurigaan metastasis ke kandung kemih atau rektum harus dikonfirmasi dengan biopsi dan histologik. Konisasi dan amputasi serviks dianggap sebagai pemeriksaan klinik. Khusus pemeriksaan sistoskopi dan rektoskopi dilakukan hanya pada kasus dengan stadium IB2 atau lebih. Stadium kanker serviks didasarkan atas pemeriksaan klinik. Oleh karena itu, pemeriksaan harus cermat dan bila diperlukan dapat"
P071-002,thalasemia,071_PNPK_2018_Tata_Laksana_Thalasemia.pdf,6,diagnosis,1,,NOT_CLINICALLY_VERIFIED,"diagnostik, sehingga tidak terdeteksi (under-diagnosed). Gambar 3. Distribusi Thalasemia mayor di Indonesia (Sumber: Data Unit Kerja Koordinasi Hematologi Onkologi Anak Indonesia 2014) Data Pusat Thalassemia, Departemen Ilmu Kesehatan Anak, FKUI- RSCM, sampai dengan bulan mei 2014 terdapat 1.723 pasien dengan rentang u"
P071-003,thalasemia,071_PNPK_2018_Tata_Laksana_Thalasemia.pdf,13,diagnosis,1,,NOT_CLINICALLY_VERIFIED,) Kelasi besi apa yang efektif dalam mengambil timbunan besi di hati ? 4) Bagaimana mendiagnosis komplikasi endokrin dan tata laksana pasien thalasemia dengan: a) Perawakan pendek b) Pubertas terlambat c) Diabetes melitus d) Hipotiroidism e) Hipoparatiroidsm f) Osteoporosis/osteopenia 5) Mengatasi infeksi pada pasien thalassemia a) Bagaimana menangani demam akut pada pasien thalassemia? b) Bagaimana m
P072-003,kanker-prostat,072_PNPK_2018_Tata_Laksana_Kanker_Prostat.pdf,11,diagnosis,2,,NOT_CLINICALLY_VERIFIED,"Diagnosis Kanker prostat stadium awal hampir selalu tanpa gejala. Kecurigaan akan meningkat dengan adanya gejala lain seperti nyeri tulang, fraktur patologis ataupun penekanan sumsum tulang. Untuk itu, dianjurkan pemeriksaan PSA usia 50 tahun, sedangkan yang mempunyai riwayat keluarga dianjurkan untuk pemeriksaan PSA l"
P072-004,kanker-prostat,072_PNPK_2018_Tata_Laksana_Kanker_Prostat.pdf,12,investigation,2,,NOT_CLINICALLY_VERIFIED,"idapatkan dari hasil biopsi prostat atau spesimen operasi berupa adenokarsinoma. Selain itu, pemeriksaan histopatologis akan menentukan derajat dan penyebaran tumor. 1. Colok Dubur Kebanyakan kanker prostat terletak di zona perifer prostat dan dapat dideteksi dengan colok dubur jika volumenya sudah ≥ 0.2 ml. Jika terdapat kecurigaan dari c"
P072-005,kanker-prostat,072_PNPK_2018_Tata_Laksana_Kanker_Prostat.pdf,12,investigation,2,,NOT_CLINICALLY_VERIFIED,"Jika terdapat kecurigaan dari colok dubur berupa nodul keras, asimetrik, dan berbenjol-benjol, maka kecurigaan tersebut dapat menjadi indikasi biopsi prostat. 18% dari seluruh penderita kanker prostat terdeteksi hanya dari colok dubur saja, dibandingkan dengan kadar PSA"
P072-006,kanker-prostat,072_PNPK_2018_Tata_Laksana_Kanker_Prostat.pdf,12,diagnosis,2,,NOT_CLINICALLY_VERIFIED,"Prostate-Specific Antigen (PSA) Pemeriksaan kadar PSA telah mengubah kriteria diagnosis dari kanker prostat. PSA adalah serine-kalikrein protease yang hampir seluruhnya diproduksi oleh sel epitel prostat. Pada prakteknya, PSA adalah organ spesifik namun bukan kanker spesifik. Maka itu peningkatan kadar PSA juga dijumpai pada BPH, prostatitis, dan keadaan non-maligna lainnya. Kadar PSA s"
P072-007,kanker-prostat,072_PNPK_2018_Tata_Laksana_Kanker_Prostat.pdf,12,investigation,2,,NOT_CLINICALLY_VERIFIED,"Indikasi biopsi Tindakan biopsi prostat sebaiknya ditentukan berdasarkan kadar PSA, kecurigaan pada pemeriksaan colok dubur atau temuan metastasis yang diduga dari kanker prostat"
P072-008,kanker-prostat,072_PNPK_2018_Tata_Laksana_Kanker_Prostat.pdf,14,differential,1,,NOT_CLINICALLY_VERIFIED,Diagnosis Banding a. Benign Prostat Hiperplasia; b. Acute Bacterial Prostatitis dan Abses Prostat; c. Bacterial Prostatitis; d. Non Bacterial Prostatitis; e. TB System Genitourinaria. 6. Pemeriksaan Histopatologi dari Patologi Anatomi Laporan patologi anatomi memberikan informasi penting mengenai karakteristik dan prog
P072-010,kanker-prostat,072_PNPK_2018_Tata_Laksana_Kanker_Prostat.pdf,20,diagnosis,2,,NOT_CLINICALLY_VERIFIED,"diagnosis dan pengobatan kanker prostat. Status kesehatan dan komobiditas, tidak hanya usia, sangat penting ditentukan secara individu. Penilaian awal dapat dilakukan dengan sistem skoring ECOG dan Karnofsky score. The International SIOG PCa Working Group merekomendasikan pengobatan penderita usia lanjut perlu dilakuka"
P072-013,kanker-prostat,072_PNPK_2018_Tata_Laksana_Kanker_Prostat.pdf,61,symptoms,2,,NOT_CLINICALLY_VERIFIED,Gejala yang mungkin timbul pada pasien CRPC adalah seperti pada umumnya gejala penderita kanker prostat stadium lanjut
P073-004,kanker-kolorektal,073_PNPK_2018_Tata_Laksana_Kanker_Kolorektal.pdf,34,investigation,1,,NOT_CLINICALLY_VERIFIED,"itentukan dari hasil pemeriksaan histopatologi. Secara histopatologi, polip dapat dibedakan menjadi polip neoplastik (adenoma dan kanker) serta polip non-neoplastik. Secara morfologi, polip dapat berbentuk sesil (dasar lebar) atau pedunkulata (bertangkai). Literatur juga menyebut adanya polip datar (flat) atau deprassed. Metode yang diguna"
P073-008,kanker-kolorektal,073_PNPK_2018_Tata_Laksana_Kanker_Kolorektal.pdf,94,symptoms,1,,NOT_CLINICALLY_VERIFIED,Keluhan yang sering muncul dari pasien kanker adalah komunikasi yang buruk dengan para profesional kesehatan serta kurangnya rawatan lanjutan
P073-013,kanker-kolorektal,073_PNPK_2018_Tata_Laksana_Kanker_Kolorektal.pdf,112,investigation,1,,NOT_CLINICALLY_VERIFIED,"emeriksaan dan pemeriksaan penunjang pada pasien kanker, yaitu: a. Pemeriksaan Pemeriksaan nyeri, uji dekondisi, uji fungsi kardiorespirasi; uji kemampuan fungsional dan perawatan (Barthel Index, Karnofsky Performance Scale), pemeriksaan psikososial dan spiritual, evaluasi orthosis dan alat bantu jalan, pemeriksaan kedokteran fisik d"
P073-014,kanker-kolorektal,073_PNPK_2018_Tata_Laksana_Kanker_Kolorektal.pdf,117,diagnosis,2,,NOT_CLINICALLY_VERIFIED,"Diagnosis Diagnosis kanker kolorektal ditegakkan berdasarkan anamnesis, pemeriksaan fisik, dan pemeriksaan penunjang"
P074-001,penyakit-ginjal-tahap-akhir,074_PNPK_2017_Tata_Laksana_Penyakit_Ginjal_Tahap_Akhir.pdf,3,definition,4,,NOT_CLINICALLY_VERIFIED,"Mengesahkan dan memberlakukan Pedoman Nasional Pelayanan Kedokteran Tata Laksana Penyakit Ginjal Tahap Akhir. KEDUA : Pedoman Nasional Pelayanan Kedokteran Tata Laksana Penyakit Ginjal Tahap Akhir, yang selanjutnya disebut PNPK Penyakit Ginjal Tahap Akhir merupakan pedoman bagi dokter sebagai pembuat keputusan klinis di fasilitas pelayanan kesehatan, institusi pendidikan, dan kelompok profesi terka"
P074-002,penyakit-ginjal-tahap-akhir,074_PNPK_2017_Tata_Laksana_Penyakit_Ginjal_Tahap_Akhir.pdf,3,definition,4,,NOT_CLINICALLY_VERIFIED,"Pedoman Nasional Pelayanan Kedokteran Tata Laksana Penyakit Ginjal Tahap Akhir, yang selanjutnya disebut PNPK Penyakit Ginjal Tahap Akhir merupakan pedoman bagi dokter sebagai pembuat keputusan klinis di fasilitas pelayanan kesehatan, institusi pendidikan, dan kelompok profesi terkait"
P074-004,penyakit-ginjal-tahap-akhir,074_PNPK_2017_Tata_Laksana_Penyakit_Ginjal_Tahap_Akhir.pdf,83,diagnosis,1,,NOT_CLINICALLY_VERIFIED,"mendiagnosis hipoglikemia. Hal ini telah dilaporkan pada beberapa literatur dan dilaporkan berperan dalam menyebabkan satu kematian. Kesalahan ini biasanya terjadi di tempat dan situasi dimana staf medis tidak mengenal prinsip DP, misalnya pada unit gawat darurat dan bangsal non-ginjal. Saat ini pemecahan masalah ini s"
P074-005,penyakit-ginjal-tahap-akhir,074_PNPK_2017_Tata_Laksana_Penyakit_Ginjal_Tahap_Akhir.pdf,92,investigation,1,,NOT_CLINICALLY_VERIFIED,"Persiapan Resipien Transplantasi Ginjal Persiapan untuk resipien mencakup pemeriksaan awal mengenai kondisi umum dan nutrisi serta pemeriksaan penunjang untuk menilai risiko rejeksi akut. Pemeriksaan awal resipien mencakup: 1) Anamnesis, pemeriksaan fisik semua sistem dan pemeriksaan penunjang untuk menilai kondisi pasien untuk menjalani operasi dan menilai adanya kontraindikasi transplantasi. 2) Penilaian status nutrisi. Penilaian untuk men"
P074-006,penyakit-ginjal-tahap-akhir,074_PNPK_2017_Tata_Laksana_Penyakit_Ginjal_Tahap_Akhir.pdf,100,investigation,1,,NOT_CLINICALLY_VERIFIED,"8) Mengingatkan operator untuk mengambil biopsi ginjal transplan. 4. TATALAKSANA PASCAOPERASI a. Latar belakang Tatalaksana pascaoperasi dimulai segera sejak resipien menjalani operasi, pasca-perawatan di rumah sakit sampai dengan diketahui terdapat kegagalan graft maupun kematian. Rejeksi akut tetap merupakan komplikasi utama pada transplantasi ginjal. Secar"
P074-007,penyakit-ginjal-tahap-akhir,074_PNPK_2017_Tata_Laksana_Penyakit_Ginjal_Tahap_Akhir.pdf,101,diagnosis,1,,NOT_CLINICALLY_VERIFIED,"diagnosis klinis rejeksi akut. Sebelum mengobati rejeksi akut, biopsi ginjal direkomendasikan, kecuali pada keadaan dimana tindakan biopsi akan memperlambat terapi. Terapi tetap diberikan pada rejeksi akut yang bersifat subklinis maupun borderline"
P074-008,penyakit-ginjal-tahap-akhir,074_PNPK_2017_Tata_Laksana_Penyakit_Ginjal_Tahap_Akhir.pdf,101,investigation,1,,NOT_CLINICALLY_VERIFIED,"Sebelum mengobati rejeksi akut, biopsi ginjal direkomendasikan, kecuali pada keadaan dimana tindakan biopsi akan memperlambat terapi"
P074-009,penyakit-ginjal-tahap-akhir,074_PNPK_2017_Tata_Laksana_Penyakit_Ginjal_Tahap_Akhir.pdf,102,diagnosis,1,,NOT_CLINICALLY_VERIFIED,Diagnosis CAI berdasarkan per-eksklusionam ditandai dengan penurunan progresif fungsi graft yang tidak disebabkan oleh rekurensi penyakit ataupun penyebab lainnya
P075-006,lakasana-komplikasi-kehamilan,075_PNPK_2017_Tata_Lakasana_Komplikasi_Kehamilan.pdf,30,diagnosis,1,,NOT_CLINICALLY_VERIFIED,AB III KLASIFIKASI DAN DIAGNOSIS PREEKLAMPSIA Preeklampsia merupakan kondisi spesifik pada kehamilan yang ditandai dengan adanya disfungsi plasenta dan respon maternal terhadap adanya inflamasi sistemik dengan aktivasi endotel dan koagulasi
P075-007,lakasana-komplikasi-kehamilan,075_PNPK_2017_Tata_Lakasana_Komplikasi_Kehamilan.pdf,30,diagnosis,1,,NOT_CLINICALLY_VERIFIED,Diagnosis preeklampsia ditegakkan berdasarkan adanya hipertensi spesifik yang disebabkan kehamilan disertai dengan gangguan sistem organ lainnya pada usia kehamilan diatas 20 minggu
P075-008,lakasana-komplikasi-kehamilan,075_PNPK_2017_Tata_Lakasana_Komplikasi_Kehamilan.pdf,30,diagnosis,1,,NOT_CLINICALLY_VERIFIED,"Sedangkan, untuk edema tidak lagi dipakai sebagai kriteria diagnostik karena sangat banyak ditemukan pada wanita dengan kehamilan normal"
P075-011,lakasana-komplikasi-kehamilan,075_PNPK_2017_Tata_Lakasana_Komplikasi_Kehamilan.pdf,36,definition,1,,NOT_CLINICALLY_VERIFIED,"Pencegahan tersier berarti pencegahan dari komplikasi yang disebabkan oleh proses penyakit, sehingga pencegahan ini juga merupakan tata laksana, yang akan dibahas pada bab selanjutnya"
P076-001,epilepsi-pada-anak,076_PNPK_2017_Tata_Laksana_Epilepsi_Pada_Anak.pdf,22,diagnosis,1,,NOT_CLINICALLY_VERIFIED,AB IV DIAGNOSIS Diagnosis epilepsi dapat ditegakkan apabila terdapat dua atau lebih episode kejang tanpa provokasi dengan interval 24 jam atau lebih atau apabila terdapat manifestasi khas suatu sindrom epilepsi
P076-002,epilepsi-pada-anak,076_PNPK_2017_Tata_Laksana_Epilepsi_Pada_Anak.pdf,22,definition,2,,NOT_CLINICALLY_VERIFIED,"epilepsi. Kejang tanpa provokasi adalah kejang yang tidak dicetuskan oleh demam, gangguan elektrolit atau metabolik akut, trauma, atau kelainan intrakranial akut lainnya. Diagnosis epilepsi pada anak dan remaja dapat ditegakkan oleh dokter spesialis anak yang sudah dilatih dan/atau pakar di bidang epilepsi. A. DIAGNOSI"
P076-004,epilepsi-pada-anak,076_PNPK_2017_Tata_Laksana_Epilepsi_Pada_Anak.pdf,22,diagnosis,1,,NOT_CLINICALLY_VERIFIED,DIAGNOSIS KEJANG EPILEPTIK Diagnosis epilepsi merupakan diagnosis klinis yang terutama ditegakkan atas dasar anamnesis dan pemeriksaan fisis-neurologis
P076-005,epilepsi-pada-anak,076_PNPK_2017_Tata_Laksana_Epilepsi_Pada_Anak.pdf,22,differential,1,,NOT_CLINICALLY_VERIFIED,"Diagnosis banding kejang epileptic Diagnosis banding epilepsi adalah kejang non-epileptik dan serangan paroksismal bukan kejang (peringkat bukti 5, derajat rekomendasi C)"
P076-007,epilepsi-pada-anak,076_PNPK_2017_Tata_Laksana_Epilepsi_Pada_Anak.pdf,24,diagnosis,1,,NOT_CLINICALLY_VERIFIED,"DIAGNOSIS SINDROM EPILEPSI Setelah diagnosis epilepsi ditegakkan dan tipe kejang diketahui, perlu ditentukan apakah epilepsi pada pasien termasuk dalam sindrom klinis tertentu"
P076-008,epilepsi-pada-anak,076_PNPK_2017_Tata_Laksana_Epilepsi_Pada_Anak.pdf,24,diagnosis,1,,NOT_CLINICALLY_VERIFIED,"Sindrom epilepsi yang sering dijumpai Sindrom Kriteria diagnosis Epilepsi infantil familial - Diturunkan secara autosomal dominan benigna - Kejang tanpa demam dimulai pada usia 6 bulan dan sudah menghilang pada usia 2 tahun - Kejang fokal tonik atau klonik dengan atau tanpa automatisasi, dapat campuran dan sering didahului apnea - Perkembangan psikomotor normal"
P076-009,epilepsi-pada-anak,076_PNPK_2017_Tata_Laksana_Epilepsi_Pada_Anak.pdf,27,investigation,2,,NOT_CLINICALLY_VERIFIED,"PEMERIKSAAN PENUNJANG DALAM DIAGNOSIS EPILEPSI 1. Elektroensefalografi Walaupun EEG secara rutin dilakukan pada kejang tanpa provokasi pertama dan pada (dugaan) epilepsi, pemeriksaan ini bukanlah baku emas untuk menegakkan diagnosis epilepsi. Kelainan pada EEG dapat ditemukan pada 2-4% anak yang tidak pernah kejang; se"
P076-010,epilepsi-pada-anak,076_PNPK_2017_Tata_Laksana_Epilepsi_Pada_Anak.pdf,28,symptoms,1,,NOT_CLINICALLY_VERIFIED,"Epilepsi fokal berdasarkan gambaran klinis atau EEG (peringkat buktiperingkat bukti 2, derajat rekomendasi A) b"
P076-011,epilepsi-pada-anak,076_PNPK_2017_Tata_Laksana_Epilepsi_Pada_Anak.pdf,35,diagnosis,1,,NOT_CLINICALLY_VERIFIED,"Keamanan (safety) Ketika diagnosis epilepsi ditegakkan, hal yang menjadi kekhawatiran orangtua adalah keamanan"
P077-001,infeksi-intraabdominal,077_PNPK_2017_Tata_Laksana_Infeksi_Intraabdominal.pdf,5,definition,2,,NOT_CLINICALLY_VERIFIED,Latar Belakang Penyakit infeksi intraabdominal adalah infeksi pada peritoneum sebagai akibat invasi mikroba pada peritoneum
P077-002,infeksi-intraabdominal,077_PNPK_2017_Tata_Laksana_Infeksi_Intraabdominal.pdf,5,definition,2,,NOT_CLINICALLY_VERIFIED,"Secara patologis, infeksi pada peritoneum dapat berupa peritonitislokal atau generalisata dan abses intraabdominal. Secara epidemiologi klinis, infeksi intraabdominal adalah salah satu masalah bedah yang paling sering ditemukan dan tidak jarang merupakan masalah bedah kompleks yang memberikan tantangan tersendiri bagi dokter spesialis bedah dan para dokter spesialis lainnya yang terlibat. Situasi klinis yang ditemuka"
P077-003,infeksi-intraabdominal,077_PNPK_2017_Tata_Laksana_Infeksi_Intraabdominal.pdf,8,diagnosis,2,,NOT_CLINICALLY_VERIFIED,"Masih tingginya angka morbiditas dan angka mortalitas pasien infeksi intraabdominal komplikata terutama karena keterlambatan rujukan, keterlambatan diagnosis, ketidaktepatan atau komplikasi terapi bedah awal, dan pemberian antibiotika yang tidak rasional, serta terbatasnya fasilitas perawatan intensif di berbagai rumah sakit. e"
P077-004,infeksi-intraabdominal,077_PNPK_2017_Tata_Laksana_Infeksi_Intraabdominal.pdf,11,diagnosis,2,,NOT_CLINICALLY_VERIFIED,"Pedoman dan penelaahan bertitik tolak dari berbagai permasalahan klinik aktual di dalam pengelolaan infeksi intraabdominal komplikata, mulai dari masalah diagnosis, resusitasi, terapi bedah, antimikroba, terapi suportif, serta perawatan holistik perioperatif"
P077-005,infeksi-intraabdominal,077_PNPK_2017_Tata_Laksana_Infeksi_Intraabdominal.pdf,12,diagnosis,2,,NOT_CLINICALLY_VERIFIED,• Artikel jurnal berupa penelitian orisinal baik dalam bentuk penelitian klinis diagnostik maupun terapeutik dan prognosis yang menyangkut infeksi intraabdominal komplikata pada berbagai tingkat eviden. • Artikel jurnal yang berupa panduan klinis pengelolaan infeksi intraabdominal komplikata. • Panduan klinik pengelolaan infeksi intraabdominal yang diterbitkan oleh berbagai situs web organisasi profesi yang berkaitan dengan pengelolaan infek
P077-006,infeksi-intraabdominal,077_PNPK_2017_Tata_Laksana_Infeksi_Intraabdominal.pdf,14,diagnosis,2,,NOT_CLINICALLY_VERIFIED,Diagnosis dan Evaluasi Apa saja prosedur diagnostik awal yang paling tepat untuk mengevaluasi pasien yang dicurigai menderita infeksi intraabdominal? Diagnosis dimulai dari anamnesis dan pemeriksaan fisik diagnostik standar dengan fokus pada tanda-tanda dan gejala inflamasi sistemik dan masalah abdomen
P077-009,infeksi-intraabdominal,077_PNPK_2017_Tata_Laksana_Infeksi_Intraabdominal.pdf,16,investigation,2,,NOT_CLINICALLY_VERIFIED,"Derajat sepsis menentukan jenis resusitasi, pemberian jenis antimikroba, pemilihan pemeriksaan radiologis, dan urgensi intervensi bedah. Prosedur diagnostik radiologis awal yang digunakan untuk mengevaluasi pasien yang dicurigai menderita infeksi intraabdominal antara lain: a. Foto polos perut yang sering menjadi analisis pencitraan pertama untuk pasien dengan infeksi intraabdominal. b. Foto tegak be"
P077-010,infeksi-intraabdominal,077_PNPK_2017_Tata_Laksana_Infeksi_Intraabdominal.pdf,16,diagnosis,2,,NOT_CLINICALLY_VERIFIED,Prosedur diagnostik radiologis awal yang digunakan untuk mengevaluasi pasien yang dicurigai menderita infeksi intraabdominal antara lain: a
P079-003,trauma,079_PNPK_2017_Tata_Laksana_Trauma.pdf,7,diagnosis,1,,NOT_CLINICALLY_VERIFIED,"Perlu dipahami bahwa reaksi setiap individu terhadap prosedur diagnostik atau terapi pasien trauma sangat bervariasi, oleh karena itu dokter harus bekerja bersama secara tim dalam tim trauma, dan melakukan konsultasi apabila dia merasa tidak menguasai atau ragu dalam menegakkan diagnosis, maupun memberikan terapi"
P079-004,trauma,079_PNPK_2017_Tata_Laksana_Trauma.pdf,7,diagnosis,1,,NOT_CLINICALLY_VERIFIED,"diagnosis, maupun memberikan terapi. Apabila terjadi suatu kejadian akibat tindakan dokter, merupakan tanggung jawab dokter yang bersangkutan. C. Permasalahan Permasalahan Tata Laksana trauma di Indonesia sangat bervariasi dan dihadapkan pada banyak kendala, antara lain: 1. Belum ada Pedoman Tata Laksana Pasien Trauma"
P079-005,trauma,079_PNPK_2017_Tata_Laksana_Trauma.pdf,62,symptoms,1,,NOT_CLINICALLY_VERIFIED,"Studi prospektif oleh Jergens dkk5 mendapatkan 573 pasien trauma, 1.2% mengalami cedera vertebra dan semua pasien tersebut didapatkan gejala klinis. Kreipke dkk6 melakukan studi prospektif pada 860 pasien trauma untuk menentukan gejala klinis dalam memprediksi trauma vertebra, didapatkan 2.8% dengan cedera vertebra dan semua pasien tersebut mengalami gejala klinis. Beberapa studi menyimpulkan bahwa foto servikal dengan 3 view, yaitu lateral"
P079-006,trauma,079_PNPK_2017_Tata_Laksana_Trauma.pdf,62,symptoms,1,,NOT_CLINICALLY_VERIFIED,"Kreipke dkk6 melakukan studi prospektif pada 860 pasien trauma untuk menentukan gejala klinis dalam memprediksi trauma vertebra, didapatkan 2.8% dengan cedera vertebra dan semua pasien tersebut mengalami gejala klinis"
P079-008,trauma,079_PNPK_2017_Tata_Laksana_Trauma.pdf,77,diagnosis,1,,NOT_CLINICALLY_VERIFIED,"Prospective comparison of axial computed tomography and standard and panoramic radiographs in the diagnosis of mandibular fractures. Ann Plast Surg. 1999;42:163-9. 11. Siang-Hiong G, Boon-Yong L. Radiologic screening for midfacial fractures: A single 30-degree occipitomental view is enough. J Trauma-Injury Infect & Crit Care 2002 ; 52: 688-92 12. Pogrel MA, Podlesh SW, Goldman KE. Efficacy of a single occipitomenta"
P079-009,trauma,079_PNPK_2017_Tata_Laksana_Trauma.pdf,78,diagnosis,1,,NOT_CLINICALLY_VERIFIED,"Penanganan penderita trauma maksilofasial, Trauma Maksilofasial Diagnosis & Penatalaksanaannya, 1st ed. Dept. Ilmu Bedah- RSUD Dr. Soetomo Surabaya , 2006"
P079-010,trauma,079_PNPK_2017_Tata_Laksana_Trauma.pdf,81,diagnosis,1,,NOT_CLINICALLY_VERIFIED,"diagnosis yang terlambat. Intervensi operatif selektif pada luka tembus leher memberikan hasil eksplorasi negatif yang lebih sedikit dengan mortalitas yang komparatif dengan mandatori eksplorasi pembedahan. Pada penelitian pemeriksaan CT angiography terhadap 175 penderita trauma leher dengan dugaan cedera vaskular , 27"
P079-012,trauma,079_PNPK_2017_Tata_Laksana_Trauma.pdf,101,investigation,1,,NOT_CLINICALLY_VERIFIED,"Berkaitan dengan inadekuatnya pemeriksaan fisik, ahli bedah trauma mulai bergantung pada pemeriksaan penunjang. Modalitas yang biasa digunakan adalah DPL (Diagnostic Peritoneal Lavage), FAST dan CT Scan. Beberapa faktor yang mempengaruhi pemilihan tes diagnosis, antara lain tipe rumah sakit: pusat trauma vs non-trauma, akses modalitas yang tersedia, pengalaman ahli bedah pada modalitas yang ada. Masing-mas"
P080-001,penyakit-hirschprung,080_PNPK_2017_Tata_Laksana_Penyakit_Hirschprung.pdf,4,symptoms,1,,NOT_CLINICALLY_VERIFIED,"gejala klinis berupa gangguan pasase usus. Penyakit ini pertama kali ditemukan oleh Harold Hirschsprung pada tahun 1886, namun patofisiologi terjadinya penyakit ini tidak diketahui secara pasti. Pada tahun 1940, Robertson dan Kernohan mempublikasikan penyebab penyakit hirschsprung adalah tidak dijumpai pleksus auerbach"
P080-002,penyakit-hirschprung,080_PNPK_2017_Tata_Laksana_Penyakit_Hirschprung.pdf,9,definition,1,,NOT_CLINICALLY_VERIFIED,"Definisi Penyakit Hirschsprung adalah suatu kelainan bawaan berupa tidak adanya ganglion pada usus besar, mulai dari sfingter ani interna ke arah proksimal, termasuk rektum, dengan gejala klinis berupa gangguan pasase usus"
P080-004,penyakit-hirschprung,080_PNPK_2017_Tata_Laksana_Penyakit_Hirschprung.pdf,9,diagnosis,1,,NOT_CLINICALLY_VERIFIED,"Diagnosis Diagnosis penyakit hirschsprung harus ditegakkan sedini mungkin. Keterlambatan diagnosis dapat menyebabkan berbagai komplikasi seperti enterokolitis, perforasi usus, dan sepsis, yang merupakan penyebab kematian tersering. Pada tahun 1946, Ehrenpreis dalam tesisnya"
P080-005,penyakit-hirschprung,080_PNPK_2017_Tata_Laksana_Penyakit_Hirschprung.pdf,10,diagnosis,1,,NOT_CLINICALLY_VERIFIED,engenai etiologi dan patogenesis penyakit hirschsprung menekankan bahwa diagnosis penyakit hirschsprung dapat ditegakkan pada masa neonatal
P080-006,penyakit-hirschprung,080_PNPK_2017_Tata_Laksana_Penyakit_Hirschprung.pdf,10,diagnosis,1,,NOT_CLINICALLY_VERIFIED,"Berbagai teknologi tersedia untuk penegakan diagnosis penyakit hirschsprung, Namun demikian dengan melakukan anamnesis yang cermat, pemeriksaan fisis yang teliti, pemeriksaan radiografik, serta pemeriksaan patologi anatomik biopsi isap rektum, diagnosis penyakit hirschsprung pada sebagian besar kasus dapat ditegakkan"
P080-007,penyakit-hirschprung,080_PNPK_2017_Tata_Laksana_Penyakit_Hirschprung.pdf,10,symptoms,1,,NOT_CLINICALLY_VERIFIED,"Gambaran Klinis Manifestasi klinis penyakit hirschsprung yang khas biasanya terjadi pada neonatus cukup bulan dengan keterlambatan evakuasi mekonium pertama, selanjutnya diikuti dengan distensi abdomen dan muntah hijau atau fekal, mirip tanda-tanda obstruksi usus setinggi ileum atau lebih distal"
P080-008,penyakit-hirschprung,080_PNPK_2017_Tata_Laksana_Penyakit_Hirschprung.pdf,10,definition,1,,NOT_CLINICALLY_VERIFIED,"Swenson pada tahun 1973 mendapatkan tanda distensi abdomen pada 87.1% kasus penyakit hirschsprung neonatal. Distensi abdomen merupakan manifestasi obstruksi usus letak rendah dan dapat disebabkan oleh kelainan lain, seperti atresia ileum dan Iain-lain. Muntah yang berwarna hijau sering terjadi pada penyakit hirschsprung. Penyakit hirschsprung dengan komplikasi enterokolitis menampilkan distens"
P080-009,penyakit-hirschprung,080_PNPK_2017_Tata_Laksana_Penyakit_Hirschprung.pdf,10,investigation,1,,NOT_CLINICALLY_VERIFIED,Pemeriksaan Radiologis Pemeriksaan foto polos abdomen dan khususnya pemeriksaan enema barium merupakan pemeriksaan diagnostik terpenting untuk mendeteksi penyakit hirschsprung secara dini pada neonatus
P080-010,penyakit-hirschprung,080_PNPK_2017_Tata_Laksana_Penyakit_Hirschprung.pdf,14,investigation,1,,NOT_CLINICALLY_VERIFIED,"Pemeriksaan Histopatologi 1. Biopsi Seluruh Tebal Dinding Rektum Diagnosis patologi-anatomik penyakit hirschsprung dilakukan melalui prosedur biopsi yang dilaporkan oleh Swenson pada tahun 1955 dengan eksisi seluruh tebal dinding muskulus rektum, sehingga pleksus mienterik dapat diperiksa. Terdapatnya ganglion dalam sp"
P080-011,penyakit-hirschprung,080_PNPK_2017_Tata_Laksana_Penyakit_Hirschprung.pdf,14,investigation,1,,NOT_CLINICALLY_VERIFIED,"Biopsi Seluruh Tebal Dinding Rektum Diagnosis patologi-anatomik penyakit hirschsprung dilakukan melalui prosedur biopsi yang dilaporkan oleh Swenson pada tahun 1955 dengan eksisi seluruh tebal dinding muskulus rektum, sehingga pleksus mienterik dapat diperiksa"
P080-012,penyakit-hirschprung,080_PNPK_2017_Tata_Laksana_Penyakit_Hirschprung.pdf,15,diagnosis,1,,NOT_CLINICALLY_VERIFIED,"Diagnosis ditegakkan bila tidak ditemukan sel ganglion meissner dan ditemukan penebalan serabut saraf dimana dilaporkan bahwa akurasi pemeriksaan ini 100%. Peneliti lain melaporkan pengalaman mereka dengan teknik ini pada 302 pasien berumur kurang dari 1 tahun yang menghasilkan akurasi 100% juga, tidak terdapat positif ataupun negatif semu, dan 69 di antaranya merupakan penyandang penyakit hirschsprung"
P080-013,penyakit-hirschprung,080_PNPK_2017_Tata_Laksana_Penyakit_Hirschprung.pdf,18,differential,1,,NOT_CLINICALLY_VERIFIED,"Diagnosa Banding 1. Pada Neonatus a. Atresia Ileum Pada atresia ileum abdomen mengalami distensi mirip penyakit hirschsprung. Mekonium pada umumnya tidak keluar spontan, karena mekonium terperangkap di dalam ileum di distal atresia dan di kolon. Bila mekonium diusahakan keluar dengan irigasi, mekonium yang keluar jumla"
P080-015,penyakit-hirschprung,080_PNPK_2017_Tata_Laksana_Penyakit_Hirschprung.pdf,21,diagnosis,1,,NOT_CLINICALLY_VERIFIED,"Prosedur operasi 1 tahap memungkinkan jika diagnosis dapat ditegakkan lebih awal sebelum terjadi dilatasi kolon pada hirschsprung’s disease short segment, sedangkan untuk penyakit hirschsprung long segment dan total kolon aganglionosis sebaiknya dilakukan dalam 2 tahap. a"
